"Date","TreeName","Segment","Genus","Species","DBHTot","LandUse","SiteType","PercImperv","Street","Sidewalk","Powerline","Mulch","MulchVolcano","TreeGuard","GatorBag","Pruned","HatrackPrune","FlushCutPrune","TearBarkPrune","Gardenscape","Mowing","VegDescription","RootsVis","FungalConch","RdSiLift","RdSiCrack","BroDeadBranch","TrunkDam","LeafCurl","Discoloration","Defoliation","Dieback","CrownVigor","Transparency","CrownLightExposure","Dead","Missing","Year"
"5/21/2022","S-O18-CECA-009","O18","Cercis","canadensis",2.2,"INST","SP",3,FALSE,TRUE,FALSE,TRUE,FALSE,TRUE,FALSE,FALSE,FALSE,FALSE,FALSE,"None",NA,"Lush",FALSE,FALSE,FALSE,FALSE,FALSE,FALSE,NA,2,2,1,2,35,5,NA,"5/21/2022",2022
"7/22/2022","S-Q21-ACRU-069","Q21","Acer","rubrum",6.6,"COMM","SC",5,TRUE,TRUE,FALSE,FALSE,FALSE,FALSE,FALSE,FALSE,FALSE,FALSE,FALSE,"None",NA,"None",FALSE,FALSE,TRUE,FALSE,TRUE,FALSE,NA,2,1,10,3,55,5,NA,"7/22/2022",2022
"7/30/2022","S-P21-LAUN-001","P21","Lagerstroemia","unknown",1.45,"COMM","SP",4,TRUE,TRUE,FALSE,TRUE,FALSE,TRUE,FALSE,FALSE,FALSE,FALSE,FALSE,"None",NA,"Lush",FALSE,FALSE,FALSE,FALSE,FALSE,FALSE,NA,1,1,2,1,45,5,NA,"7/30/2022",2022
"8/3/2022","S-U21-PYCA-018","U21","Pyrus","calleryana",19.5,"SFR-D","FY",2,TRUE,FALSE,FALSE,FALSE,FALSE,FALSE,FALSE,FALSE,TRUE,FALSE,TRUE,"None",NA,"Lush",TRUE,FALSE,FALSE,TRUE,FALSE,FALSE,NA,2,1,1,1,5,4,NA,"8/3/2022",2022
"6/4/2022","S-O18-QUPH-037","O18","Quercus","phellos",16.9,"INST","OM",NA,FALSE,TRUE,FALSE,FALSE,NA,FALSE,FALSE,FALSE,NA,NA,NA,NA,NA,NA,NA,FALSE,NA,NA,FALSE,FALSE,NA,2,NA,2,3,35,4,NA,"6/4/2022",2022
"5/25/2022","S-O18-QUPH-032","O18","Quercus","phellos",30.7,"INST","OM",NA,FALSE,TRUE,FALSE,FALSE,NA,FALSE,FALSE,FALSE,NA,NA,NA,NA,NA,NA,NA,TRUE,NA,NA,FALSE,FALSE,NA,4,NA,4,4,45,3,NA,"5/25/2022",2022
"7/27/2022","S-O21-ACBU-055","O21","Acer","buergeranum",8.4,"SFR-D","SC",3,TRUE,TRUE,TRUE,FALSE,FALSE,FALSE,FALSE,FALSE,TRUE,FALSE,FALSE,"None",NA,"None",TRUE,FALSE,FALSE,TRUE,FALSE,FALSE,NA,2,1,1,1,15,5,NA,"7/27/2022",2022
"5/21/2022","S-O18-CECA-019","O18","Cercis","canadensis",1.55,"INST","SP",3,TRUE,TRUE,FALSE,TRUE,TRUE,TRUE,FALSE,FALSE,TRUE,FALSE,FALSE,"None",NA,"Lush",FALSE,FALSE,FALSE,FALSE,FALSE,FALSE,NA,2,2,1,2,45,5,NA,"5/21/2022",2022
"7/22/2022","S-Q21-ZESE-065","Q21","Zelkova","serrata",12.05,"COMM","SC",5,TRUE,TRUE,FALSE,TRUE,FALSE,FALSE,FALSE,FALSE,FALSE,FALSE,FALSE,"None",NA,"None",FALSE,TRUE,FALSE,FALSE,FALSE,FALSE,NA,1,1,1,1,35,4,NA,"7/22/2022",2022
"7/22/2022","S-Q21-GYDI-042","Q21","Gymnocladus","dioicus",9.5,"COMM","SP",5,TRUE,FALSE,FALSE,TRUE,FALSE,FALSE,FALSE,FALSE,FALSE,FALSE,FALSE,"Moderate",NA,"None",FALSE,TRUE,FALSE,FALSE,FALSE,FALSE,NA,2,1,1,2,35,5,NA,"7/22/2022",2022
"7/27/2022","S-O21-QUPH-037","O21","Quercus","phellos",35,"SFR-D","SP",3,TRUE,TRUE,TRUE,FALSE,FALSE,FALSE,FALSE,FALSE,TRUE,FALSE,FALSE,"None",NA,"None",TRUE,TRUE,TRUE,TRUE,FALSE,FALSE,NA,2,1,1,2,45,5,NA,"7/27/2022",2022
"7/30/2022","S-P21-ULUN-020","P21","Ulmus","unknown",1.4,"SFR-D","SP",3,TRUE,TRUE,FALSE,FALSE,FALSE,TRUE,TRUE,FALSE,FALSE,FALSE,FALSE,"None",NA,"Lush",FALSE,FALSE,FALSE,FALSE,FALSE,FALSE,NA,2,1,5,2,75,5,NA,"7/30/2022",2022
"5/21/2022","S-O18-CECA-013","O18","Cercis","canadensis",1.6,"INST","SP",4,FALSE,TRUE,FALSE,TRUE,TRUE,TRUE,FALSE,FALSE,TRUE,FALSE,FALSE,"None",NA,"Lush",FALSE,FALSE,FALSE,FALSE,FALSE,FALSE,NA,2,2,1,2,15,5,NA,"5/21/2022",2022
"7/30/2022","S-P21-ACPL-065","P21","Acer","platanoides",0.88,"SFR-D","SP",4,TRUE,TRUE,FALSE,TRUE,FALSE,TRUE,FALSE,FALSE,FALSE,FALSE,FALSE,"None",NA,"None",FALSE,TRUE,FALSE,FALSE,FALSE,FALSE,NA,2,2,1,2,35,4,NA,"7/30/2022",2022
"7/28/2022","S-O21-ACSA-058","O21","Acer","saccharum",16,"SFR-D","SP",NA,TRUE,TRUE,TRUE,TRUE,NA,FALSE,FALSE,FALSE,NA,NA,NA,NA,NA,NA,NA,TRUE,NA,NA,TRUE,FALSE,NA,1,1,2,2,45,5,NA,"7/28/2022",2022
"7/27/2022","S-O21-ACBU-053","O21","Acer","buergeranum",6.2,"SFR-D","SC",2,TRUE,TRUE,TRUE,TRUE,FALSE,FALSE,FALSE,FALSE,TRUE,FALSE,FALSE,"Extensive",NA,"None",FALSE,FALSE,FALSE,FALSE,FALSE,FALSE,NA,1,1,1,1,25,4,NA,"7/27/2022",2022
"7/28/2022","S-O21-QUVI-112","O21","Quercus","virginiana",35,"SFR-D","FY",2,TRUE,FALSE,TRUE,FALSE,FALSE,FALSE,FALSE,FALSE,TRUE,FALSE,FALSE,"None",NA,"Shrubs or herbaceous non-grass species",TRUE,TRUE,TRUE,TRUE,TRUE,FALSE,NA,1,1,2,2,25,5,NA,"7/28/2022",2022
"7/20/2022","S-Q21-CACA-014","Q21","Carpinus","caroliniana",0.65,"INST","SP",NA,TRUE,TRUE,FALSE,TRUE,NA,TRUE,TRUE,FALSE,NA,NA,NA,NA,NA,NA,NA,FALSE,NA,NA,FALSE,FALSE,NA,NA,NA,21,5,0,NA,NA,"7/20/2022",2022
"7/22/2022","S-Q21-ACTR-060","Q21","Acer","truncatum",3.9,"COMM","SC",5,TRUE,TRUE,FALSE,TRUE,FALSE,FALSE,FALSE,FALSE,FALSE,FALSE,FALSE,"None",NA,"None",FALSE,FALSE,FALSE,FALSE,FALSE,FALSE,NA,2,1,1,1,15,4,NA,"7/22/2022",2022
"7/28/2022","S-R21-CACA-008","R21","Carpinus","caroliniana",0.7,"SFR-D","FY",3,TRUE,FALSE,FALSE,FALSE,FALSE,TRUE,TRUE,FALSE,TRUE,FALSE,FALSE,"None",NA,"Lush",FALSE,TRUE,FALSE,FALSE,FALSE,FALSE,NA,1,2,5,3,65,5,NA,"7/28/2022",2022
"7/22/2022","S-Q21-GYDI-037","Q21","Gymnocladus","dioicus",4.2,"COMM","SP",5,TRUE,FALSE,FALSE,TRUE,FALSE,FALSE,FALSE,FALSE,FALSE,FALSE,FALSE,"Moderate",NA,"None",FALSE,FALSE,FALSE,FALSE,FALSE,FALSE,NA,2,1,1,1,45,5,NA,"7/22/2022",2022
"7/27/2022","S-O21-QUVI-052","O21","Quercus","virginiana",23.9,"SFR-D","SC",2,TRUE,TRUE,TRUE,TRUE,FALSE,FALSE,FALSE,FALSE,FALSE,FALSE,FALSE,"Moderate",NA,"None",TRUE,FALSE,FALSE,TRUE,FALSE,FALSE,NA,1,1,2,1,35,5,NA,"7/27/2022",2022
"7/30/2022","S-P21-ULAM-038","P21","Ulmus","americana",1.4,"COMM","SP",5,TRUE,TRUE,FALSE,TRUE,FALSE,TRUE,TRUE,FALSE,FALSE,FALSE,FALSE,"None",NA,"Lush",FALSE,FALSE,FALSE,FALSE,FALSE,FALSE,NA,2,1,4,2,65,5,NA,"7/30/2022",2022
"7/20/2022","S-Q21-ACRU-028","Q21","Acer","rubrum",5.9,"COMM","OM",3,TRUE,FALSE,FALSE,TRUE,TRUE,FALSE,FALSE,FALSE,FALSE,FALSE,FALSE,"None",NA,"Patchy but green",FALSE,TRUE,FALSE,FALSE,FALSE,FALSE,NA,2,1,6,3,45,5,NA,"7/20/2022",2022
"5/25/2022","S-O18-QUPH-033","O18","Quercus","phellos",22.4,"INST","OM",NA,FALSE,TRUE,FALSE,FALSE,NA,FALSE,FALSE,FALSE,NA,NA,NA,NA,NA,NA,NA,FALSE,NA,NA,FALSE,FALSE,NA,3,NA,1,3,25,4,NA,"5/25/2022",2022
"6/4/2022","S-O18-QUPH-036","O18","Quercus","phellos",43.7,"INST","OM",NA,FALSE,TRUE,FALSE,FALSE,NA,FALSE,FALSE,TRUE,NA,NA,NA,NA,NA,NA,NA,TRUE,NA,NA,TRUE,FALSE,NA,1,1,2,2,45,4,NA,"6/4/2022",2022
"7/20/2022","S-Q21-ACRU-025","Q21","Acer","rubrum",4.7,"COMM","OM",3,TRUE,FALSE,FALSE,TRUE,TRUE,FALSE,FALSE,FALSE,FALSE,FALSE,FALSE,"None",NA,"Patchy but green",FALSE,TRUE,FALSE,FALSE,TRUE,FALSE,NA,2,1,4,3,55,5,NA,"7/20/2022",2022
"8/3/2022","S-S22-QUVI-013","S22","Quercus","virginiana",36.6,"SFR-D","FY",4,TRUE,FALSE,FALSE,FALSE,FALSE,FALSE,FALSE,FALSE,TRUE,FALSE,FALSE,"None",NA,"Lush",TRUE,TRUE,TRUE,FALSE,FALSE,FALSE,NA,1,1,3,2,45,5,NA,"8/3/2022",2022
"8/4/2022","S-T18-LIST-015","T18","Liquidambar","styraciflua",11.9,"SFR-D","SY",3,TRUE,FALSE,FALSE,TRUE,FALSE,FALSE,FALSE,FALSE,FALSE,FALSE,FALSE,"None",NA,"None",FALSE,TRUE,FALSE,FALSE,TRUE,FALSE,NA,1,1,2,2,45,2,NA,"8/4/2022",2022
"7/29/2022","S-R21-BENI-023","R21","Betula","nigra",1.2,"SFR-D","FY",2,TRUE,FALSE,TRUE,FALSE,FALSE,TRUE,TRUE,FALSE,TRUE,FALSE,FALSE,"None",NA,"Lush",FALSE,FALSE,FALSE,FALSE,FALSE,FALSE,NA,1,1,7,3,65,4,NA,"7/29/2022",2022
"7/29/2022","S-R21-ULAM-017","R21","Ulmus","americana",1.25,"SFR-D","SP",2,TRUE,FALSE,FALSE,FALSE,FALSE,TRUE,FALSE,FALSE,FALSE,FALSE,FALSE,"None",NA,"Lush",FALSE,FALSE,FALSE,FALSE,FALSE,FALSE,NA,2,2,1,2,45,5,NA,"7/29/2022",2022
"7/27/2022","S-O21-PRYE-042","O21","Prunus","yedoensis",1.1,"SFR-D","SP",NA,TRUE,TRUE,TRUE,TRUE,NA,TRUE,TRUE,FALSE,NA,NA,NA,NA,NA,NA,NA,FALSE,NA,NA,FALSE,FALSE,NA,NA,NA,21,5,95,NA,NA,"7/27/2022",2022
"7/30/2022","S-P21-CECA-048","P21","Cercis","canadensis",1,"AG","SP",1,TRUE,TRUE,FALSE,TRUE,FALSE,FALSE,FALSE,FALSE,TRUE,FALSE,FALSE,"None",NA,"Dry/brown",FALSE,FALSE,FALSE,FALSE,FALSE,FALSE,NA,5,2,4,4,55,4,NA,"7/30/2022",2022
"7/30/2022","S-P21-LAUN-003","P21","Lagerstroemia","unknown",1.6,"COMM","SP",5,TRUE,TRUE,FALSE,TRUE,FALSE,TRUE,FALSE,FALSE,FALSE,FALSE,FALSE,"None",NA,"Lush",FALSE,FALSE,FALSE,FALSE,FALSE,FALSE,NA,1,2,1,1,45,5,NA,"7/30/2022",2022
"8/3/2022","S-S22-QUVI-007","S22","Quercus","virginiana",37.1,"SFR-D","FY",4,TRUE,FALSE,TRUE,FALSE,FALSE,FALSE,FALSE,FALSE,FALSE,FALSE,FALSE,"None",NA,"None",TRUE,FALSE,TRUE,TRUE,FALSE,FALSE,NA,1,1,2,1,35,4,NA,"8/3/2022",2022
"8/4/2022","S-M19-NYSY-017","M19","Nyssa","sylvatica",16.1,"SFR-D","FY",4,TRUE,FALSE,TRUE,FALSE,FALSE,FALSE,FALSE,FALSE,FALSE,FALSE,FALSE,"None",NA,"Lush",FALSE,TRUE,FALSE,FALSE,TRUE,FALSE,NA,2,1,2,2,35,2,NA,"8/4/2022",2022
"7/22/2022","S-Q21-ACRU-068","Q21","Acer","rubrum",7.6,"COMM","SC",5,TRUE,TRUE,FALSE,FALSE,FALSE,FALSE,FALSE,FALSE,FALSE,FALSE,FALSE,"None",NA,"None",FALSE,FALSE,TRUE,FALSE,FALSE,FALSE,NA,2,1,8,3,45,4,NA,"7/22/2022",2022
"5/20/2022","S-O18-CECA-002","O18","Cercis","canadensis",1.35,"INST","OM",3,FALSE,TRUE,FALSE,TRUE,TRUE,TRUE,FALSE,FALSE,FALSE,FALSE,FALSE,"None",NA,"Lush",FALSE,FALSE,FALSE,FALSE,FALSE,FALSE,NA,4,3,7,3,45,5,NA,"5/20/2022",2022
"7/20/2022","S-Q21-CACA-015","Q21","Carpinus","caroliniana",0.6,"INST","SP",NA,TRUE,TRUE,FALSE,TRUE,NA,TRUE,TRUE,FALSE,NA,NA,NA,NA,NA,NA,NA,FALSE,NA,NA,FALSE,FALSE,NA,NA,NA,21,5,0,NA,NA,"7/20/2022",2022
"8/4/2022","S-M19-NYSY-008","M19","Nyssa","sylvatica",16.4,"SFR-D","SP",3,TRUE,FALSE,TRUE,FALSE,FALSE,FALSE,FALSE,FALSE,FALSE,FALSE,FALSE,"None",NA,"Lush",TRUE,TRUE,TRUE,FALSE,TRUE,FALSE,NA,2,2,1,2,25,3,NA,"8/4/2022",2022
"7/20/2022","S-Q21-ACRU-031","Q21","Acer","rubrum",8.4,"COMM","OM",3,TRUE,FALSE,FALSE,TRUE,TRUE,FALSE,FALSE,FALSE,FALSE,FALSE,FALSE,"None",NA,"Patchy but green",TRUE,FALSE,FALSE,FALSE,TRUE,FALSE,NA,2,1,1,1,35,4,NA,"7/20/2022",2022
"7/22/2022","S-Q21-ULPA-046","Q21","Ulmus","parvifolia",11.7,"COMM","SP",5,TRUE,FALSE,FALSE,TRUE,FALSE,FALSE,FALSE,FALSE,FALSE,FALSE,FALSE,"Moderate",NA,"None",FALSE,FALSE,FALSE,FALSE,TRUE,FALSE,NA,1,1,1,1,15,4,NA,"7/22/2022",2022
"7/30/2022","S-P21-LAUN-043","P21","Lagerstroemia","unknown",1.5,"V","SP",5,TRUE,TRUE,FALSE,TRUE,FALSE,TRUE,TRUE,FALSE,FALSE,FALSE,FALSE,"None",NA,"Dry/brown",FALSE,FALSE,FALSE,FALSE,TRUE,FALSE,NA,2,2,2,2,45,5,NA,"7/30/2022",2022
"7/27/2022","S-O21-PRPE-024","O21","Prunus","persica",1.45,"SFR-D","SC",2,TRUE,TRUE,FALSE,TRUE,FALSE,FALSE,FALSE,FALSE,FALSE,FALSE,FALSE,"Extensive",NA,"None",FALSE,FALSE,FALSE,FALSE,FALSE,FALSE,NA,1,1,1,1,35,5,NA,"7/27/2022",2022
"7/30/2022","S-P21-LAUN-008","P21","Lagerstroemia","unknown",1.6,"COMM","SP",5,TRUE,TRUE,FALSE,TRUE,FALSE,TRUE,TRUE,TRUE,FALSE,FALSE,FALSE,"None",NA,"Lush",FALSE,FALSE,FALSE,FALSE,FALSE,FALSE,NA,2,2,2,1,45,5,NA,"7/30/2022",2022
"6/4/2022","S-O18-QUPH-050","O18","Quercus","phellos",12.3,"INST","SP",NA,TRUE,TRUE,TRUE,TRUE,NA,FALSE,FALSE,FALSE,NA,NA,NA,NA,NA,NA,NA,TRUE,NA,NA,FALSE,FALSE,NA,3,1,2,3,45,3,NA,"6/4/2022",2022
"7/29/2022","S-R21-CACA-038","R21","Carpinus","caroliniana",0.75,"INST","OM",3,TRUE,FALSE,FALSE,FALSE,FALSE,TRUE,TRUE,FALSE,TRUE,FALSE,FALSE,"None",NA,"Lush",FALSE,FALSE,FALSE,FALSE,TRUE,FALSE,NA,2,2,3,2,55,5,NA,"7/29/2022",2022
"7/22/2022","S-Q21-ACRU-059","Q21","Acer","rubrum",9.8,"COMM","SC",5,TRUE,TRUE,FALSE,TRUE,FALSE,FALSE,FALSE,FALSE,FALSE,FALSE,FALSE,"None",NA,"None",TRUE,FALSE,FALSE,FALSE,TRUE,FALSE,NA,2,1,3,2,35,5,NA,"7/22/2022",2022
"7/22/2022","S-Q21-ZESE-062","Q21","Zelkova","serrata",10.35,"COMM","SC",5,TRUE,TRUE,FALSE,TRUE,FALSE,FALSE,FALSE,FALSE,TRUE,FALSE,FALSE,"None",NA,"None",FALSE,FALSE,TRUE,FALSE,TRUE,FALSE,NA,1,1,3,1,35,3,NA,"7/22/2022",2022
"7/28/2022","S-O21-PRYE-057","O21","Prunus","yedoensis",1.38,"SFR-D","SC",2,TRUE,TRUE,FALSE,FALSE,FALSE,TRUE,FALSE,FALSE,FALSE,FALSE,FALSE,"Minimal",NA,"Lush",TRUE,FALSE,FALSE,FALSE,TRUE,FALSE,NA,1,2,1,1,35,5,NA,"7/28/2022",2022
"7/22/2022","S-Q21-GYDI-043","Q21","Gymnocladus","dioicus",4.6,"COMM","SP",5,TRUE,FALSE,FALSE,TRUE,FALSE,FALSE,FALSE,FALSE,FALSE,FALSE,FALSE,"Moderate",NA,"None",FALSE,FALSE,FALSE,FALSE,FALSE,FALSE,NA,2,1,1,1,35,5,NA,"7/22/2022",2022
"7/23/2022","S-U16-LAIN-005","U16","Lagerstroemia","indica",28.65,"SFR-D","M",4,TRUE,FALSE,FALSE,FALSE,FALSE,FALSE,FALSE,FALSE,FALSE,FALSE,FALSE,"Minimal",NA,"Lush",TRUE,FALSE,FALSE,FALSE,FALSE,FALSE,NA,2,1,2,2,35,5,NA,"7/23/2022",2022
"5/21/2022","S-O18-CECA-016","O18","Cercis","canadensis",1.8,"INST","SP",4,TRUE,TRUE,FALSE,TRUE,FALSE,TRUE,FALSE,FALSE,FALSE,FALSE,FALSE,"None",NA,"Lush",FALSE,FALSE,FALSE,FALSE,FALSE,FALSE,NA,2,2,1,2,55,5,NA,"5/21/2022",2022
"7/22/2022","S-Q21-ACRU-071","Q21","Acer","rubrum",8.5,"COMM","SC",5,TRUE,TRUE,FALSE,TRUE,FALSE,FALSE,FALSE,FALSE,FALSE,FALSE,FALSE,"None",NA,"None",TRUE,FALSE,FALSE,FALSE,FALSE,FALSE,NA,2,1,2,2,25,2,NA,"7/22/2022",2022
"6/4/2022","S-O18-QUPH-054","O18","Quercus","phellos",14.8,"INST","SP",NA,TRUE,TRUE,TRUE,TRUE,NA,FALSE,FALSE,FALSE,NA,NA,NA,NA,NA,NA,NA,FALSE,NA,NA,FALSE,FALSE,NA,4,1,1,4,35,4,NA,"6/4/2022",2022
"7/27/2022","S-O21-ACBU-041","O21","Acer","buergeranum",1.5,"SFR-D","SC",2,TRUE,TRUE,TRUE,TRUE,FALSE,TRUE,FALSE,FALSE,FALSE,FALSE,FALSE,"None",NA,"Lush",FALSE,FALSE,FALSE,FALSE,FALSE,FALSE,NA,1,1,1,1,45,5,NA,"7/27/2022",2022
"7/30/2022","S-P21-LAUN-004","P21","Lagerstroemia","unknown",2.5,"COMM","SP",5,TRUE,TRUE,FALSE,TRUE,FALSE,TRUE,TRUE,FALSE,FALSE,FALSE,FALSE,"None",NA,"Patchy but green",FALSE,FALSE,FALSE,FALSE,FALSE,FALSE,NA,2,2,2,1,45,5,NA,"7/30/2022",2022
"7/22/2022","S-Q21-ACXF-051","Q21","Acer","x freemanii",6.5,"COMM","SP",5,TRUE,FALSE,FALSE,TRUE,FALSE,FALSE,FALSE,FALSE,FALSE,FALSE,FALSE,"Moderate",NA,"None",FALSE,TRUE,FALSE,FALSE,TRUE,FALSE,NA,2,2,5,3,45,5,NA,"7/22/2022",2022
"5/25/2022","S-O18-PRUN-024","O18","Prunus","unknown",10.1,"INST","PB",NA,TRUE,TRUE,FALSE,TRUE,NA,FALSE,FALSE,FALSE,NA,NA,NA,NA,NA,NA,NA,FALSE,NA,NA,FALSE,FALSE,NA,2,1,6,2,35,2,NA,"5/25/2022",2022
"7/28/2022","S-O21-QUPH-107","O21","Quercus","phellos",42.5,"SFR-D","FY",2,TRUE,FALSE,TRUE,FALSE,FALSE,FALSE,FALSE,FALSE,FALSE,FALSE,FALSE,"None",NA,"Patchy but green",TRUE,TRUE,TRUE,TRUE,TRUE,FALSE,NA,1,1,3,2,45,5,NA,"7/28/2022",2022
"7/20/2022","S-Q21-ULAM-007","Q21","Ulmus","americana",4.4,"TR","OM",3,FALSE,TRUE,TRUE,TRUE,TRUE,TRUE,TRUE,FALSE,FALSE,FALSE,FALSE,"None",NA,"Lush",FALSE,FALSE,FALSE,FALSE,FALSE,FALSE,NA,1,2,1,1,15,5,NA,"7/20/2022",2022
"7/20/2022","S-Q21-ACRU-022","Q21","Acer","rubrum",5.3,"COMM","OM",3,TRUE,FALSE,FALSE,TRUE,TRUE,FALSE,FALSE,FALSE,FALSE,FALSE,FALSE,"None",NA,"Patchy but green",FALSE,TRUE,FALSE,FALSE,TRUE,FALSE,NA,2,1,6,3,45,5,NA,"7/20/2022",2022
"8/4/2022","S-M19-QUCO-031","M19","Quercus","coccinea",20.6,"MFR","SP",5,TRUE,TRUE,FALSE,TRUE,FALSE,FALSE,FALSE,FALSE,TRUE,FALSE,FALSE,"None",NA,"Patchy but green",TRUE,TRUE,TRUE,FALSE,FALSE,FALSE,NA,2,2,3,2,35,4,NA,"8/4/2022",2022
"8/4/2022","S-M19-NYSY-006","M19","Nyssa","sylvatica",15.4,"SFR-D","SP",3,TRUE,FALSE,TRUE,FALSE,FALSE,FALSE,FALSE,FALSE,FALSE,FALSE,FALSE,"Minimal",NA,"Lush",TRUE,TRUE,FALSE,FALSE,FALSE,FALSE,NA,2,2,1,2,25,4,NA,"8/4/2022",2022
"7/22/2022","S-Q21-GYDI-039","Q21","Gymnocladus","dioicus",6.1,"COMM","SP",5,TRUE,FALSE,FALSE,TRUE,FALSE,FALSE,FALSE,FALSE,FALSE,FALSE,FALSE,"Moderate",NA,"None",FALSE,FALSE,FALSE,FALSE,FALSE,FALSE,NA,1,1,1,1,45,5,NA,"7/22/2022",2022
"7/27/2022","S-O21-ACRU-021","O21","Acer","rubrum",18.3,"SFR-D","SC",2,TRUE,TRUE,FALSE,FALSE,FALSE,FALSE,FALSE,FALSE,FALSE,FALSE,FALSE,"None",NA,"Lush",TRUE,TRUE,FALSE,FALSE,TRUE,FALSE,NA,2,1,5,3,65,4,NA,"7/27/2022",2022
"7/30/2022","S-P21-CECA-052","P21","Cercis","canadensis",1.05,"SFR-D","SP",4,TRUE,TRUE,FALSE,FALSE,FALSE,TRUE,FALSE,FALSE,FALSE,FALSE,FALSE,"None",NA,"Dry/brown",FALSE,FALSE,FALSE,FALSE,TRUE,FALSE,NA,4,2,2,3,45,5,NA,"7/30/2022",2022
"7/23/2022","S-U16-ULAL-016","U16","Ulmus","alata",19.15,"SFR-D","M",4,TRUE,FALSE,FALSE,FALSE,FALSE,FALSE,FALSE,FALSE,TRUE,FALSE,FALSE,"Minimal",NA,"Lush",TRUE,TRUE,FALSE,FALSE,FALSE,FALSE,NA,2,1,10,3,75,4,NA,"7/23/2022",2022
"7/22/2022","S-Q21-ZESE-066","Q21","Zelkova","serrata",8.4,"COMM","SC",5,TRUE,TRUE,FALSE,TRUE,FALSE,FALSE,FALSE,FALSE,FALSE,FALSE,FALSE,"None",NA,"None",FALSE,TRUE,TRUE,FALSE,FALSE,FALSE,NA,2,1,7,3,45,4,NA,"7/22/2022",2022
"5/21/2022","S-O18-CECA-012","O18","Cercis","canadensis",1.7,"INST","OM",4,FALSE,TRUE,FALSE,TRUE,TRUE,TRUE,FALSE,FALSE,TRUE,FALSE,FALSE,"None",NA,"Lush",FALSE,FALSE,FALSE,FALSE,FALSE,FALSE,NA,2,3,1,3,45,5,NA,"5/21/2022",2022
"7/22/2022","S-Q21-GYDI-045","Q21","Gymnocladus","dioicus",3,"COMM","SP",4,TRUE,FALSE,FALSE,TRUE,FALSE,FALSE,FALSE,FALSE,FALSE,FALSE,FALSE,"Moderate",NA,"None",FALSE,FALSE,FALSE,FALSE,FALSE,FALSE,NA,2,1,1,2,55,5,NA,"7/22/2022",2022
"7/27/2022","S-O21-PRUN-026","O21","Prunus","unknown",1,"SFR-D","SP",NA,TRUE,TRUE,FALSE,FALSE,NA,FALSE,FALSE,FALSE,NA,NA,NA,NA,NA,NA,NA,FALSE,NA,NA,FALSE,FALSE,NA,1,2,1,1,45,5,NA,"7/27/2022",2022
"7/30/2022","S-P21-ULUN-019","P21","Ulmus","unknown",1.6,"SFR-D","SP",3,TRUE,TRUE,FALSE,TRUE,FALSE,TRUE,TRUE,FALSE,TRUE,FALSE,FALSE,"None",NA,"Lush",FALSE,TRUE,FALSE,FALSE,FALSE,FALSE,NA,2,1,5,2,65,5,NA,"7/30/2022",2022
"7/22/2022","S-Q21-GYDI-041","Q21","Gymnocladus","dioicus",4.25,"COMM","SP",5,TRUE,FALSE,FALSE,TRUE,FALSE,FALSE,FALSE,FALSE,FALSE,FALSE,FALSE,"Moderate",NA,"None",FALSE,FALSE,FALSE,FALSE,FALSE,FALSE,NA,2,1,1,1,45,5,NA,"7/22/2022",2022
"7/30/2022","S-P21-ACPL-063","P21","Acer","platanoides",1,"INST","SP",4,TRUE,TRUE,FALSE,TRUE,FALSE,TRUE,FALSE,FALSE,FALSE,FALSE,FALSE,"None",NA,"Lush",FALSE,FALSE,FALSE,FALSE,FALSE,FALSE,NA,1,1,1,2,35,5,NA,"7/30/2022",2022
"7/22/2022","S-Q21-ULPA-075","Q21","Ulmus","parvifolia",4.5,"COMM","SC",5,TRUE,TRUE,FALSE,FALSE,FALSE,FALSE,FALSE,FALSE,FALSE,FALSE,FALSE,"None",NA,"None",FALSE,TRUE,FALSE,FALSE,TRUE,FALSE,NA,2,1,1,2,45,3,NA,"7/22/2022",2022
"7/23/2022","S-U16-LAUN-001","U16","Lagerstroemia","unknown",6.15,"SFR-D","FY",NA,TRUE,FALSE,FALSE,FALSE,NA,FALSE,FALSE,FALSE,NA,NA,NA,NA,NA,NA,NA,FALSE,NA,NA,FALSE,FALSE,NA,1,1,2,1,55,5,NA,"7/23/2022",2022
"7/20/2022","S-Q21-ACRU-021","Q21","Acer","rubrum",5.6,"COMM","OM",3,TRUE,FALSE,FALSE,TRUE,TRUE,FALSE,FALSE,FALSE,TRUE,FALSE,FALSE,"None",NA,"Patchy but green",FALSE,TRUE,FALSE,FALSE,TRUE,FALSE,NA,2,1,6,3,55,5,NA,"7/20/2022",2022
"7/22/2022","S-Q21-GYDI-055","Q21","Gymnocladus","dioicus",3,"COMM","OM",NA,TRUE,FALSE,FALSE,TRUE,NA,FALSE,FALSE,FALSE,NA,NA,NA,NA,NA,NA,NA,TRUE,NA,NA,FALSE,FALSE,NA,3,2,12,4,65,4,NA,"7/22/2022",2022
"7/29/2022","S-R21-ACSA-019","R21","Acer","saccharum",0.75,"V","NAT",2,TRUE,FALSE,FALSE,TRUE,FALSE,FALSE,FALSE,FALSE,TRUE,FALSE,FALSE,"None",NA,"Lush",FALSE,FALSE,FALSE,FALSE,FALSE,FALSE,NA,2,2,2,2,35,3,NA,"7/29/2022",2022
"7/20/2022","S-Q21-ACRU-029","Q21","Acer","rubrum",5.35,"COMM","OM",3,TRUE,FALSE,FALSE,TRUE,TRUE,FALSE,FALSE,FALSE,FALSE,FALSE,FALSE,"None",NA,"Patchy but green",FALSE,FALSE,FALSE,FALSE,TRUE,FALSE,NA,2,1,2,1,35,4,NA,"7/20/2022",2022
"7/30/2022","S-P21-ZESE-030","P21","Zelkova","serrata",1.2,"INST","SP",NA,TRUE,TRUE,FALSE,TRUE,NA,TRUE,TRUE,FALSE,NA,NA,NA,NA,NA,NA,NA,FALSE,NA,NA,FALSE,FALSE,NA,NA,NA,21,5,95,NA,NA,"7/30/2022",2022
"7/20/2022","S-Q21-ACRU-017","Q21","Acer","rubrum",5.1,"COMM","OM",3,TRUE,TRUE,TRUE,TRUE,TRUE,FALSE,FALSE,FALSE,FALSE,FALSE,FALSE,"None",NA,"Patchy but green",FALSE,TRUE,FALSE,FALSE,TRUE,FALSE,NA,1,1,5,2,45,5,NA,"7/20/2022",2022
"7/28/2022","S-O21-MAVI-071","O21","Magnolia","virginiana",1.4,"INST","SC",5,TRUE,TRUE,FALSE,TRUE,FALSE,TRUE,FALSE,FALSE,TRUE,FALSE,FALSE,"None",NA,"Lush",FALSE,FALSE,FALSE,FALSE,FALSE,FALSE,NA,2,1,3,2,55,5,NA,"7/28/2022",2022
"7/28/2022","S-O21-MAVI-070","O21","Magnolia","virginiana",1,"INST","SC",5,TRUE,TRUE,FALSE,TRUE,FALSE,TRUE,FALSE,FALSE,TRUE,FALSE,TRUE,"None",NA,"Lush",FALSE,FALSE,FALSE,FALSE,FALSE,FALSE,NA,1,1,2,1,55,5,NA,"7/28/2022",2022
"7/27/2022","S-O21-QUPH-018","O21","Quercus","phellos",22.7,"SFR-D","FY",NA,TRUE,TRUE,TRUE,FALSE,NA,FALSE,FALSE,FALSE,NA,NA,NA,NA,NA,NA,NA,TRUE,NA,NA,TRUE,FALSE,NA,1,2,1,2,25,3,NA,"7/27/2022",2022
"8/4/2022","S-M19-NYSY-007","M19","Nyssa","sylvatica",12.9,"SFR-D","SP",3,TRUE,FALSE,TRUE,FALSE,FALSE,FALSE,FALSE,FALSE,FALSE,FALSE,FALSE,"Minimal",NA,"Lush",TRUE,TRUE,FALSE,FALSE,FALSE,FALSE,NA,2,2,2,2,35,4,NA,"8/4/2022",2022
"5/21/2022","S-O18-CECA-010","O18","Cercis","canadensis",1.7,"INST","SP",2,FALSE,TRUE,FALSE,TRUE,TRUE,TRUE,FALSE,FALSE,TRUE,FALSE,FALSE,"None",NA,"Lush",FALSE,FALSE,FALSE,FALSE,FALSE,FALSE,NA,1,3,1,3,65,5,NA,"5/21/2022",2022
"7/30/2022","S-P21-GIBI-026","P21","Gingko","biloba",1.5,"INST","SP",3,TRUE,TRUE,FALSE,TRUE,FALSE,TRUE,FALSE,FALSE,TRUE,FALSE,FALSE,"None",NA,"Lush",FALSE,TRUE,FALSE,FALSE,TRUE,FALSE,NA,3,2,7,4,55,5,NA,"7/30/2022",2022
"7/27/2022","S-O21-ACCA-039","O21","Acer","campestre",7.4,"SFR-D","SP",2,TRUE,TRUE,TRUE,FALSE,FALSE,FALSE,FALSE,FALSE,TRUE,FALSE,TRUE,"None",NA,"None",FALSE,FALSE,TRUE,FALSE,FALSE,FALSE,NA,2,1,2,2,45,1,NA,"7/27/2022",2022
"8/4/2022","S-T18-COKO-028","T18","Cornus","kousa",3.47,"SFR-D","FY",3,TRUE,FALSE,TRUE,FALSE,FALSE,FALSE,FALSE,FALSE,TRUE,FALSE,FALSE,"None",NA,"Lush",FALSE,FALSE,FALSE,FALSE,TRUE,FALSE,NA,1,1,1,1,35,4,NA,"8/4/2022",2022
"7/28/2022","S-O21-ASTR-067","O21","Asimina","triloba",0.6,"SFR-D","FY",2,TRUE,TRUE,FALSE,TRUE,FALSE,TRUE,FALSE,FALSE,FALSE,FALSE,FALSE,"None",NA,"Lush",FALSE,FALSE,FALSE,FALSE,TRUE,FALSE,NA,2,2,2,2,45,4,NA,"7/28/2022",2022
"5/21/2022","S-O18-CECA-017","O18","Cercis","canadensis",1.8,"INST","SP",4,TRUE,TRUE,FALSE,TRUE,FALSE,TRUE,FALSE,FALSE,FALSE,FALSE,FALSE,"None",NA,"Lush",FALSE,FALSE,FALSE,FALSE,FALSE,FALSE,NA,2,2,1,1,45,5,NA,"5/21/2022",2022
"7/30/2022","S-P21-ULUN-021","P21","Ulmus","unknown",1.45,"SFR-D","SP",3,TRUE,TRUE,FALSE,FALSE,FALSE,TRUE,TRUE,FALSE,FALSE,FALSE,FALSE,"None",NA,"Lush",FALSE,TRUE,FALSE,FALSE,TRUE,FALSE,NA,2,2,4,2,55,5,NA,"7/30/2022",2022
"7/22/2022","S-Q21-ZESE-067","Q21","Zelkova","serrata",13.5,"COMM","SC",5,TRUE,TRUE,FALSE,TRUE,FALSE,FALSE,FALSE,FALSE,FALSE,FALSE,FALSE,"None",NA,"None",FALSE,FALSE,TRUE,FALSE,FALSE,FALSE,NA,2,1,3,2,45,4,NA,"7/22/2022",2022
"8/4/2022","S-M19-NYSY-014","M19","Nyssa","sylvatica",14.3,"SFR-D","SP",3,TRUE,FALSE,FALSE,FALSE,FALSE,FALSE,FALSE,FALSE,TRUE,FALSE,FALSE,"None",NA,"Patchy but green",FALSE,TRUE,FALSE,FALSE,FALSE,FALSE,NA,2,1,2,2,35,4,NA,"8/4/2022",2022
"7/28/2022","S-R21-CACA-002","R21","Carpinus","caroliniana",1,"SFR-D","SY",3,TRUE,FALSE,FALSE,FALSE,FALSE,TRUE,FALSE,FALSE,FALSE,FALSE,FALSE,"None",NA,"Lush",FALSE,TRUE,FALSE,FALSE,FALSE,FALSE,NA,2,2,1,2,35,4,NA,"7/28/2022",2022
"7/22/2022","S-Q21-GYDI-036","Q21","Gymnocladus","dioicus",3.4,"COMM","SP",5,TRUE,FALSE,FALSE,TRUE,FALSE,FALSE,FALSE,FALSE,FALSE,FALSE,FALSE,"Moderate",NA,"None",FALSE,FALSE,FALSE,FALSE,FALSE,FALSE,NA,1,1,1,1,45,5,NA,"7/22/2022",2022
"5/20/2022","S-O18-CECA-003","O18","Cercis","canadensis",1.7,"INST","OM",3,FALSE,TRUE,FALSE,TRUE,TRUE,TRUE,FALSE,FALSE,FALSE,FALSE,FALSE,"None",NA,"Lush",FALSE,FALSE,FALSE,FALSE,FALSE,FALSE,NA,2,2,1,2,45,5,NA,"5/20/2022",2022
"7/20/2022","S-Q21-ACRU-027","Q21","Acer","rubrum",4.5,"COMM","OM",3,TRUE,FALSE,FALSE,TRUE,TRUE,FALSE,FALSE,FALSE,FALSE,FALSE,FALSE,"None",NA,"Patchy but green",FALSE,TRUE,FALSE,FALSE,TRUE,FALSE,NA,2,1,8,3,55,5,NA,"7/20/2022",2022
"7/27/2022","S-O21-QUMA-036","O21","Quercus","macrocarpa",1.25,"SFR-D","SP",2,TRUE,TRUE,FALSE,FALSE,FALSE,FALSE,FALSE,FALSE,FALSE,FALSE,FALSE,"None",NA,"None",FALSE,FALSE,FALSE,FALSE,TRUE,FALSE,NA,2,2,1,2,45,2,NA,"7/27/2022",2022
"7/30/2022","S-P21-GIBI-027","P21","Gingko","biloba",1.05,"INST","SP",4,TRUE,TRUE,FALSE,TRUE,FALSE,TRUE,TRUE,FALSE,FALSE,FALSE,FALSE,"None",NA,"Lush",TRUE,FALSE,FALSE,FALSE,FALSE,FALSE,NA,2,1,2,2,35,5,NA,"7/30/2022",2022
"6/4/2022","S-O18-QUPH-053","O18","Quercus","phellos",11.2,"INST","SP",NA,TRUE,TRUE,TRUE,TRUE,NA,FALSE,FALSE,FALSE,NA,NA,NA,NA,NA,NA,NA,FALSE,NA,NA,TRUE,FALSE,NA,2,1,1,2,15,4,NA,"6/4/2022",2022
"7/20/2022","S-Q21-ULAM-008","Q21","Ulmus","americana",4.1,"TR","OM",3,FALSE,TRUE,TRUE,FALSE,TRUE,TRUE,TRUE,FALSE,FALSE,FALSE,FALSE,"None",NA,"Lush",FALSE,FALSE,FALSE,FALSE,FALSE,FALSE,NA,2,1,1,1,35,5,NA,"7/20/2022",2022
"7/22/2022","S-Q21-ZESE-063","Q21","Zelkova","serrata",12.7,"COMM","SC",5,TRUE,TRUE,FALSE,TRUE,FALSE,FALSE,FALSE,FALSE,FALSE,FALSE,FALSE,"None",NA,"None",FALSE,TRUE,TRUE,FALSE,FALSE,FALSE,NA,2,1,2,2,35,4,NA,"7/22/2022",2022
"5/25/2022","S-O18-PRUN-028","O18","Prunus","unknown",10.3,"INST","PB",NA,TRUE,FALSE,FALSE,TRUE,NA,FALSE,FALSE,FALSE,NA,NA,NA,NA,NA,NA,NA,FALSE,NA,NA,FALSE,FALSE,NA,2,2,5,2,25,2,NA,"5/25/2022",2022
"7/20/2022","S-Q21-ULAM-005","Q21","Ulmus","americana",4.9,"TR","OM",3,FALSE,TRUE,TRUE,TRUE,FALSE,TRUE,TRUE,FALSE,FALSE,FALSE,FALSE,"None",NA,"Patchy but green",FALSE,FALSE,FALSE,FALSE,FALSE,FALSE,NA,2,2,1,1,15,5,NA,"7/20/2022",2022
"7/29/2022","S-R21-CACA-034","R21","Carpinus","caroliniana",0.95,"NAT","NAT",3,TRUE,FALSE,TRUE,FALSE,FALSE,TRUE,TRUE,FALSE,FALSE,FALSE,FALSE,"None",NA,"Lush",FALSE,FALSE,FALSE,FALSE,FALSE,FALSE,NA,2,2,2,1,55,3,NA,"7/29/2022",2022
"7/28/2022","S-O21-MAVI-072","O21","Magnolia","virginiana",1.05,"INST","SC",5,TRUE,TRUE,FALSE,TRUE,FALSE,TRUE,FALSE,FALSE,FALSE,FALSE,FALSE,"None",NA,"Lush",FALSE,FALSE,FALSE,FALSE,FALSE,FALSE,NA,2,1,1,1,45,5,NA,"7/28/2022",2022
"7/27/2022","S-O21-ACBU-040","O21","Acer","buergeranum",1.75,"SFR-D","SC",2,TRUE,TRUE,TRUE,TRUE,FALSE,TRUE,FALSE,FALSE,FALSE,FALSE,FALSE,"None",NA,"Lush",FALSE,FALSE,FALSE,FALSE,FALSE,FALSE,NA,2,1,1,1,35,5,NA,"7/27/2022",2022
"7/30/2022","S-P21-GIBI-024","P21","Gingko","biloba",1.3,"INST","SP",5,TRUE,TRUE,FALSE,TRUE,FALSE,TRUE,TRUE,FALSE,FALSE,FALSE,FALSE,"None",NA,"Lush",FALSE,FALSE,FALSE,FALSE,FALSE,FALSE,NA,2,1,1,2,25,5,NA,"7/30/2022",2022
"7/27/2022","S-O21-PRYE-043","O21","Prunus","yedoensis",0.75,"SFR-D","SC",NA,TRUE,TRUE,TRUE,TRUE,FALSE,TRUE,TRUE,FALSE,FALSE,FALSE,FALSE,"",NA,"",FALSE,FALSE,FALSE,FALSE,FALSE,FALSE,NA,2,2,1,1,45,5,NA,"7/27/2022",2022
"7/27/2022","S-O21-PRYE-020","O21","Prunus","yedoensis",1.4,"SFR-D","SP",1,TRUE,TRUE,FALSE,FALSE,FALSE,TRUE,FALSE,FALSE,FALSE,FALSE,FALSE,"None",NA,"Patchy but green",FALSE,FALSE,FALSE,FALSE,TRUE,FALSE,NA,1,2,1,1,55,5,NA,"7/27/2022",2022
"7/23/2022","S-U16-LAUN-012","U16","Lagerstroemia","unknown",35.95,"SFR-D","M",4,TRUE,FALSE,FALSE,TRUE,FALSE,FALSE,FALSE,FALSE,TRUE,FALSE,FALSE,"Moderate",NA,"Patchy but green",FALSE,TRUE,FALSE,FALSE,FALSE,FALSE,NA,1,1,1,2,35,3,NA,"7/23/2022",2022
"7/20/2022","S-Q21-ACRU-030","Q21","Acer","rubrum",6.9,"COMM","OM",3,TRUE,FALSE,FALSE,TRUE,TRUE,FALSE,FALSE,FALSE,FALSE,FALSE,FALSE,"None",NA,"Patchy but green",FALSE,FALSE,FALSE,FALSE,TRUE,FALSE,NA,2,1,1,1,35,3,NA,"7/20/2022",2022
"7/22/2022","S-Q21-ULPA-073","Q21","Ulmus","parvifolia",8,"COMM","SC",5,TRUE,TRUE,FALSE,FALSE,FALSE,FALSE,FALSE,FALSE,FALSE,FALSE,FALSE,"None",NA,"None",FALSE,FALSE,FALSE,FALSE,FALSE,FALSE,NA,2,1,1,1,35,4,NA,"7/22/2022",2022
"7/23/2022","S-U16-LAUN-007","U16","Lagerstroemia","unknown",28.6,"SFR-D","M",4,TRUE,FALSE,FALSE,FALSE,FALSE,FALSE,FALSE,FALSE,FALSE,FALSE,FALSE,"Minimal",NA,"Lush",TRUE,FALSE,FALSE,FALSE,FALSE,FALSE,NA,1,1,2,1,35,4,NA,"7/23/2022",2022
"7/20/2022","S-Q21-ULAM-004","Q21","Ulmus","americana",4.3,"TR","OM",3,FALSE,TRUE,TRUE,FALSE,FALSE,TRUE,FALSE,FALSE,FALSE,FALSE,FALSE,"None",NA,"Patchy but green",FALSE,FALSE,FALSE,FALSE,FALSE,FALSE,NA,2,2,1,2,25,5,NA,"7/20/2022",2022
"7/30/2022","S-P21-PRUN-069","P21","Prunus","unknown",0.55,"SFR-D","SP",4,TRUE,TRUE,FALSE,FALSE,FALSE,TRUE,TRUE,FALSE,FALSE,FALSE,FALSE,"None",NA,"Lush",FALSE,FALSE,FALSE,FALSE,FALSE,FALSE,NA,2,2,1,2,55,5,NA,"7/30/2022",2022
"7/28/2022","S-O21-ACPA-059","O21","Acer","palmatum",12.7,"SFR-D","SC",2,TRUE,TRUE,TRUE,TRUE,FALSE,FALSE,FALSE,FALSE,TRUE,FALSE,FALSE,"None",NA,"None",FALSE,TRUE,FALSE,FALSE,FALSE,FALSE,NA,1,1,1,1,35,3,NA,"7/28/2022",2022
"7/29/2022","S-R21-CRVI-044","R21","Crataegus","viridis",1.25,"SFR-D","FY",2,TRUE,FALSE,TRUE,TRUE,FALSE,TRUE,TRUE,FALSE,TRUE,FALSE,FALSE,"None",NA,"Patchy but green",FALSE,FALSE,FALSE,FALSE,FALSE,FALSE,NA,2,2,2,1,45,5,NA,"7/29/2022",2022
"7/23/2022","S-U16-LAUN-019","U16","Lagerstroemia","unknown",32.25,"SFR-D","M",4,TRUE,FALSE,FALSE,TRUE,FALSE,FALSE,FALSE,FALSE,FALSE,FALSE,FALSE,"Moderate",NA,"Lush",FALSE,FALSE,FALSE,FALSE,TRUE,FALSE,NA,1,1,1,1,45,5,NA,"7/23/2022",2022
"7/22/2022","S-Q21-ZESE-061","Q21","Zelkova","serrata",10.75,"COMM","SC",5,TRUE,TRUE,FALSE,TRUE,FALSE,FALSE,FALSE,FALSE,FALSE,FALSE,FALSE,"None",NA,"None",FALSE,FALSE,TRUE,FALSE,FALSE,FALSE,NA,1,1,3,2,35,3,NA,"7/22/2022",2022
"7/27/2022","S-O21-AMUN-025","O21","Amelanchier","unknown",8.05,"SFR-D","SC",2,TRUE,TRUE,FALSE,FALSE,FALSE,FALSE,FALSE,FALSE,TRUE,FALSE,FALSE,"Extensive",NA,"None",FALSE,FALSE,FALSE,FALSE,FALSE,FALSE,NA,3,2,2,3,45,5,NA,"7/27/2022",2022
"7/23/2022","S-U16-QUUN-002","U16","Quercus","unknown",18.8,"SFR-D","FY",NA,TRUE,FALSE,FALSE,TRUE,NA,FALSE,FALSE,FALSE,NA,NA,NA,NA,NA,NA,NA,TRUE,NA,NA,FALSE,FALSE,NA,2,1,4,2,45,4,NA,"7/23/2022",2022
"6/4/2022","S-O18-QUPH-038","O18","Quercus","phellos",14.1,"INST","OM",NA,FALSE,TRUE,FALSE,FALSE,NA,FALSE,FALSE,FALSE,NA,NA,NA,NA,NA,NA,NA,TRUE,NA,NA,FALSE,FALSE,NA,2,NA,3,3,45,3,NA,"6/4/2022",2022
"7/29/2022","S-R21-CACA-047","R21","Carpinus","caroliniana",1,"SFR-D","FY",3,TRUE,FALSE,TRUE,TRUE,FALSE,TRUE,TRUE,FALSE,FALSE,FALSE,FALSE,"None",NA,"Lush",FALSE,FALSE,FALSE,FALSE,FALSE,FALSE,NA,2,1,1,2,45,5,NA,"7/29/2022",2022
"7/27/2022","S-O21-MEAZ-035","O21","Melia","azedarach",14.3,"SFR-D","SP",2,TRUE,TRUE,FALSE,FALSE,FALSE,FALSE,FALSE,FALSE,FALSE,FALSE,FALSE,"Minimal",NA,"None",FALSE,FALSE,FALSE,FALSE,FALSE,FALSE,NA,1,1,1,1,45,3,NA,"7/27/2022",2022
"8/4/2022","S-T18-LITU-017","T18","Liriodendron","tulipfera",17.2,"SFR-D","FY",4,TRUE,FALSE,FALSE,FALSE,FALSE,FALSE,FALSE,FALSE,FALSE,FALSE,FALSE,"None",NA,"Patchy but green",FALSE,TRUE,FALSE,FALSE,FALSE,FALSE,NA,1,1,4,2,35,4,NA,"8/4/2022",2022
"7/27/2022","S-O21-PRYE-019","O21","Prunus","yedoensis",1.6,"SFR-D","SP",1,TRUE,TRUE,FALSE,TRUE,FALSE,TRUE,FALSE,FALSE,FALSE,FALSE,FALSE,"None",NA,"Patchy but green",FALSE,FALSE,FALSE,FALSE,FALSE,FALSE,NA,2,2,1,1,35,5,NA,"7/27/2022",2022
"7/28/2022","S-R21-MORU-006","R21","Morus","rubra",13,"SFR-D","SP",3,TRUE,FALSE,TRUE,FALSE,FALSE,FALSE,FALSE,FALSE,TRUE,FALSE,FALSE,"None",NA,"None",FALSE,FALSE,FALSE,FALSE,TRUE,FALSE,NA,2,1,1,2,35,4,NA,"7/28/2022",2022
"7/30/2022","S-P21-LAUN-049","P21","Lagerstroemia","unknown",15.7,"AG","SP",5,TRUE,TRUE,FALSE,FALSE,FALSE,FALSE,FALSE,FALSE,TRUE,FALSE,FALSE,"None",NA,"None",FALSE,FALSE,FALSE,FALSE,FALSE,FALSE,NA,2,1,2,1,35,3,NA,"7/30/2022",2022
"8/4/2022","S-M19-NYSY-010","M19","Nyssa","sylvatica",24.8,"SFR-D","SP",3,TRUE,FALSE,TRUE,FALSE,FALSE,FALSE,FALSE,FALSE,TRUE,FALSE,FALSE,"None",NA,"Patchy but green",TRUE,TRUE,TRUE,FALSE,FALSE,FALSE,NA,2,1,2,2,35,1,NA,"8/4/2022",2022
"7/27/2022","S-O21-PRPE-023","O21","Prunus","persica",1.4,"SFR-D","SC",2,TRUE,TRUE,FALSE,TRUE,FALSE,FALSE,FALSE,FALSE,FALSE,FALSE,FALSE,"Extensive",NA,"None",FALSE,FALSE,FALSE,FALSE,FALSE,FALSE,NA,2,2,1,1,25,5,NA,"7/27/2022",2022
"7/29/2022","S-R21-CACA-040","R21","Carpinus","caroliniana",1.1,"SFR-D","FY",3,TRUE,FALSE,TRUE,FALSE,FALSE,TRUE,TRUE,FALSE,FALSE,FALSE,FALSE,"None",NA,"Lush",FALSE,FALSE,FALSE,FALSE,FALSE,FALSE,NA,1,2,2,1,35,5,NA,"7/29/2022",2022
"7/29/2022","S-R21-CACA-035","R21","Carpinus","caroliniana",1,"NAT","NAT",4,TRUE,FALSE,TRUE,FALSE,FALSE,TRUE,TRUE,FALSE,FALSE,FALSE,FALSE,"None",NA,"Lush",FALSE,FALSE,FALSE,FALSE,TRUE,FALSE,NA,1,2,1,1,55,4,NA,"7/29/2022",2022
"7/30/2022","S-P21-ACPL-060","P21","Acer","platanoides",0.88,"INST","SP",4,TRUE,TRUE,FALSE,TRUE,FALSE,TRUE,FALSE,FALSE,TRUE,FALSE,FALSE,"None",NA,"Lush",FALSE,TRUE,FALSE,FALSE,FALSE,FALSE,NA,3,3,1,3,45,5,NA,"7/30/2022",2022
"7/28/2022","S-R21-CACA-009","R21","Carpinus","caroliniana",0.75,"SFR-D","FY",NA,TRUE,FALSE,FALSE,FALSE,NA,TRUE,TRUE,FALSE,NA,NA,NA,NA,NA,NA,NA,FALSE,NA,NA,FALSE,FALSE,NA,1,2,2,1,45,5,NA,"7/28/2022",2022
"8/4/2022","S-M19-QUPH-028","M19","Quercus","phellos",7.2,"SFR-D","FY",5,TRUE,FALSE,FALSE,FALSE,FALSE,FALSE,FALSE,FALSE,TRUE,FALSE,FALSE,"None",NA,"Shrubs or herbaceous non-grass species",TRUE,FALSE,FALSE,FALSE,FALSE,FALSE,NA,2,1,1,2,35,4,NA,"8/4/2022",2022
"7/22/2022","S-Q21-GYDI-044","Q21","Gymnocladus","dioicus",5.15,"COMM","SP",5,TRUE,FALSE,FALSE,TRUE,FALSE,FALSE,FALSE,FALSE,FALSE,FALSE,FALSE,"Moderate",NA,"None",FALSE,FALSE,FALSE,FALSE,FALSE,FALSE,NA,2,1,1,1,35,5,NA,"7/22/2022",2022
"7/29/2022","S-R21-CRVI-049","R21","Crataegus","viridis",1.1,"V","OM",1,TRUE,FALSE,TRUE,TRUE,FALSE,TRUE,TRUE,FALSE,TRUE,FALSE,FALSE,"None",NA,"Patchy but green",FALSE,FALSE,FALSE,FALSE,FALSE,FALSE,NA,2,2,1,1,45,4,NA,"7/29/2022",2022
"7/22/2022","S-Q21-ZESE-064","Q21","Zelkova","serrata",13.35,"COMM","SC",5,TRUE,TRUE,FALSE,TRUE,FALSE,FALSE,FALSE,FALSE,FALSE,FALSE,FALSE,"None",NA,"None",FALSE,FALSE,TRUE,FALSE,TRUE,FALSE,NA,1,1,1,1,25,4,NA,"7/22/2022",2022
"7/28/2022","S-R21-CAIL-007","R21","Carya","illinoinensis",16,"SFR-D","SP",3,TRUE,FALSE,TRUE,FALSE,FALSE,FALSE,FALSE,FALSE,TRUE,FALSE,FALSE,"None",NA,"Lush",FALSE,FALSE,FALSE,FALSE,FALSE,FALSE,NA,2,2,3,2,45,4,NA,"7/28/2022",2022
"7/30/2022","S-P21-LAUN-012","P21","Lagerstroemia","unknown",19.9,"INST","SP",5,TRUE,TRUE,FALSE,FALSE,FALSE,FALSE,FALSE,FALSE,FALSE,FALSE,FALSE,"None",NA,"None",FALSE,TRUE,FALSE,FALSE,TRUE,FALSE,NA,1,2,2,1,35,3,NA,"7/30/2022",2022
"7/27/2022","S-O21-PRSE-027","O21","Prunus","serrata",1.75,"SFR-D","SP",2,TRUE,TRUE,FALSE,FALSE,FALSE,FALSE,FALSE,TRUE,FALSE,FALSE,FALSE,"Extensive",NA,"None",FALSE,TRUE,FALSE,FALSE,TRUE,FALSE,NA,3,2,12,4,75,5,NA,"7/27/2022",2022
"7/27/2022","S-O21-ACSA-048","O21","Acer","saccharum",10.3,"SFR-D","SP",4,TRUE,TRUE,TRUE,TRUE,FALSE,FALSE,FALSE,FALSE,FALSE,FALSE,FALSE,"Extensive",NA,"Shrubs or herbaceous non-grass species",FALSE,FALSE,FALSE,FALSE,TRUE,FALSE,NA,2,1,1,1,25,4,NA,"7/27/2022",2022
"5/21/2022","S-O18-CECA-018","O18","Cercis","canadensis",1.35,"INST","SP",3,TRUE,TRUE,FALSE,TRUE,TRUE,TRUE,FALSE,FALSE,FALSE,FALSE,FALSE,"None",NA,"Lush",FALSE,FALSE,FALSE,FALSE,TRUE,FALSE,NA,2,2,10,3,65,5,NA,"5/21/2022",2022
"7/29/2022","S-R21-JUVI-022","R21","Juniperus","virginiana",15.2,"SFR-D","SY",5,TRUE,FALSE,TRUE,FALSE,FALSE,FALSE,FALSE,FALSE,TRUE,FALSE,FALSE,"None",NA,"Patchy but green",FALSE,TRUE,FALSE,FALSE,FALSE,FALSE,NA,2,1,1,2,25,5,NA,"7/29/2022",2022
"7/30/2022","S-P21-LAUN-042","P21","Lagerstroemia","unknown",1.75,"V","SP",5,TRUE,TRUE,FALSE,TRUE,FALSE,TRUE,TRUE,FALSE,FALSE,FALSE,FALSE,"None",NA,"Lush",FALSE,FALSE,FALSE,FALSE,TRUE,FALSE,NA,2,1,1,2,65,5,NA,"7/30/2022",2022
"7/27/2022","S-O21-MAGR-056","O21","Magnolia","gradiflora",1,"SFR-D","SC",3,TRUE,TRUE,FALSE,FALSE,FALSE,FALSE,FALSE,FALSE,TRUE,FALSE,FALSE,"Moderate",NA,"Shrubs or herbaceous non-grass species",FALSE,FALSE,FALSE,FALSE,FALSE,FALSE,NA,1,1,1,1,35,3,NA,"7/27/2022",2022
"7/30/2022","S-P21-LAUN-013","P21","Lagerstroemia","unknown",14.6,"INST","SP",5,TRUE,TRUE,FALSE,FALSE,FALSE,FALSE,FALSE,TRUE,TRUE,FALSE,FALSE,"None",NA,"None",FALSE,TRUE,FALSE,FALSE,TRUE,FALSE,NA,2,1,1,2,25,4,NA,"7/30/2022",2022
"7/30/2022","S-P21-PRUN-071","P21","Prunus","unknown",0.63,"SFR-D","SP",4,TRUE,TRUE,FALSE,TRUE,FALSE,TRUE,TRUE,FALSE,FALSE,FALSE,FALSE,"None",NA,"Lush",FALSE,FALSE,FALSE,FALSE,FALSE,FALSE,NA,2,2,1,2,65,5,NA,"7/30/2022",2022
"7/20/2022","S-Q21-ACRU-032","Q21","Acer","rubrum",7.5,"COMM","OM",4,FALSE,TRUE,FALSE,TRUE,TRUE,FALSE,FALSE,FALSE,TRUE,FALSE,FALSE,"None",NA,"Patchy but green",TRUE,FALSE,FALSE,FALSE,FALSE,FALSE,NA,2,1,2,1,25,3,NA,"7/20/2022",2022
"7/29/2022","S-R21-CACA-043","R21","Carpinus","caroliniana",0.75,"SFR-D","FY",2,TRUE,FALSE,TRUE,FALSE,FALSE,TRUE,FALSE,FALSE,FALSE,FALSE,FALSE,"None",NA,"Lush",FALSE,FALSE,FALSE,FALSE,FALSE,FALSE,NA,5,1,3,4,45,4,NA,"7/29/2022",2022
"7/22/2022","S-Q21-JUVI-056","Q21","Juniperus","virginiana",5.3,"COMM","OH",3,TRUE,FALSE,FALSE,TRUE,FALSE,FALSE,FALSE,FALSE,FALSE,FALSE,FALSE,"None",NA,"None",FALSE,TRUE,FALSE,FALSE,FALSE,FALSE,NA,3,1,2,3,45,2,NA,"7/22/2022",2022
"7/30/2022","S-P21-ACPL-059","P21","Acer","platanoides",1,"INST","SP",4,TRUE,TRUE,FALSE,TRUE,FALSE,TRUE,FALSE,FALSE,TRUE,FALSE,FALSE,"None",NA,"Lush",FALSE,TRUE,FALSE,FALSE,FALSE,FALSE,NA,1,2,1,2,35,5,NA,"7/30/2022",2022
"5/25/2022","S-O18-PRUN-021","O18","Prunus","unknown",9.5,"INST","PB",NA,TRUE,TRUE,FALSE,TRUE,NA,FALSE,FALSE,FALSE,NA,NA,NA,NA,NA,NA,NA,FALSE,NA,NA,FALSE,FALSE,NA,2,2,8,3,45,3,NA,"5/25/2022",2022
"8/3/2022","S-S18-QUPH-005","S18","Quercus","phellos",36,"SFR-D","FY",3,TRUE,FALSE,FALSE,FALSE,FALSE,FALSE,FALSE,FALSE,TRUE,FALSE,FALSE,"Moderate",NA,"None",FALSE,TRUE,TRUE,FALSE,TRUE,FALSE,NA,2,1,2,2,35,4,NA,"8/3/2022",2022
"7/29/2022","S-R21-CACA-036","R21","Carpinus","caroliniana",1,"NAT","NAT",4,TRUE,FALSE,FALSE,FALSE,FALSE,TRUE,TRUE,FALSE,FALSE,FALSE,FALSE,"None",NA,"Lush",FALSE,TRUE,FALSE,FALSE,TRUE,FALSE,NA,2,2,1,2,45,3,NA,"7/29/2022",2022
"5/25/2022","S-O18-QUPH-030","O18","Quercus","phellos",17.45,"INST","OM",NA,FALSE,TRUE,FALSE,FALSE,NA,FALSE,FALSE,FALSE,NA,NA,NA,NA,NA,NA,NA,FALSE,NA,NA,FALSE,FALSE,NA,4,NA,1,4,25,4,NA,"5/25/2022",2022
"7/23/2022","S-U16-PITA-003","U16","Pinus","taeda",24.5,"INST","OM",NA,TRUE,FALSE,FALSE,FALSE,NA,FALSE,FALSE,FALSE,NA,NA,NA,NA,NA,NA,NA,TRUE,NA,NA,FALSE,FALSE,NA,2,1,2,2,45,5,NA,"7/23/2022",2022
"7/29/2022","S-R21-ULAM-055","R21","Ulmus","americana",1,"SFR-D","FY",2,TRUE,FALSE,FALSE,FALSE,FALSE,TRUE,TRUE,FALSE,FALSE,FALSE,FALSE,"None",NA,"Lush",FALSE,FALSE,FALSE,FALSE,TRUE,FALSE,NA,2,2,1,2,35,5,NA,"7/29/2022",2022
"7/28/2022","S-R21-QUPH-001","R21","Quercus","phellos",44.5,"SFR-D","FY",3,TRUE,FALSE,TRUE,FALSE,FALSE,FALSE,FALSE,FALSE,FALSE,FALSE,FALSE,"None",NA,"None",FALSE,TRUE,FALSE,FALSE,FALSE,FALSE,NA,1,1,3,2,45,5,NA,"7/28/2022",2022
"7/23/2022","S-U16-LAUN-009","U16","Lagerstroemia","unknown",30.35,"SFR-D","M",4,TRUE,FALSE,FALSE,FALSE,FALSE,FALSE,FALSE,FALSE,FALSE,FALSE,FALSE,"Minimal",NA,"Lush",TRUE,TRUE,FALSE,FALSE,FALSE,FALSE,NA,1,1,2,2,35,3,NA,"7/23/2022",2022
"7/30/2022","S-P21-PRUN-055","P21","Prunus","unknown",0.63,"SFR-D","SP",3,TRUE,FALSE,FALSE,TRUE,FALSE,TRUE,TRUE,FALSE,FALSE,FALSE,FALSE,"None",NA,"Lush",FALSE,FALSE,FALSE,FALSE,FALSE,FALSE,NA,1,3,1,3,65,5,NA,"7/30/2022",2022
"7/20/2022","S-Q21-CACA-013","Q21","Carpinus","caroliniana",0.625,"INST","SP",NA,TRUE,TRUE,FALSE,TRUE,NA,TRUE,TRUE,FALSE,NA,NA,NA,NA,NA,NA,NA,FALSE,NA,NA,FALSE,FALSE,NA,NA,NA,21,5,0,NA,NA,"7/20/2022",2022
"7/20/2022","S-Q21-CACA-016","Q21","Carpinus","caroliniana",0.65,"INST","SP",NA,TRUE,TRUE,FALSE,TRUE,NA,TRUE,TRUE,FALSE,NA,NA,NA,NA,NA,NA,NA,FALSE,NA,NA,FALSE,FALSE,NA,NA,NA,21,5,0,NA,NA,"7/20/2022",2022
"6/4/2022","S-O18-QUPH-045","O18","Quercus","phellos",14.95,"INST","OM",NA,FALSE,TRUE,TRUE,FALSE,NA,FALSE,FALSE,FALSE,NA,NA,NA,NA,NA,NA,NA,FALSE,NA,NA,FALSE,FALSE,NA,2,2,1,2,35,2,NA,"6/4/2022",2022
"8/3/2022","S-S22-QUVI-008","S22","Quercus","virginiana",40.5,"SFR-D","FY",4,TRUE,FALSE,TRUE,TRUE,FALSE,FALSE,FALSE,FALSE,TRUE,FALSE,FALSE,"Extensive",NA,"None",FALSE,FALSE,TRUE,FALSE,FALSE,FALSE,NA,1,1,2,1,35,5,NA,"8/3/2022",2022
"7/30/2022","S-P21-PRUN-073","P21","Prunus","unknown",0.55,"SFR-D","SP",4,TRUE,TRUE,FALSE,TRUE,FALSE,TRUE,TRUE,FALSE,FALSE,FALSE,FALSE,"None",NA,"Lush",FALSE,TRUE,FALSE,FALSE,FALSE,FALSE,NA,2,2,2,2,55,5,NA,"7/30/2022",2022
"7/28/2022","S-O21-QUVI-108","O21","Quercus","virginiana",35.2,"SFR-D","FY",3,TRUE,TRUE,TRUE,FALSE,FALSE,FALSE,FALSE,FALSE,TRUE,FALSE,FALSE,"None",NA,"Lush",TRUE,TRUE,FALSE,TRUE,TRUE,FALSE,NA,1,1,3,2,35,4,NA,"7/28/2022",2022
"7/30/2022","S-P21-ZESE-033","P21","Zelkova","serrata",0.7,"SFR-D","SP",NA,TRUE,TRUE,FALSE,TRUE,NA,TRUE,TRUE,FALSE,NA,NA,NA,NA,NA,NA,NA,FALSE,NA,NA,FALSE,FALSE,NA,5,3,20,4,85,5,NA,"7/30/2022",2022
"8/3/2022","S-U21-PYCA-019","U21","Pyrus","calleryana",17.9,"SFR-D","FY",4,TRUE,FALSE,FALSE,FALSE,FALSE,FALSE,FALSE,FALSE,FALSE,FALSE,FALSE,"None",NA,"None",FALSE,TRUE,FALSE,FALSE,FALSE,FALSE,NA,2,1,1,1,5,5,NA,"8/3/2022",2022
"5/25/2022","S-O18-PRUN-023","O18","Prunus","unknown",10.1,"INST","PB",NA,TRUE,TRUE,TRUE,TRUE,NA,FALSE,FALSE,FALSE,NA,NA,NA,NA,NA,NA,NA,FALSE,NA,NA,FALSE,FALSE,NA,2,2,6,3,45,3,NA,"5/25/2022",2022
"8/3/2022","S-S22-QUVI-009","S22","Quercus","virginiana",37.1,"SFR-D","SY",4,TRUE,FALSE,TRUE,FALSE,FALSE,FALSE,FALSE,FALSE,FALSE,FALSE,FALSE,"None",NA,"None",TRUE,FALSE,TRUE,FALSE,TRUE,FALSE,NA,1,1,2,1,35,3,NA,"8/3/2022",2022
"7/29/2022","S-R21-QUVI-053","R21","Quercus","virginiana",18,"SFR-D","SY",5,TRUE,FALSE,TRUE,FALSE,FALSE,FALSE,FALSE,FALSE,TRUE,FALSE,FALSE,"None",NA,"Patchy but green",TRUE,TRUE,TRUE,TRUE,FALSE,FALSE,NA,2,1,2,2,15,4,NA,"7/29/2022",2022
"5/21/2022","S-O18-CECA-011","O18","Cercis","canadensis",1.85,"INST","SP",3,FALSE,TRUE,FALSE,TRUE,TRUE,TRUE,FALSE,FALSE,FALSE,FALSE,FALSE,"None",NA,"Lush",FALSE,FALSE,FALSE,FALSE,FALSE,FALSE,NA,2,2,1,3,45,5,NA,"5/21/2022",2022
"7/20/2022","S-Q21-ULAM-001","Q21","Ulmus","americana",4,"TR","OM",3,FALSE,TRUE,TRUE,FALSE,FALSE,TRUE,TRUE,FALSE,FALSE,FALSE,FALSE,"None",NA,"Lush",TRUE,TRUE,FALSE,FALSE,TRUE,FALSE,NA,1,2,1,1,15,5,NA,"7/20/2022",2022
"7/27/2022","S-O21-ACCA-038","O21","Acer","campestre",5.7,"MFR","SP",NA,TRUE,TRUE,FALSE,FALSE,NA,FALSE,FALSE,FALSE,NA,NA,NA,NA,NA,NA,NA,TRUE,NA,NA,TRUE,FALSE,NA,2,2,8,3,65,2,NA,"7/27/2022",2022
"5/21/2022","S-O18-CECA-006","O18","Cercis","canadensis",2.5,"INST","SP",3,FALSE,TRUE,FALSE,TRUE,FALSE,FALSE,FALSE,FALSE,FALSE,FALSE,FALSE,"None",NA,"Lush",FALSE,FALSE,FALSE,FALSE,FALSE,FALSE,NA,3,2,1,3,25,4,NA,"5/21/2022",2022
"7/22/2022","S-Q21-ZESE-077","Q21","Zelkova","serrata",8.25,"COMM","SC",5,TRUE,TRUE,FALSE,FALSE,FALSE,FALSE,FALSE,FALSE,FALSE,FALSE,FALSE,"None",NA,"None",FALSE,TRUE,FALSE,FALSE,FALSE,FALSE,NA,2,1,9,3,55,4,NA,"7/22/2022",2022
"6/4/2022","S-O18-QUPH-046","O18","Quercus","phellos",13.9,"INST","OM",NA,FALSE,TRUE,TRUE,FALSE,NA,FALSE,FALSE,FALSE,NA,NA,NA,NA,NA,NA,NA,FALSE,NA,NA,FALSE,FALSE,NA,2,1,1,2,35,3,NA,"6/4/2022",2022
"6/4/2022","S-O18-QUPH-043","O18","Quercus","phellos",14,"INST","OM",NA,FALSE,TRUE,FALSE,FALSE,NA,FALSE,FALSE,FALSE,NA,NA,NA,NA,NA,NA,NA,FALSE,NA,NA,FALSE,FALSE,NA,2,2,1,3,35,3,NA,"6/4/2022",2022
"7/30/2022","S-P21-LAUN-045","P21","Lagerstroemia","unknown",1.5,"V","SP",4,TRUE,TRUE,FALSE,TRUE,FALSE,TRUE,TRUE,FALSE,FALSE,FALSE,FALSE,"None",NA,"Patchy but green",FALSE,FALSE,FALSE,FALSE,FALSE,FALSE,NA,1,2,4,3,65,5,NA,"7/30/2022",2022
"7/30/2022","S-P21-CECA-018","P21","Cercis","canadensis",1.1,"INST","SP",3,TRUE,TRUE,FALSE,TRUE,FALSE,TRUE,FALSE,FALSE,TRUE,FALSE,FALSE,"None",NA,"Lush",FALSE,FALSE,FALSE,FALSE,FALSE,FALSE,NA,3,2,5,3,55,5,NA,"7/30/2022",2022
"7/22/2022","S-Q21-TICO-052","Q21","Tilia","cordata",19.4,"COMM","OH",5,TRUE,FALSE,FALSE,TRUE,FALSE,FALSE,FALSE,FALSE,TRUE,FALSE,FALSE,"None",NA,"None",FALSE,TRUE,FALSE,FALSE,FALSE,FALSE,NA,2,1,3,3,35,2,NA,"7/22/2022",2022
"5/25/2022","S-O18-PRUN-022","O18","Prunus","unknown",10.2,"INST","PB",NA,TRUE,TRUE,TRUE,TRUE,NA,FALSE,FALSE,FALSE,NA,NA,NA,NA,NA,NA,NA,FALSE,NA,NA,TRUE,FALSE,NA,3,2,12,4,75,3,NA,"5/25/2022",2022
"7/29/2022","S-R21-QUPH-058","R21","Quercus","phellos",46.7,"SFR-D","FY",5,TRUE,FALSE,TRUE,FALSE,FALSE,FALSE,FALSE,TRUE,TRUE,FALSE,FALSE,"None",NA,"None",TRUE,TRUE,TRUE,TRUE,FALSE,FALSE,NA,3,1,4,3,45,5,NA,"7/29/2022",2022
"6/4/2022","S-O18-QUPH-040","O18","Quercus","phellos",17.2,"INST","OM",NA,FALSE,TRUE,FALSE,FALSE,NA,FALSE,FALSE,FALSE,NA,NA,NA,NA,NA,NA,NA,TRUE,NA,NA,FALSE,FALSE,NA,3,2,3,3,35,3,NA,"6/4/2022",2022
"7/23/2022","S-U16-ULAL-018","U16","Ulmus","alata",7,"SFR-D","M",4,TRUE,FALSE,FALSE,TRUE,FALSE,FALSE,FALSE,FALSE,TRUE,FALSE,TRUE,"Minimal",NA,"Lush",TRUE,FALSE,FALSE,FALSE,TRUE,FALSE,NA,2,2,1,2,35,3,NA,"7/23/2022",2022
"6/4/2022","S-O18-QUPH-052","O18","Quercus","phellos",13.35,"INST","SP",NA,TRUE,TRUE,TRUE,TRUE,NA,FALSE,FALSE,FALSE,NA,NA,NA,NA,NA,NA,NA,FALSE,NA,NA,FALSE,FALSE,NA,3,1,2,3,35,4,NA,"6/4/2022",2022
"6/4/2022","S-O18-QUPH-047","O18","Quercus","phellos",15.55,"INST","OM",NA,FALSE,TRUE,TRUE,FALSE,NA,FALSE,FALSE,FALSE,NA,NA,NA,NA,NA,NA,NA,FALSE,NA,NA,FALSE,FALSE,NA,3,1,1,3,45,3,NA,"6/4/2022",2022
"7/20/2022","S-Q21-ACRU-018","Q21","Acer","rubrum",6.1,"COMM","OM",3,TRUE,FALSE,TRUE,TRUE,TRUE,FALSE,FALSE,FALSE,FALSE,FALSE,FALSE,"None",NA,"Patchy but green",FALSE,TRUE,FALSE,FALSE,TRUE,FALSE,NA,1,1,8,3,55,5,NA,"7/20/2022",2022
"7/27/2022","S-O21-COFL-046","O21","Cornus","florida",2.2,"SFR-D","SP",2,TRUE,TRUE,FALSE,TRUE,FALSE,FALSE,FALSE,FALSE,FALSE,FALSE,FALSE,"Extensive",NA,"Shrubs or herbaceous non-grass species",FALSE,FALSE,FALSE,FALSE,FALSE,FALSE,NA,3,1,NA,3,35,2,NA,"7/27/2022",2022
"5/25/2022","S-O18-PRUN-029","O18","Prunus","unknown",12.1,"INST","PB",NA,FALSE,TRUE,FALSE,TRUE,NA,FALSE,FALSE,FALSE,NA,NA,NA,NA,NA,NA,NA,FALSE,NA,NA,FALSE,FALSE,NA,2,2,7,3,35,2,NA,"5/25/2022",2022
"7/23/2022","S-U16-COFL-011","U16","Cornus","florida",15.05,"SFR-D","M",4,TRUE,FALSE,FALSE,TRUE,FALSE,FALSE,FALSE,FALSE,FALSE,FALSE,TRUE,"Moderate",NA,"Lush",FALSE,TRUE,FALSE,FALSE,FALSE,FALSE,NA,3,1,3,3,45,2,NA,"7/23/2022",2022
"7/30/2022","S-P21-CECA-053","P21","Cercis","canadensis",1.55,"SFR-D","SP",4,TRUE,TRUE,FALSE,FALSE,FALSE,TRUE,FALSE,FALSE,FALSE,FALSE,FALSE,"None",NA,"Patchy but green",FALSE,FALSE,FALSE,FALSE,TRUE,FALSE,NA,2,2,2,2,35,4,NA,"7/30/2022",2022
"7/20/2022","S-Q21-ACRU-023","Q21","Acer","rubrum",5,"COMM","OM",3,TRUE,FALSE,FALSE,TRUE,TRUE,FALSE,FALSE,FALSE,FALSE,FALSE,FALSE,"None",NA,"Patchy but green",FALSE,TRUE,FALSE,FALSE,TRUE,FALSE,NA,2,1,5,3,45,5,NA,"7/20/2022",2022
"6/4/2022","S-O18-QUPH-044","O18","Quercus","phellos",12.9,"INST","OM",NA,FALSE,TRUE,FALSE,FALSE,NA,FALSE,FALSE,FALSE,NA,NA,NA,NA,NA,NA,NA,TRUE,NA,NA,FALSE,FALSE,NA,2,1,5,3,65,3,NA,"6/4/2022",2022
"5/21/2022","S-O18-CECA-015","O18","Cercis","canadensis",1.65,"INST","SP",4,TRUE,TRUE,FALSE,TRUE,TRUE,TRUE,FALSE,FALSE,FALSE,FALSE,FALSE,"None",NA,"Lush",FALSE,FALSE,FALSE,FALSE,FALSE,FALSE,NA,2,2,1,1,45,5,NA,"5/21/2022",2022
"7/30/2022","S-P21-GIBI-025","P21","Gingko","biloba",0.75,"INST","SP",4,TRUE,TRUE,FALSE,TRUE,FALSE,TRUE,TRUE,FALSE,FALSE,FALSE,FALSE,"None",NA,"Lush",FALSE,TRUE,FALSE,FALSE,TRUE,FALSE,NA,3,1,1,3,45,5,NA,"7/30/2022",2022
"8/3/2022","S-S22-ZESE-014","S22","Zelkova","serrata",0.8,"SFR-D","FY",NA,TRUE,FALSE,FALSE,TRUE,NA,TRUE,TRUE,FALSE,NA,NA,NA,NA,NA,NA,NA,FALSE,NA,NA,TRUE,FALSE,NA,3,1,3,3,45,2,NA,"8/3/2022",2022
"7/20/2022","S-Q21-ULAM-011","Q21","Ulmus","americana",3.7,"TR","OM",3,FALSE,TRUE,TRUE,TRUE,TRUE,TRUE,TRUE,FALSE,FALSE,FALSE,FALSE,"None",NA,"Lush",FALSE,FALSE,FALSE,FALSE,FALSE,FALSE,NA,1,2,2,2,35,5,NA,"7/20/2022",2022
"7/20/2022","S-Q21-ACRU-019","Q21","Acer","rubrum",4.7,"COMM","OM",3,TRUE,FALSE,FALSE,TRUE,TRUE,FALSE,FALSE,FALSE,FALSE,FALSE,FALSE,"None",NA,"Lush",FALSE,TRUE,FALSE,FALSE,TRUE,FALSE,NA,1,1,8,3,55,5,NA,"7/20/2022",2022
"5/21/2022","S-O18-CECA-007","O18","Cercis","canadensis",9.2,"INST","SP",3,FALSE,TRUE,TRUE,TRUE,TRUE,FALSE,FALSE,FALSE,TRUE,FALSE,FALSE,"None",NA,"Lush",FALSE,FALSE,FALSE,FALSE,FALSE,FALSE,NA,2,2,2,2,35,4,NA,"5/21/2022",2022
"7/29/2022","S-R21-ULAM-020","R21","Ulmus","americana",0.83,"V","NAT",2,TRUE,FALSE,FALSE,FALSE,FALSE,TRUE,TRUE,FALSE,FALSE,FALSE,FALSE,"None",NA,"Shrubs or herbaceous non-grass species",FALSE,FALSE,FALSE,FALSE,FALSE,FALSE,NA,2,2,2,2,55,3,NA,"7/29/2022",2022
"7/29/2022","S-R21-CRVI-041","R21","Crataegus","viridis",1.1,"SFR-D","FY",3,TRUE,FALSE,TRUE,TRUE,FALSE,TRUE,FALSE,FALSE,FALSE,FALSE,FALSE,"None",NA,"Lush",FALSE,FALSE,FALSE,FALSE,FALSE,FALSE,NA,2,2,1,1,45,5,NA,"7/29/2022",2022
"7/22/2022","S-Q21-ACRU-070","Q21","Acer","rubrum",5.2,"COMM","SC",5,TRUE,TRUE,FALSE,TRUE,FALSE,FALSE,FALSE,FALSE,FALSE,FALSE,FALSE,"None",NA,"None",FALSE,TRUE,FALSE,FALSE,FALSE,FALSE,NA,2,1,2,2,25,4,NA,"7/22/2022",2022
"7/27/2022","S-O21-QUPH-030","O21","Quercus","phellos",38.1,"SFR-D","SP",NA,TRUE,TRUE,TRUE,FALSE,NA,FALSE,FALSE,FALSE,NA,NA,NA,NA,NA,NA,NA,TRUE,NA,NA,TRUE,FALSE,NA,2,1,3,3,55,5,NA,"7/27/2022",2022
"6/4/2022","S-O18-QUNI-035","O18","Quercus","nigra",39.5,"INST","OM",NA,FALSE,TRUE,FALSE,FALSE,NA,FALSE,FALSE,FALSE,NA,NA,NA,NA,NA,NA,NA,TRUE,NA,NA,FALSE,FALSE,NA,2,1,4,3,35,4,NA,"6/4/2022",2022
"5/21/2022","S-O18-CECA-008","O18","Cercis","canadensis",10.1,"INST","SP",3,FALSE,TRUE,TRUE,TRUE,FALSE,FALSE,FALSE,FALSE,FALSE,FALSE,FALSE,"None",NA,"Lush",FALSE,FALSE,FALSE,FALSE,TRUE,FALSE,NA,2,2,1,2,35,4,NA,"5/21/2022",2022
"7/20/2022","S-Q21-ULAM-012","Q21","Ulmus","americana",4.5,"TR","OM",3,FALSE,TRUE,TRUE,TRUE,TRUE,TRUE,TRUE,FALSE,FALSE,FALSE,FALSE,"None",NA,"Lush",FALSE,FALSE,FALSE,FALSE,FALSE,FALSE,NA,2,2,1,1,15,5,NA,"7/20/2022",2022
"7/27/2022","S-O21-CECA-051","O21","Cercis","canadensis",2.6,"SFR-D","SC",2,TRUE,TRUE,TRUE,TRUE,FALSE,TRUE,FALSE,FALSE,FALSE,FALSE,FALSE,"Moderate",NA,"None",FALSE,FALSE,FALSE,FALSE,FALSE,FALSE,NA,3,1,1,3,45,4,NA,"7/27/2022",2022
"7/22/2022","S-Q21-ACRU-072","Q21","Acer","rubrum",10.5,"COMM","SC",5,TRUE,TRUE,FALSE,TRUE,FALSE,FALSE,FALSE,FALSE,FALSE,FALSE,FALSE,"None",NA,"None",FALSE,TRUE,TRUE,FALSE,FALSE,FALSE,NA,2,1,4,2,35,5,NA,"7/22/2022",2022
"7/30/2022","S-P21-LAUN-050","P21","Lagerstroemia","unknown",14.7,"AG","SP",5,TRUE,TRUE,FALSE,FALSE,FALSE,FALSE,FALSE,FALSE,TRUE,FALSE,FALSE,"None",NA,"None",FALSE,FALSE,FALSE,FALSE,FALSE,FALSE,NA,2,1,2,2,35,3,NA,"7/30/2022",2022
"8/4/2022","S-T18-ACRU-018","T18","Acer","rubrum",14.9,"SFR-D","FY",4,TRUE,FALSE,FALSE,TRUE,FALSE,FALSE,FALSE,FALSE,FALSE,FALSE,FALSE,"None",NA,"Lush",TRUE,TRUE,FALSE,FALSE,FALSE,FALSE,NA,2,1,4,3,55,4,NA,"8/4/2022",2022
"7/30/2022","S-P21-GIBI-029","P21","Gingko","biloba",1.35,"SFR-D","FY",2,TRUE,TRUE,FALSE,TRUE,FALSE,TRUE,FALSE,FALSE,FALSE,FALSE,FALSE,"None",NA,"Lush",FALSE,TRUE,FALSE,FALSE,TRUE,FALSE,NA,3,1,1,4,65,5,NA,"7/30/2022",2022
"7/22/2022","S-Q21-GYDI-047","Q21","Gymnocladus","dioicus",3.2,"COMM","SP",3,TRUE,FALSE,FALSE,TRUE,FALSE,FALSE,FALSE,FALSE,FALSE,FALSE,FALSE,"Moderate",NA,"None",FALSE,FALSE,FALSE,FALSE,TRUE,FALSE,NA,2,1,11,4,55,5,NA,"7/22/2022",2022
"5/25/2022","S-O18-PRUN-020","O18","Prunus","unknown",11.8,"INST","PB",NA,TRUE,TRUE,FALSE,TRUE,NA,FALSE,FALSE,FALSE,NA,NA,NA,NA,NA,NA,NA,FALSE,NA,NA,FALSE,FALSE,NA,2,2,10,4,55,4,NA,"5/25/2022",2022
"7/22/2022","S-Q21-ACBU-050","Q21","Acer","buergeranum",1.68,"COMM","SP",3,TRUE,FALSE,FALSE,TRUE,FALSE,FALSE,FALSE,FALSE,FALSE,FALSE,FALSE,"Moderate",NA,"None",FALSE,FALSE,FALSE,FALSE,FALSE,FALSE,NA,2,2,2,2,35,5,NA,"7/22/2022",2022
"7/22/2022","S-Q21-GYDI-035","Q21","Gymnocladus","dioicus",3.3,"COMM","SP",5,TRUE,FALSE,FALSE,TRUE,FALSE,FALSE,FALSE,FALSE,FALSE,FALSE,FALSE,"Moderate",NA,"None",FALSE,TRUE,FALSE,FALSE,FALSE,FALSE,NA,2,1,1,2,35,5,NA,"7/22/2022",2022
"8/4/2022","S-M19-NYSY-011","M19","Nyssa","sylvatica",20.9,"SFR-D","SP",3,TRUE,FALSE,FALSE,FALSE,FALSE,FALSE,FALSE,FALSE,FALSE,FALSE,FALSE,"None",NA,"Patchy but green",FALSE,TRUE,TRUE,FALSE,FALSE,FALSE,NA,3,2,2,3,35,3,NA,"8/4/2022",2022
"7/27/2022","S-O21-ACSA-031","O21","Acer","saccharum",1.25,"SFR-D","SP",2,TRUE,TRUE,TRUE,FALSE,FALSE,FALSE,FALSE,FALSE,FALSE,FALSE,FALSE,"Moderate",NA,"Shrubs or herbaceous non-grass species",FALSE,FALSE,FALSE,FALSE,FALSE,FALSE,NA,2,1,1,1,35,2,NA,"7/27/2022",2022
"7/30/2022","S-P21-CECA-015","P21","Cercis","canadensis",1,"INST","SP",4,TRUE,TRUE,FALSE,TRUE,FALSE,TRUE,FALSE,FALSE,FALSE,FALSE,FALSE,"None",NA,"Lush",FALSE,TRUE,FALSE,FALSE,TRUE,FALSE,NA,5,2,11,4,65,5,NA,"7/30/2022",2022
"7/20/2022","S-Q21-ULAM-010","Q21","Ulmus","americana",3.6,"TR","OM",3,FALSE,TRUE,TRUE,TRUE,TRUE,TRUE,TRUE,FALSE,FALSE,FALSE,FALSE,"None",NA,"Lush",FALSE,FALSE,FALSE,FALSE,FALSE,FALSE,NA,2,2,1,2,25,5,NA,"7/20/2022",2022
"7/27/2022","S-O21-QUMA-028","O21","Quercus","macrocarpa",1.1,"SFR-D","SP",NA,TRUE,TRUE,FALSE,TRUE,FALSE,TRUE,TRUE,FALSE,FALSE,FALSE,FALSE,"Extensive",NA,"Shrubs or herbaceous non-grass species",FALSE,FALSE,FALSE,FALSE,FALSE,FALSE,NA,NA,NA,21,5,95,NA,NA,"7/27/2022",2022
"5/25/2022","S-O18-QUPH-034","O18","Quercus","phellos",29.5,"INST","OM",NA,FALSE,TRUE,TRUE,FALSE,NA,FALSE,FALSE,FALSE,NA,NA,NA,NA,NA,NA,NA,TRUE,NA,NA,FALSE,FALSE,NA,NA,NA,1,2,25,4,NA,"5/25/2022",2022
"6/4/2022","S-O18-QUPH-048","O18","Quercus","phellos",18.4,"INST","OM",NA,FALSE,TRUE,TRUE,FALSE,NA,FALSE,FALSE,FALSE,NA,NA,NA,NA,NA,NA,NA,FALSE,NA,NA,FALSE,FALSE,NA,2,2,1,2,25,4,NA,"6/4/2022",2022
"7/27/2022","S-O21-LAUN-047","O21","Lagerstroemia","unknown",22,"SFR-D","SP",NA,TRUE,TRUE,TRUE,TRUE,NA,FALSE,FALSE,FALSE,NA,NA,NA,NA,NA,NA,NA,FALSE,NA,NA,FALSE,FALSE,NA,1,1,2,1,25,4,NA,"7/27/2022",2022
"7/28/2022","S-O21-ASTR-065","O21","Asimina","triloba",0.8,"SFR-D","FY",2,TRUE,TRUE,FALSE,TRUE,FALSE,TRUE,FALSE,FALSE,FALSE,FALSE,FALSE,"Extensive",NA,"Lush",FALSE,FALSE,FALSE,FALSE,FALSE,FALSE,NA,2,2,1,2,55,4,NA,"7/28/2022",2022
"7/30/2022","S-P21-PRUN-072","P21","Prunus","unknown",0.55,"SFR-D","SP",4,TRUE,TRUE,FALSE,TRUE,FALSE,TRUE,TRUE,FALSE,FALSE,FALSE,FALSE,"None",NA,"Lush",FALSE,TRUE,FALSE,FALSE,FALSE,FALSE,NA,2,2,1,2,55,5,NA,"7/30/2022",2022
"5/20/2022","S-O18-CECA-001","O18","Cercis","canadensis",2.3,"INST","OM",3,FALSE,TRUE,FALSE,TRUE,TRUE,TRUE,FALSE,FALSE,FALSE,FALSE,FALSE,"None",NA,"Lush",FALSE,FALSE,FALSE,FALSE,FALSE,FALSE,NA,2,2,1,3,35,5,NA,"5/20/2022",2022
"7/20/2022","S-Q21-ULAM-006","Q21","Ulmus","americana",4.9,"TR","OM",3,FALSE,TRUE,TRUE,TRUE,TRUE,TRUE,TRUE,FALSE,FALSE,FALSE,FALSE,"None",NA,"Lush",FALSE,FALSE,FALSE,FALSE,FALSE,FALSE,NA,2,2,1,1,15,5,NA,"7/20/2022",2022
"7/28/2022","S-O21-ACPA-060","O21","Acer","palmatum",18.9,"SFR-D","SC",2,TRUE,TRUE,TRUE,TRUE,FALSE,FALSE,FALSE,FALSE,FALSE,FALSE,FALSE,"None",NA,"None",TRUE,TRUE,FALSE,FALSE,FALSE,FALSE,NA,2,1,2,1,45,4,NA,"7/28/2022",2022
"7/29/2022","S-R21-QUPH-059","R21","Quercus","phellos",29.7,"SFR-D","FY",4,TRUE,FALSE,TRUE,FALSE,FALSE,FALSE,FALSE,FALSE,FALSE,FALSE,FALSE,"None",NA,"None",TRUE,TRUE,TRUE,TRUE,FALSE,FALSE,NA,2,1,4,2,45,4,NA,"7/29/2022",2022
"7/30/2022","S-P21-ACPL-062","P21","Acer","platanoides x truncatum",1,"INST","SP",4,TRUE,TRUE,FALSE,TRUE,FALSE,TRUE,FALSE,FALSE,FALSE,FALSE,FALSE,"None",NA,"Lush",FALSE,TRUE,FALSE,FALSE,FALSE,FALSE,NA,2,2,1,2,25,5,NA,"7/30/2022",2022
"5/25/2022","S-O18-QUPH-031","O18","Quercus","phellos",18,"INST","OM",NA,FALSE,TRUE,FALSE,FALSE,NA,FALSE,FALSE,FALSE,NA,NA,NA,NA,NA,NA,NA,FALSE,NA,NA,FALSE,FALSE,NA,2,NA,2,2,35,3,NA,"5/25/2022",2022
"7/29/2022","S-R21-CRVI-050","R21","Crataegus","viridis",1.2,"V","OM",2,TRUE,FALSE,TRUE,TRUE,FALSE,TRUE,TRUE,FALSE,TRUE,FALSE,FALSE,"None",NA,"Patchy but green",FALSE,TRUE,FALSE,FALSE,FALSE,FALSE,NA,2,2,1,2,45,5,NA,"7/29/2022",2022
"7/29/2022","S-R21-CACA-042","R21","Carpinus","caroliniana",1,"SFR-D","FY",2,TRUE,FALSE,TRUE,TRUE,FALSE,TRUE,TRUE,FALSE,FALSE,FALSE,FALSE,"None",NA,"Lush",FALSE,FALSE,FALSE,FALSE,FALSE,FALSE,NA,2,1,3,2,45,5,NA,"7/29/2022",2022
"7/28/2022","S-O21-MAVI-069","O21","Magnolia","virginiana",1,"INST","SC",5,TRUE,TRUE,FALSE,TRUE,FALSE,TRUE,FALSE,FALSE,FALSE,FALSE,FALSE,"None",NA,"Lush",FALSE,FALSE,FALSE,FALSE,FALSE,FALSE,NA,2,2,1,2,55,5,NA,"7/28/2022",2022
"7/22/2022","S-Q21-ACTR-078","Q21","Acer","truncatum",3.1,"COMM","SC",4,TRUE,TRUE,FALSE,FALSE,FALSE,FALSE,FALSE,FALSE,FALSE,FALSE,FALSE,"None",NA,"None",FALSE,FALSE,FALSE,FALSE,FALSE,FALSE,NA,3,1,1,3,15,5,NA,"7/22/2022",2022
"7/30/2022","S-P21-PAPE-046","P21","Parrotia","persica",0.8,"V","SP",4,TRUE,TRUE,FALSE,TRUE,FALSE,TRUE,FALSE,FALSE,FALSE,FALSE,FALSE,"None",NA,"None",FALSE,FALSE,FALSE,FALSE,FALSE,FALSE,NA,NA,NA,5,5,45,NA,NA,"7/30/2022",2022
"7/22/2022","S-Q21-GYDI-040","Q21","Gymnocladus","dioicus",7.45,"COMM","SP",5,TRUE,FALSE,FALSE,TRUE,FALSE,FALSE,FALSE,FALSE,FALSE,FALSE,FALSE,"Moderate",NA,"None",FALSE,FALSE,FALSE,FALSE,FALSE,FALSE,NA,1,1,1,1,35,5,NA,"7/22/2022",2022
"7/30/2022","S-P21-CECA-009","P21","Cercis","canadensis",0.95,"INST","SP",1,TRUE,TRUE,FALSE,TRUE,FALSE,TRUE,FALSE,FALSE,FALSE,FALSE,FALSE,"None",NA,"Lush",FALSE,FALSE,FALSE,FALSE,FALSE,FALSE,NA,5,3,14,4,85,4,NA,"7/30/2022",2022
"7/30/2022","S-P21-LAUN-039","P21","Lagerstroemia","unknown",1.25,"COMM","SP",5,TRUE,TRUE,FALSE,FALSE,FALSE,TRUE,TRUE,FALSE,FALSE,FALSE,FALSE,"None",NA,"Lush",FALSE,FALSE,FALSE,FALSE,FALSE,FALSE,NA,1,2,2,1,45,4,NA,"7/30/2022",2022
"7/29/2022","S-R21-ACRU-039","R21","Acer","rubrum",17.2,"SFR-D","FY",5,TRUE,FALSE,TRUE,FALSE,FALSE,FALSE,FALSE,FALSE,TRUE,FALSE,FALSE,"None",NA,"None",TRUE,TRUE,TRUE,TRUE,TRUE,FALSE,NA,1,2,1,2,25,4,NA,"7/29/2022",2022
"7/30/2022","S-P21-PRUN-057","P21","Prunus","unknown",0.45,"INST","SP",NA,TRUE,TRUE,FALSE,FALSE,NA,TRUE,TRUE,FALSE,NA,NA,NA,NA,NA,NA,NA,FALSE,NA,NA,FALSE,FALSE,NA,NA,NA,21,5,95,NA,NA,"7/30/2022",2022
"7/30/2022","S-P21-ZESE-031","P21","Zelkova","serrata",1,"SFR-D","SY",4,TRUE,TRUE,FALSE,TRUE,FALSE,TRUE,TRUE,FALSE,FALSE,FALSE,FALSE,"None",NA,"Lush",FALSE,FALSE,FALSE,FALSE,FALSE,FALSE,NA,2,2,5,2,65,5,NA,"7/30/2022",2022
"7/27/2022","S-O21-QUPH-050","O21","Quercus","phellos",17,"SFR-D","SC",2,TRUE,TRUE,TRUE,TRUE,FALSE,FALSE,FALSE,FALSE,FALSE,FALSE,FALSE,"Moderate",NA,"None",TRUE,FALSE,FALSE,TRUE,FALSE,FALSE,NA,2,1,1,1,35,5,NA,"7/27/2022",2022
"7/22/2022","S-Q21-ULPA-076","Q21","Ulmus","parvifolia",4.7,"COMM","SC",5,TRUE,TRUE,FALSE,FALSE,FALSE,FALSE,FALSE,FALSE,FALSE,FALSE,FALSE,"None",NA,"None",FALSE,TRUE,FALSE,FALSE,FALSE,FALSE,NA,3,1,2,3,55,4,NA,"7/22/2022",2022
"5/25/2022","S-O18-PRUN-026","O18","Prunus","unknown",10.6,"INST","PB",NA,TRUE,TRUE,FALSE,TRUE,NA,FALSE,FALSE,FALSE,NA,NA,NA,NA,NA,NA,NA,FALSE,NA,NA,FALSE,FALSE,NA,3,2,7,3,45,3,NA,"5/25/2022",2022
"6/4/2022","S-O18-QUPH-049","O18","Quercus","phellos",16.6,"INST","SP",NA,TRUE,TRUE,TRUE,TRUE,NA,FALSE,FALSE,FALSE,NA,NA,NA,NA,NA,NA,NA,FALSE,NA,NA,FALSE,FALSE,NA,2,2,1,2,25,4,NA,"6/4/2022",2022
"8/3/2022","S-S22-QUPH-012","S22","Quercus","phellos",42.5,"SFR-D","FY",4,TRUE,FALSE,TRUE,FALSE,FALSE,FALSE,FALSE,FALSE,TRUE,FALSE,FALSE,"None",NA,"None",TRUE,TRUE,TRUE,FALSE,FALSE,FALSE,NA,2,1,2,2,35,5,NA,"8/3/2022",2022
"7/23/2022","S-U16-LAUN-013","U16","Lagerstroemia","unknown",24.45,"SFR-D","M",4,TRUE,FALSE,FALSE,TRUE,FALSE,FALSE,FALSE,FALSE,TRUE,FALSE,FALSE,"Moderate",NA,"Patchy but green",FALSE,TRUE,FALSE,FALSE,FALSE,FALSE,NA,1,1,1,2,45,4,NA,"7/23/2022",2022
"7/23/2022","S-U16-LAUN-015","U16","Lagerstroemia","unknown",33,"SFR-D","M",4,TRUE,FALSE,FALSE,TRUE,FALSE,FALSE,FALSE,FALSE,TRUE,FALSE,FALSE,"Minimal",NA,"Lush",FALSE,TRUE,FALSE,FALSE,TRUE,FALSE,NA,2,1,2,1,45,5,NA,"7/23/2022",2022
"7/23/2022","S-U16-ULAL-008","U16","Ulmus","alata",15.8,"SFR-D","M",4,TRUE,FALSE,FALSE,TRUE,FALSE,FALSE,FALSE,FALSE,TRUE,FALSE,FALSE,"Minimal",NA,"Lush",TRUE,TRUE,FALSE,FALSE,FALSE,FALSE,NA,2,1,3,2,45,4,NA,"7/23/2022",2022
"7/30/2022","S-P21-LAUN-041","P21","Lagerstroemia","unknown",1.5,"COMM","SP",5,TRUE,TRUE,FALSE,TRUE,FALSE,TRUE,FALSE,FALSE,FALSE,FALSE,FALSE,"None",NA,"Lush",FALSE,FALSE,FALSE,FALSE,FALSE,FALSE,NA,1,2,1,1,55,5,NA,"7/30/2022",2022
"7/29/2022","S-R21-CACA-046","R21","Carpinus","caroliniana",0.75,"SFR-D","FY",3,TRUE,FALSE,TRUE,TRUE,FALSE,TRUE,TRUE,FALSE,FALSE,FALSE,FALSE,"None",NA,"Lush",FALSE,FALSE,FALSE,FALSE,TRUE,FALSE,NA,3,2,1,3,45,4,NA,"7/29/2022",2022
"7/20/2022","S-Q21-ACRU-024","Q21","Acer","rubrum",4.6,"COMM","OM",3,TRUE,FALSE,FALSE,TRUE,TRUE,FALSE,FALSE,FALSE,FALSE,FALSE,FALSE,"None",NA,"Patchy but green",FALSE,TRUE,FALSE,FALSE,TRUE,FALSE,NA,2,1,4,2,45,5,NA,"7/20/2022",2022
"8/4/2022","S-M19-NYSY-012","M19","Nyssa","sylvatica",13,"SFR-D","SP",3,TRUE,FALSE,TRUE,FALSE,FALSE,FALSE,FALSE,FALSE,TRUE,FALSE,FALSE,"None",NA,"Lush",TRUE,TRUE,TRUE,FALSE,FALSE,FALSE,NA,2,2,2,2,45,3,NA,"8/4/2022",2022
"6/4/2022","S-O18-QUPH-041","O18","Quercus","phellos",14.2,"INST","OM",NA,FALSE,TRUE,FALSE,FALSE,NA,FALSE,FALSE,FALSE,NA,NA,NA,NA,NA,NA,NA,FALSE,NA,NA,FALSE,FALSE,NA,2,1,2,2,35,3,NA,"6/4/2022",2022
"7/30/2022","S-P21-ACPL-064","P21","Acer","platanoides",1,"SFR-D","SP",5,TRUE,TRUE,FALSE,TRUE,FALSE,TRUE,TRUE,FALSE,FALSE,FALSE,FALSE,"None",NA,"Lush",FALSE,TRUE,FALSE,FALSE,TRUE,FALSE,NA,2,2,1,2,45,5,NA,"7/30/2022",2022
"7/20/2022","S-Q21-ULAM-003","Q21","Ulmus","americana",4.9,"TR","OM",3,FALSE,TRUE,TRUE,FALSE,FALSE,TRUE,TRUE,FALSE,FALSE,FALSE,FALSE,"None",NA,"Lush",FALSE,FALSE,FALSE,FALSE,FALSE,FALSE,NA,1,2,1,1,25,5,NA,"7/20/2022",2022
"7/28/2022","S-R21-AMXG-014","R21","Amelanchier","x gradiflora",1,"SFR-D","SP",5,TRUE,TRUE,FALSE,TRUE,FALSE,TRUE,FALSE,FALSE,FALSE,FALSE,FALSE,"None",NA,"Lush",FALSE,FALSE,FALSE,FALSE,FALSE,FALSE,NA,2,2,3,2,55,4,NA,"7/28/2022",2022
"7/27/2022","S-O21-QUUN-049","O21","Quercus","unknown",2.7,"SFR-D","SP",2,FALSE,FALSE,FALSE,FALSE,FALSE,FALSE,FALSE,FALSE,FALSE,FALSE,FALSE,"Extensive",NA,"Lush",FALSE,FALSE,FALSE,FALSE,FALSE,FALSE,NA,2,1,1,2,55,4,NA,"7/27/2022",2022
"7/30/2022","S-P21-GIBI-023","P21","Gingko","biloba",0.65,"INST","SP",2,TRUE,TRUE,FALSE,TRUE,FALSE,TRUE,FALSE,FALSE,FALSE,FALSE,FALSE,"None",NA,"Lush",FALSE,FALSE,FALSE,FALSE,FALSE,FALSE,NA,3,1,1,3,15,5,NA,"7/30/2022",2022
"7/30/2022","S-P21-LAUN-047","P21","Lagerstroemia","unknown",1.5,"V","SP",5,TRUE,TRUE,FALSE,TRUE,FALSE,TRUE,TRUE,FALSE,FALSE,FALSE,FALSE,"None",NA,"None",FALSE,FALSE,FALSE,FALSE,FALSE,FALSE,NA,1,1,3,2,65,5,NA,"7/30/2022",2022
"7/30/2022","S-P21-PRUN-070","P21","Prunus","unknown",0.63,"SFR-D","SP",4,TRUE,TRUE,FALSE,TRUE,FALSE,TRUE,TRUE,FALSE,FALSE,FALSE,FALSE,"None",NA,"Lush",FALSE,FALSE,FALSE,FALSE,FALSE,FALSE,NA,2,1,1,2,55,5,NA,"7/30/2022",2022
"7/30/2022","S-P21-ULUN-022","P21","Ulmus","unknown",1.1,"SFR-D","SP",5,TRUE,TRUE,FALSE,TRUE,FALSE,TRUE,TRUE,FALSE,FALSE,FALSE,FALSE,"None",NA,"Lush",FALSE,TRUE,FALSE,FALSE,FALSE,FALSE,NA,2,1,4,2,55,5,NA,"7/30/2022",2022
"8/3/2022","S-S22-QUVI-010","S22","Quercus","virginiana",46.6,"SFR-D","FY",3,TRUE,FALSE,TRUE,FALSE,FALSE,FALSE,FALSE,TRUE,TRUE,FALSE,FALSE,"None",NA,"None",TRUE,TRUE,TRUE,FALSE,TRUE,FALSE,NA,1,1,2,1,35,4,NA,"8/3/2022",2022
"5/25/2022","S-O18-PRUN-027","O18","Prunus","unknown",10.7,"INST","PB",NA,TRUE,TRUE,FALSE,TRUE,NA,FALSE,FALSE,FALSE,NA,NA,NA,NA,NA,NA,NA,FALSE,NA,NA,FALSE,FALSE,NA,3,2,14,4,55,3,NA,"5/25/2022",2022
"7/30/2022","S-P21-CECA-016","P21","Cercis","canadensis",1.05,"INST","SP",4,TRUE,TRUE,FALSE,TRUE,FALSE,TRUE,FALSE,FALSE,TRUE,FALSE,FALSE,"None",NA,"Lush",FALSE,FALSE,FALSE,FALSE,FALSE,FALSE,NA,5,2,7,4,55,5,NA,"7/30/2022",2022
"7/22/2022","S-Q21-ULPA-074","Q21","Ulmus","parvifolia",5.6,"COMM","SC",5,TRUE,TRUE,FALSE,FALSE,FALSE,FALSE,FALSE,FALSE,FALSE,FALSE,FALSE,"None",NA,"None",FALSE,TRUE,FALSE,FALSE,FALSE,FALSE,NA,2,1,2,2,35,2,NA,"7/22/2022",2022
"7/28/2022","S-R21-CRVI-011","R21","Crataegus","viridis",1,"SFR-D","SP",NA,TRUE,TRUE,FALSE,FALSE,NA,TRUE,FALSE,FALSE,NA,NA,NA,NA,NA,NA,NA,TRUE,NA,NA,FALSE,FALSE,NA,NA,NA,21,5,95,NA,NA,"7/28/2022",2022
"7/27/2022","S-O21-COKO-029","O21","Cornus","kousa",1.7,"SFR-D","SC",2,TRUE,TRUE,FALSE,TRUE,FALSE,FALSE,FALSE,FALSE,TRUE,FALSE,FALSE,"Extensive",NA,"Shrubs or herbaceous non-grass species",FALSE,FALSE,FALSE,FALSE,FALSE,FALSE,NA,2,2,2,2,45,4,NA,"7/27/2022",2022
"7/28/2022","S-O21-LAUN-109","O21","Lagerstroemia","unknown",17.6,"SFR-D","FY",2,TRUE,FALSE,TRUE,FALSE,FALSE,FALSE,FALSE,FALSE,TRUE,FALSE,FALSE,"None",NA,"Shrubs or herbaceous non-grass species",TRUE,FALSE,FALSE,FALSE,FALSE,FALSE,NA,2,1,2,1,45,4,NA,"7/28/2022",2022
"7/22/2022","S-Q21-GYDI-034","Q21","Gymnocladus","dioicus",2.5,"COMM","SP",4,TRUE,FALSE,FALSE,TRUE,FALSE,FALSE,FALSE,FALSE,FALSE,FALSE,FALSE,"Moderate",NA,"None",FALSE,TRUE,FALSE,FALSE,TRUE,FALSE,NA,2,1,2,2,65,4,NA,"7/22/2022",2022
"7/30/2022","S-P21-PAPE-044","P21","Parrotia","persica",1,"V","SP",4,TRUE,TRUE,FALSE,TRUE,FALSE,TRUE,TRUE,FALSE,FALSE,FALSE,FALSE,"None",NA,"Patchy but green",FALSE,FALSE,FALSE,FALSE,FALSE,FALSE,NA,5,2,15,4,85,5,NA,"7/30/2022",2022
"7/30/2022","S-P21-CECA-017","P21","Cercis","canadensis",1,"INST","SP",4,TRUE,TRUE,FALSE,FALSE,FALSE,TRUE,FALSE,FALSE,FALSE,FALSE,FALSE,"None",NA,"Lush",FALSE,FALSE,FALSE,FALSE,TRUE,FALSE,NA,3,2,2,3,45,5,NA,"7/30/2022",2022
"6/4/2022","S-O18-QUPH-051","O18","Quercus","phellos",11.85,"INST","SP",NA,TRUE,TRUE,TRUE,TRUE,NA,FALSE,FALSE,FALSE,NA,NA,NA,NA,NA,NA,NA,FALSE,NA,NA,FALSE,FALSE,NA,2,1,3,2,45,3,NA,"6/4/2022",2022
"7/22/2022","S-Q21-ACBU-033","Q21","Acer","buergeranum",9.75,"COMM","OH",5,TRUE,FALSE,FALSE,TRUE,FALSE,FALSE,FALSE,FALSE,FALSE,FALSE,FALSE,"Moderate",NA,"None",FALSE,FALSE,FALSE,FALSE,FALSE,FALSE,NA,2,1,1,1,15,4,NA,"7/22/2022",2022
"7/23/2022","S-U16-ILCO-004","U16","Ilex","cornuta",11.15,"SFR-D","M",4,TRUE,FALSE,FALSE,FALSE,FALSE,FALSE,FALSE,FALSE,TRUE,FALSE,FALSE,"Moderate",NA,"Shrubs or herbaceous non-grass species",FALSE,FALSE,FALSE,FALSE,FALSE,FALSE,NA,1,1,2,1,35,5,NA,"7/23/2022",2022
"7/30/2022","S-P21-LAUN-007","P21","Lagerstroemia","unknown",1.25,"COMM","SP",4,TRUE,TRUE,FALSE,TRUE,FALSE,TRUE,TRUE,FALSE,FALSE,FALSE,FALSE,"None",NA,"Patchy but green",FALSE,FALSE,FALSE,FALSE,FALSE,FALSE,NA,1,1,1,1,45,4,NA,"7/30/2022",2022
"7/30/2022","S-P21-CACA-067","P21","Carpinus","caroliniana",1.25,"SFR-D","SP",4,TRUE,TRUE,FALSE,TRUE,FALSE,TRUE,TRUE,FALSE,FALSE,FALSE,FALSE,"None",NA,"Patchy but green",FALSE,TRUE,FALSE,FALSE,FALSE,FALSE,NA,3,2,2,3,35,5,NA,"7/30/2022",2022
"7/23/2022","S-U16-LAUN-017","U16","Lagerstroemia","unknown",36.5,"SFR-D","M",4,TRUE,FALSE,FALSE,TRUE,FALSE,FALSE,FALSE,FALSE,TRUE,FALSE,FALSE,"Minimal",NA,"Lush",TRUE,TRUE,FALSE,FALSE,FALSE,FALSE,NA,2,1,2,2,35,4,NA,"7/23/2022",2022
"8/3/2022","S-S22-QUVI-016","S22","Quercus","virginiana",34.5,"SFR-D","FY",4,TRUE,FALSE,FALSE,FALSE,FALSE,FALSE,FALSE,FALSE,TRUE,FALSE,FALSE,"None",NA,"Patchy but green",TRUE,TRUE,FALSE,FALSE,TRUE,FALSE,NA,1,1,2,2,35,3,NA,"8/3/2022",2022
"7/28/2022","S-O21-PRUN-062","O21","Prunus","unknown",8.45,"V","SC",3,TRUE,TRUE,TRUE,FALSE,FALSE,FALSE,FALSE,FALSE,TRUE,FALSE,FALSE,"None",NA,"Shrubs or herbaceous non-grass species",TRUE,FALSE,FALSE,FALSE,TRUE,FALSE,NA,1,1,1,1,35,5,NA,"7/28/2022",2022
"7/30/2022","S-P21-ZESE-034","P21","Zelkova","serrata",0.65,"COMM","SP",NA,TRUE,TRUE,FALSE,TRUE,NA,TRUE,TRUE,FALSE,NA,NA,NA,NA,NA,NA,NA,TRUE,NA,NA,TRUE,FALSE,NA,NA,NA,21,5,85,NA,NA,"7/30/2022",2022
"7/29/2022","S-R21-CACA-037","R21","Carpinus","caroliniana",0.8,"NAT","NAT",3,TRUE,FALSE,FALSE,FALSE,FALSE,FALSE,TRUE,FALSE,FALSE,FALSE,FALSE,"None",NA,"Lush",FALSE,FALSE,FALSE,FALSE,TRUE,FALSE,NA,3,2,2,3,45,3,NA,"7/29/2022",2022
"7/28/2022","S-O21-MAVI-068","O21","Magnolia","virginiana",1,"INST","SC",5,TRUE,TRUE,FALSE,TRUE,FALSE,TRUE,FALSE,FALSE,FALSE,FALSE,FALSE,"None",NA,"Lush",FALSE,FALSE,FALSE,FALSE,TRUE,FALSE,NA,2,2,1,2,65,5,NA,"7/28/2022",2022
"7/30/2022","S-P21-PRUN-056","P21","Prunus","unknown",0.63,"SFR-D","SP",3,TRUE,FALSE,FALSE,TRUE,FALSE,TRUE,TRUE,FALSE,FALSE,FALSE,FALSE,"None",NA,"Lush",FALSE,FALSE,FALSE,FALSE,FALSE,FALSE,NA,1,2,1,2,55,5,NA,"7/30/2022",2022
"8/4/2022","S-M19-QUCO-030","M19","Quercus","coccinea",29.9,"MFR","SP",5,TRUE,TRUE,FALSE,TRUE,FALSE,FALSE,FALSE,FALSE,TRUE,FALSE,FALSE,"None",NA,"Patchy but green",TRUE,TRUE,TRUE,TRUE,FALSE,FALSE,NA,1,1,2,2,25,3,NA,"8/4/2022",2022
"8/3/2022","S-S18-QUPH-006","S18","Quercus","phellos",39,"SFR-D","FY",3,TRUE,FALSE,FALSE,TRUE,FALSE,FALSE,FALSE,FALSE,TRUE,FALSE,FALSE,"Moderate",NA,"None",FALSE,TRUE,TRUE,FALSE,TRUE,FALSE,NA,1,1,2,2,45,4,NA,"8/3/2022",2022
"7/30/2022","S-P21-CECA-054","P21","Cercis","canadensis",0.8,"SFR-D","SP",4,TRUE,TRUE,FALSE,FALSE,FALSE,TRUE,FALSE,FALSE,FALSE,FALSE,FALSE,"None",NA,"Lush",FALSE,TRUE,FALSE,FALSE,FALSE,FALSE,NA,NA,NA,21,5,95,NA,NA,"7/30/2022",2022
"7/27/2022","S-O21-QUUN-033","O21","Quercus","unknown",12.7,"SFR-A","SC",3,TRUE,TRUE,FALSE,FALSE,FALSE,FALSE,FALSE,FALSE,FALSE,FALSE,FALSE,"None",NA,"None",FALSE,TRUE,FALSE,FALSE,FALSE,FALSE,NA,2,1,1,1,25,4,NA,"7/27/2022",2022
"6/4/2022","S-O18-QUPH-039","O18","Quercus","phellos",15.5,"INST","OM",NA,FALSE,TRUE,FALSE,FALSE,NA,FALSE,FALSE,FALSE,NA,NA,NA,NA,NA,NA,NA,FALSE,NA,NA,FALSE,FALSE,NA,3,2,1,3,35,3,NA,"6/4/2022",2022
"8/4/2022","S-T18-QUPH-039","T18","Quercus","phellos",15.6,"SFR-D","FY",4,TRUE,FALSE,FALSE,FALSE,FALSE,FALSE,FALSE,FALSE,TRUE,FALSE,FALSE,"None",NA,"Patchy but green",FALSE,TRUE,FALSE,FALSE,FALSE,FALSE,NA,2,2,1,2,35,3,NA,"8/4/2022",2022
"7/23/2022","S-U16-ULAL-010","U16","Ulmus","alata",6.2,"SFR-D","M",4,TRUE,FALSE,FALSE,FALSE,FALSE,FALSE,FALSE,FALSE,FALSE,FALSE,FALSE,"Minimal",NA,"Lush",TRUE,FALSE,FALSE,FALSE,FALSE,FALSE,NA,2,2,1,2,35,3,NA,"7/23/2022",2022
"8/4/2022","S-M19-NYSY-009","M19","Nyssa","sylvatica",19.5,"SFR-D","SP",3,TRUE,FALSE,TRUE,TRUE,FALSE,FALSE,FALSE,FALSE,TRUE,FALSE,FALSE,"None",NA,"Lush",FALSE,TRUE,TRUE,FALSE,TRUE,FALSE,NA,2,2,2,2,25,3,NA,"8/4/2022",2022
"7/23/2022","S-U16-ULAL-006","U16","Ulmus","alata",6.4,"SFR-D","M",4,TRUE,FALSE,FALSE,TRUE,TRUE,FALSE,FALSE,FALSE,TRUE,FALSE,FALSE,"Minimal",NA,"Lush",TRUE,FALSE,FALSE,FALSE,FALSE,FALSE,NA,2,2,2,3,25,5,NA,"7/23/2022",2022
"7/23/2022","S-U16-ULAL-014","U16","Ulmus","alata",6.2,"SFR-D","M",4,TRUE,FALSE,FALSE,TRUE,FALSE,FALSE,FALSE,FALSE,TRUE,FALSE,FALSE,"Moderate",NA,"Patchy but green",FALSE,FALSE,FALSE,FALSE,TRUE,FALSE,NA,2,2,1,2,35,4,NA,"7/23/2022",2022
"7/27/2022","S-O21-QULY-032","O21","Quercus","lyrata",9.1,"SFR-D","SP",2,TRUE,TRUE,TRUE,TRUE,FALSE,FALSE,FALSE,FALSE,FALSE,FALSE,FALSE,"Extensive",NA,"None",FALSE,FALSE,FALSE,FALSE,FALSE,FALSE,NA,2,1,1,1,25,3,NA,"7/27/2022",2022
"7/22/2022","S-Q21-GYDI-038","Q21","Gymnocladus","dioicus",5.35,"COMM","SP",5,TRUE,FALSE,FALSE,TRUE,FALSE,FALSE,FALSE,FALSE,FALSE,FALSE,FALSE,"Moderate",NA,"None",FALSE,FALSE,FALSE,FALSE,TRUE,FALSE,NA,2,1,1,1,45,5,NA,"7/22/2022",2022
"7/20/2022","S-Q21-ULAM-009","Q21","Ulmus","americana",3.5,"TR","OM",3,FALSE,TRUE,TRUE,FALSE,TRUE,TRUE,TRUE,FALSE,FALSE,FALSE,FALSE,"None",NA,"Lush",FALSE,FALSE,FALSE,FALSE,FALSE,FALSE,NA,1,2,1,1,35,5,NA,"7/20/2022",2022
"7/30/2022","S-P21-PRUN-068","P21","Prunus","unknown",0.7,"SFR-D","SP",4,TRUE,TRUE,FALSE,TRUE,FALSE,TRUE,TRUE,FALSE,FALSE,FALSE,FALSE,"None",NA,"Lush",FALSE,FALSE,FALSE,FALSE,FALSE,FALSE,NA,2,2,1,2,65,5,NA,"7/30/2022",2022
"8/4/2022","S-T18-QUPH-016","T18","Quercus","phellos",32.2,"SFR-D","SY",4,TRUE,FALSE,FALSE,TRUE,FALSE,FALSE,FALSE,FALSE,TRUE,FALSE,FALSE,"None",NA,"Shrubs or herbaceous non-grass species",FALSE,TRUE,TRUE,FALSE,FALSE,FALSE,NA,1,1,2,2,45,5,NA,"8/4/2022",2022
"7/30/2022","S-P21-ZESE-037","P21","Zelkova","serrata",0.9,"COMM","SP",5,TRUE,TRUE,FALSE,TRUE,FALSE,TRUE,TRUE,FALSE,FALSE,FALSE,FALSE,"None",NA,"Lush",FALSE,FALSE,FALSE,FALSE,FALSE,FALSE,NA,1,2,3,1,55,5,NA,"7/30/2022",2022
"8/4/2022","S-M19-NYSY-016","M19","Nyssa","sylvatica",14.5,"SFR-D","FY",4,TRUE,FALSE,TRUE,FALSE,FALSE,FALSE,FALSE,FALSE,FALSE,FALSE,FALSE,"None",NA,"Lush",TRUE,TRUE,FALSE,FALSE,TRUE,FALSE,NA,2,1,1,2,35,3,NA,"8/4/2022",2022
"7/27/2022","S-O21-QUUN-034","O21","Quercus","unknown",9.1,"SFR-D","SP",2,TRUE,TRUE,FALSE,FALSE,FALSE,FALSE,FALSE,FALSE,FALSE,FALSE,FALSE,"None",NA,"None",FALSE,TRUE,FALSE,FALSE,FALSE,FALSE,NA,2,2,2,2,25,4,NA,"7/27/2022",2022
"7/27/2022","S-O21-COFL-045","O21","Cornus","florida",3.7,"SFR-D","SP",2,TRUE,TRUE,TRUE,TRUE,FALSE,FALSE,FALSE,FALSE,FALSE,FALSE,FALSE,"Extensive",NA,"Shrubs or herbaceous non-grass species",FALSE,FALSE,FALSE,FALSE,TRUE,FALSE,NA,3,2,1,3,45,4,NA,"7/27/2022",2022
"7/30/2022","S-P21-ACTR-061","P21","Acer","truncatum",1.45,"INST","SP",4,TRUE,TRUE,FALSE,TRUE,FALSE,TRUE,FALSE,FALSE,FALSE,FALSE,FALSE,"None",NA,"Lush",FALSE,FALSE,FALSE,FALSE,FALSE,FALSE,NA,1,1,1,1,25,5,NA,"7/30/2022",2022
"5/20/2022","S-O18-CECA-004","O18","Cercis","canadensis",1.85,"INST","OM",3,FALSE,TRUE,FALSE,TRUE,TRUE,TRUE,FALSE,FALSE,FALSE,FALSE,TRUE,"None",NA,"Lush",FALSE,FALSE,FALSE,FALSE,FALSE,FALSE,NA,2,2,2,3,35,5,NA,"5/20/2022",2022
"7/30/2022","S-P21-LAUN-011","P21","Lagerstroemia","unknown",17.65,"INST","SP",5,TRUE,TRUE,FALSE,FALSE,FALSE,FALSE,FALSE,FALSE,TRUE,FALSE,FALSE,"None",NA,"None",FALSE,TRUE,FALSE,FALSE,TRUE,FALSE,NA,1,2,2,2,35,3,NA,"7/30/2022",2022
"7/30/2022","S-P21-CECA-010","P21","Cercis","canadensis",0.95,"INST","SP",3,TRUE,TRUE,FALSE,TRUE,FALSE,TRUE,FALSE,FALSE,FALSE,FALSE,TRUE,"None",NA,"Patchy but green",FALSE,TRUE,FALSE,FALSE,FALSE,FALSE,NA,4,2,2,3,35,4,NA,"7/30/2022",2022
"8/3/2022","S-U21-LIST-003","U21","Liquidambar","styraciflua",1.17,"SFR-D","SY",NA,TRUE,FALSE,FALSE,FALSE,NA,FALSE,FALSE,FALSE,NA,NA,NA,NA,NA,NA,NA,FALSE,NA,NA,FALSE,FALSE,NA,1,1,1,1,45,0,NA,"8/3/2022",2022
"5/21/2022","S-O18-CECA-014","O18","Cercis","canadensis",1.5,"INST","SP",4,TRUE,TRUE,FALSE,TRUE,TRUE,TRUE,FALSE,FALSE,FALSE,FALSE,FALSE,"None",NA,"Lush",FALSE,FALSE,FALSE,FALSE,TRUE,FALSE,NA,2,2,1,2,45,5,NA,"5/21/2022",2022
"5/20/2022","S-O18-CECA-005","O18","Cercis","canadensis",1.8,"INST","SP",3,FALSE,TRUE,FALSE,TRUE,FALSE,TRUE,FALSE,FALSE,FALSE,FALSE,FALSE,"None",NA,"Lush",FALSE,FALSE,FALSE,FALSE,FALSE,FALSE,NA,NA,NA,21,5,0,NA,NA,"5/20/2022",2022
"8/3/2022","S-S22-QUVI-011","S22","Quercus","virginiana",22.1,"SFR-D","SY",4,TRUE,FALSE,TRUE,FALSE,FALSE,FALSE,FALSE,FALSE,TRUE,FALSE,FALSE,"None",NA,"None",TRUE,TRUE,TRUE,FALSE,FALSE,FALSE,NA,1,1,3,2,45,3,NA,"8/3/2022",2022
"7/30/2022","S-P21-LAUN-005","P21","Lagerstroemia","unknown",1.05,"COMM","SP",4,TRUE,TRUE,FALSE,TRUE,FALSE,TRUE,TRUE,FALSE,FALSE,FALSE,FALSE,"None",NA,"Patchy but green",FALSE,FALSE,FALSE,FALSE,TRUE,FALSE,NA,1,1,2,1,35,5,NA,"7/30/2022",2022
"6/4/2022","S-O18-QUPH-042","O18","Quercus","phellos",16.6,"INST","OM",NA,FALSE,TRUE,FALSE,FALSE,NA,FALSE,FALSE,FALSE,NA,NA,NA,NA,NA,NA,NA,TRUE,NA,NA,FALSE,FALSE,NA,2,NA,1,2,25,3,NA,"6/4/2022",2022
"7/30/2022","S-P21-LAUN-040","P21","Lagerstroemia","unknown",1.75,"COMM","SP",5,TRUE,TRUE,FALSE,TRUE,FALSE,TRUE,FALSE,FALSE,FALSE,FALSE,FALSE,"None",NA,"Lush",FALSE,FALSE,FALSE,FALSE,FALSE,FALSE,NA,1,1,2,1,55,5,NA,"7/30/2022",2022
"8/4/2022","S-M19-NYSY-019","M19","Nyssa","sylvatica",14.4,"SFR-D","FY",4,TRUE,FALSE,FALSE,TRUE,FALSE,FALSE,FALSE,FALSE,FALSE,FALSE,FALSE,"None",NA,"None",FALSE,TRUE,TRUE,FALSE,FALSE,FALSE,NA,2,1,3,2,45,2,NA,"8/4/2022",2022
"8/3/2022","S-S22-ACRU-017","S22","Acer","rubrum",22.1,"SFR-D","FY",4,TRUE,FALSE,FALSE,FALSE,FALSE,FALSE,FALSE,FALSE,TRUE,FALSE,FALSE,"None",NA,"Patchy but green",TRUE,TRUE,FALSE,FALSE,FALSE,FALSE,NA,2,1,4,3,45,3,NA,"8/3/2022",2022
"7/20/2022","S-Q21-ACRU-026","Q21","Acer","rubrum",4.5,"COMM","OM",3,TRUE,FALSE,FALSE,TRUE,TRUE,FALSE,FALSE,FALSE,FALSE,FALSE,FALSE,"None",NA,"Patchy but green",FALSE,FALSE,FALSE,FALSE,TRUE,FALSE,NA,2,1,1,1,35,5,NA,"7/20/2022",2022
"7/30/2022","S-P21-LAUN-002","P21","Lagerstroemia","unknown",2.1,"COMM","SP",5,TRUE,TRUE,FALSE,TRUE,FALSE,TRUE,FALSE,FALSE,FALSE,FALSE,FALSE,"None",NA,"Lush",FALSE,FALSE,FALSE,FALSE,TRUE,FALSE,NA,2,2,2,2,45,5,NA,"7/30/2022",2022
"7/28/2022","S-R21-CACA-015","R21","Carpinus","caroliniana",0.9,"SFR-D","SP",5,TRUE,TRUE,FALSE,TRUE,FALSE,TRUE,TRUE,FALSE,FALSE,FALSE,FALSE,"None",NA,"Patchy but green",FALSE,FALSE,FALSE,FALSE,FALSE,FALSE,NA,2,2,1,2,45,5,NA,"7/28/2022",2022
"7/20/2022","S-Q21-ULAM-002","Q21","Ulmus","americana",4.7,"TR","OM",3,FALSE,TRUE,TRUE,FALSE,FALSE,TRUE,TRUE,FALSE,FALSE,FALSE,FALSE,"None",NA,"Lush",FALSE,FALSE,FALSE,FALSE,TRUE,FALSE,NA,1,2,1,4,15,5,NA,"7/20/2022",2022
"8/4/2022","S-M19-QUCO-032","M19","Quercus","coccinea",24.4,"MFR","SP",5,TRUE,TRUE,FALSE,TRUE,FALSE,FALSE,FALSE,FALSE,TRUE,FALSE,FALSE,"None",NA,"None",TRUE,TRUE,FALSE,FALSE,FALSE,FALSE,NA,2,1,3,2,35,4,NA,"8/4/2022",2022
"7/30/2022","S-P21-LAUN-051","P21","Lagerstroemia","unknown",16.35,"AG","SP",5,TRUE,TRUE,FALSE,FALSE,FALSE,FALSE,FALSE,FALSE,TRUE,FALSE,FALSE,"None",NA,"None",FALSE,TRUE,FALSE,FALSE,FALSE,FALSE,NA,2,1,2,2,35,3,NA,"7/30/2022",2022
"7/20/2022","S-Q21-ACRU-020","Q21","Acer","rubrum",5.7,"COMM","OM",3,TRUE,FALSE,FALSE,TRUE,TRUE,FALSE,FALSE,FALSE,FALSE,FALSE,FALSE,"None",NA,"Patchy but green",FALSE,TRUE,FALSE,FALSE,TRUE,FALSE,NA,2,1,7,3,55,5,NA,"7/20/2022",2022
"8/3/2022","S-S22-ZESE-015","S22","Zelkova","serrata",1,"SFR-D","FY",NA,TRUE,FALSE,FALSE,TRUE,NA,TRUE,TRUE,FALSE,NA,NA,NA,NA,NA,NA,NA,FALSE,NA,NA,TRUE,FALSE,NA,2,2,1,1,45,3,NA,"8/3/2022",2022
"6/16/2023","O19-QUPH-001","O19","Quercus","phellos",21.6,"INST","SP",4,TRUE,TRUE,FALSE,FALSE,FALSE,FALSE,FALSE,TRUE,FALSE,FALSE,FALSE,"None","N/A","None",TRUE,FALSE,FALSE,TRUE,TRUE,FALSE,TRUE,1,1,3,1,0,4,FALSE,"0",2023
"6/16/2023","O19-QUPH-002","O19","Quercus","phellos",24.8,"INST","SP",4,TRUE,TRUE,FALSE,FALSE,FALSE,FALSE,FALSE,TRUE,FALSE,FALSE,FALSE,"None","N/A","None",TRUE,FALSE,TRUE,FALSE,TRUE,FALSE,FALSE,1,1,3,1,0,3,FALSE,"0",2023
"6/16/2023","O19-QUPH-003","O19","Quercus","phellos",30.4,"INST","SP",4,TRUE,TRUE,FALSE,FALSE,FALSE,FALSE,FALSE,TRUE,FALSE,FALSE,FALSE,"None","N/A","None",TRUE,FALSE,FALSE,FALSE,TRUE,FALSE,TRUE,1,1,3,1,0,4,FALSE,"0",2023
"6/16/2023","O19-QUPH-004","O19","Quercus","phellos",14.7,"INST","",4,TRUE,TRUE,FALSE,FALSE,FALSE,FALSE,FALSE,TRUE,FALSE,FALSE,FALSE,"None","N/A","None",TRUE,FALSE,TRUE,FALSE,FALSE,FALSE,FALSE,2,1,1,1,0,5,FALSE,"0",2023
"6/16/2023","O19-QUPH-005","O19","Quercus","phellos",9.8,"INST","SP",4,TRUE,TRUE,FALSE,FALSE,FALSE,FALSE,FALSE,TRUE,FALSE,FALSE,FALSE,"None","N/A","None",TRUE,FALSE,FALSE,TRUE,TRUE,FALSE,FALSE,2,1,1,1,0,4,FALSE,"0",2023
"6/16/2023","O19-QUPH-006","O19","Quercus","phellos",42.8,"INST","SP",4,TRUE,TRUE,FALSE,FALSE,FALSE,FALSE,FALSE,TRUE,FALSE,FALSE,FALSE,"None","N/A","None",TRUE,FALSE,TRUE,TRUE,FALSE,FALSE,FALSE,2,1,3,1,0,3,FALSE,"0",2023
"6/16/2023","O19-QUPH-007","O19","Quercus","phellos",10.6,"INST","SP",4,TRUE,TRUE,FALSE,FALSE,FALSE,FALSE,FALSE,TRUE,FALSE,FALSE,FALSE,"None","N/A","None",TRUE,FALSE,FALSE,FALSE,TRUE,FALSE,FALSE,4,1,1,3,0,3,FALSE,"0",2023
"6/16/2023","O19-QUPH-008","O19","Quercus","phellos",15.6,"INST","SP",4,TRUE,TRUE,FALSE,FALSE,FALSE,FALSE,FALSE,TRUE,TRUE,FALSE,FALSE,"None","N/A","None",TRUE,FALSE,FALSE,FALSE,TRUE,FALSE,FALSE,2,1,1,2,0,5,FALSE,"0",2023
"6/16/2023","O19-QUPH-009","O19","Quercus","phellos",13.4,"INST","SP",4,TRUE,TRUE,FALSE,FALSE,FALSE,FALSE,FALSE,TRUE,FALSE,FALSE,FALSE,"None","N/A","None",TRUE,FALSE,FALSE,FALSE,TRUE,FALSE,FALSE,2,1,2,2,0,5,FALSE,"0",2023
"6/16/2023","O19-QUPH-O19","O19","Quercus","phellos",14.4,"INST","SP",4,TRUE,TRUE,FALSE,FALSE,FALSE,FALSE,FALSE,TRUE,TRUE,FALSE,FALSE,"None","N/A","None",TRUE,FALSE,TRUE,FALSE,FALSE,FALSE,FALSE,1,1,1,1,0,5,FALSE,"0",2023
"6/16/2023","O19-PRSE-011","O19","Prunus","serotina",5.3,"INST","SP",4,TRUE,TRUE,FALSE,FALSE,FALSE,FALSE,FALSE,TRUE,FALSE,FALSE,FALSE,"None","N/A","Lush",FALSE,FALSE,FALSE,FALSE,FALSE,FALSE,FALSE,3,2,7,4,0,3,FALSE,"0",2023
"6/16/2023","O19-LAUN-012","O19","Lagerstroemia","unknown",2.2,"INST","SP",5,TRUE,TRUE,FALSE,FALSE,FALSE,FALSE,FALSE,FALSE,FALSE,FALSE,FALSE,"None","N/A","Lush",FALSE,FALSE,FALSE,FALSE,FALSE,FALSE,FALSE,1,1,1,1,0,0,FALSE,"0",2023
"6/16/2023","O19-LAUN-013","O19","Lagerstroemia","unknown",3,"INST","SP",5,TRUE,TRUE,FALSE,FALSE,FALSE,FALSE,FALSE,TRUE,FALSE,FALSE,FALSE,"None","N/A","Lush",FALSE,FALSE,FALSE,FALSE,FALSE,FALSE,FALSE,2,1,2,1,0,2,FALSE,"0",2023
"6/16/2023","O19-PRSE-014","O19","Prunus","serotina",3.9,"INST","SP",5,TRUE,TRUE,FALSE,FALSE,FALSE,FALSE,FALSE,TRUE,TRUE,FALSE,FALSE,"None","N/A","Lush",FALSE,FALSE,TRUE,FALSE,FALSE,FALSE,FALSE,3,1,2,3,0,2,FALSE,"0",2023
"6/16/2023","O19-CAIL-015","O19","Carya","illinoinensis",4.3,"INST","SP",5,TRUE,TRUE,FALSE,FALSE,FALSE,FALSE,FALSE,TRUE,TRUE,FALSE,FALSE,"None","N/A","Lush",FALSE,FALSE,TRUE,FALSE,FALSE,FALSE,FALSE,2,1,1,2,0,4,FALSE,"0",2023
"6/20/2023","O19-ACRU-016","O19","Acer","rubrum",8.5,"COMM","OM",5,FALSE,TRUE,FALSE,TRUE,FALSE,FALSE,FALSE,TRUE,FALSE,FALSE,FALSE,"None","recent","Lush",TRUE,FALSE,FALSE,TRUE,FALSE,FALSE,FALSE,1,1,1,1,0,3,FALSE,"0",2023
"6/20/2023","O19-LAUN-017","O19","Lagerstroemia","unknown",9.4,"COMM","OM",5,FALSE,TRUE,FALSE,TRUE,FALSE,FALSE,FALSE,TRUE,FALSE,FALSE,FALSE,"None","recent","Lush",FALSE,FALSE,FALSE,TRUE,TRUE,FALSE,FALSE,3,1,1,3,0,3,FALSE,"0",2023
"6/20/2023","O19-LAUN-018","O19","Lagerstroemia","unknown",10.1,"COMM","OM",5,FALSE,TRUE,FALSE,TRUE,FALSE,FALSE,FALSE,TRUE,FALSE,FALSE,FALSE,"None","recent","Lush",FALSE,FALSE,FALSE,FALSE,FALSE,FALSE,FALSE,3,1,2,3,0,3,FALSE,"0",2023
"6/20/2023","O19-LAUN-019","O19","Lagerstroemia","unknown",9.1,"COMM","OM",5,FALSE,TRUE,FALSE,TRUE,FALSE,FALSE,FALSE,TRUE,FALSE,FALSE,FALSE,"Moderate","recent","Lush",FALSE,FALSE,FALSE,FALSE,TRUE,FALSE,FALSE,2,1,1,1,0,3,FALSE,"0",2023
"6/20/2023","O19-ACRU-020","O19","Acer","rubrum",8.5,"COMM","OM",5,FALSE,TRUE,FALSE,TRUE,FALSE,FALSE,FALSE,TRUE,FALSE,FALSE,FALSE,"Moderate","recent","Lush",TRUE,FALSE,FALSE,FALSE,FALSE,FALSE,FALSE,2,1,1,2,0,3,FALSE,"0",2023
"6/20/2023","O19-ACBU-021","O19","Acer","buergerianum",7.7,"COMM","OM",5,FALSE,TRUE,FALSE,TRUE,FALSE,FALSE,FALSE,TRUE,FALSE,FALSE,FALSE,"None","recent","Lush",FALSE,FALSE,FALSE,FALSE,FALSE,FALSE,FALSE,1,1,1,1,0,2,FALSE,"0",2023
"6/20/2023","O19-ACBU-022","O19","Acer","buergerianum",6.3,"COMM","OM",5,FALSE,TRUE,FALSE,TRUE,FALSE,FALSE,FALSE,TRUE,FALSE,FALSE,FALSE,"None","recent","Lush",FALSE,FALSE,FALSE,FALSE,TRUE,FALSE,FALSE,1,1,1,1,0,2,FALSE,"0",2023
"6/20/2023","O19-ACBU-023","O19","Acer","buergerianum",7.4,"COMM","OM",5,NA,TRUE,FALSE,TRUE,FALSE,FALSE,FALSE,TRUE,FALSE,FALSE,FALSE,"None","recent","Lush",TRUE,FALSE,FALSE,FALSE,FALSE,FALSE,FALSE,1,1,1,1,0,2,FALSE,"0",2023
"6/20/2023","O19-LAIN-024","O19","Lagerstroemia","indica",3.3,"MIX","SC",5,TRUE,TRUE,TRUE,FALSE,FALSE,FALSE,FALSE,TRUE,FALSE,FALSE,FALSE,"None","N/A","None",TRUE,FALSE,FALSE,FALSE,FALSE,FALSE,FALSE,2,1,3,2,0,3,FALSE,"0",2023
"6/20/2023","O19-LAIN-025","O19","Lagerstroemia","indica",3.5,"MIX","SC",5,TRUE,TRUE,TRUE,FALSE,FALSE,FALSE,FALSE,TRUE,FALSE,FALSE,FALSE,"None","N/A","None",FALSE,FALSE,FALSE,FALSE,FALSE,FALSE,FALSE,1,1,2,1,0,4,FALSE,"0",2023
"6/20/2023","O19-LAIN-026","O19","Lagerstroemia","indica",3.8,"MIX","SC",5,TRUE,TRUE,TRUE,FALSE,FALSE,FALSE,FALSE,TRUE,FALSE,FALSE,FALSE,"None","N/A","None",FALSE,FALSE,FALSE,FALSE,FALSE,TRUE,TRUE,1,1,1,1,0,5,FALSE,"0",2023
"6/20/2023","O19-LAIN-027","O19","Lagerstroemia","indica",4,"MIX","SC",5,TRUE,TRUE,TRUE,FALSE,FALSE,FALSE,FALSE,TRUE,FALSE,FALSE,FALSE,"None","N/A","None",FALSE,FALSE,FALSE,FALSE,TRUE,FALSE,FALSE,2,1,2,3,0,4,FALSE,"0",2023
"6/20/2023","O19-LAIN-028","O19","Lagerstroemia","indica",4.5,"MFR","SC",5,TRUE,TRUE,TRUE,FALSE,FALSE,FALSE,FALSE,TRUE,FALSE,FALSE,FALSE,"None","N/A","None",FALSE,FALSE,FALSE,FALSE,FALSE,FALSE,TRUE,1,1,2,1,0,4,FALSE,"0",2023
"6/20/2023","O19-LAIN-029","O19","Lagerstroemia","indica",4.7,"MFR","SC",5,TRUE,TRUE,TRUE,FALSE,FALSE,FALSE,FALSE,TRUE,FALSE,FALSE,FALSE,"None","N/A","None",FALSE,FALSE,FALSE,FALSE,FALSE,FALSE,FALSE,2,1,1,1,0,4,FALSE,"0",2023
"6/20/2023","O19-LAIN-030","O19","Lagerstroemia","indica",3.6,"MFR","SC",5,TRUE,TRUE,TRUE,FALSE,FALSE,FALSE,FALSE,TRUE,FALSE,FALSE,FALSE,"None","N/A","None",TRUE,FALSE,FALSE,FALSE,FALSE,FALSE,FALSE,2,1,2,2,0,4,FALSE,"0",2023
"6/20/2023","O19-LAIN-031","O19","Lagerstroemia","indica",3.4,"MFR","SC",5,TRUE,TRUE,TRUE,FALSE,FALSE,FALSE,FALSE,TRUE,FALSE,FALSE,FALSE,"Minimal","N/A","None",FALSE,FALSE,FALSE,FALSE,FALSE,FALSE,FALSE,1,1,2,1,0,4,FALSE,"0",2023
"6/20/2023","O19-LAIN-032","O19","Lagerstroemia","indica",14.2,"MFR","SC",5,TRUE,TRUE,TRUE,FALSE,FALSE,FALSE,FALSE,TRUE,TRUE,FALSE,TRUE,"Minimal","N/A","None",TRUE,TRUE,FALSE,FALSE,FALSE,FALSE,FALSE,1,1,1,1,0,4,FALSE,"0",2023
"6/20/2023","O19-LAIN-033","O19","Lagerstroemia","indica",27.3,"COMM","M",2,FALSE,TRUE,FALSE,TRUE,FALSE,FALSE,FALSE,TRUE,TRUE,FALSE,FALSE,"Moderate","recent","Lush",FALSE,FALSE,FALSE,FALSE,TRUE,FALSE,FALSE,2,1,12,4,0,5,FALSE,"0",2023
"6/20/2023","O19-QUMA-034","O19","Quercus","macrocarpa",5.8,"COMM","M",2,TRUE,FALSE,FALSE,TRUE,FALSE,FALSE,FALSE,FALSE,FALSE,FALSE,FALSE,"None","recent","Lush",FALSE,FALSE,FALSE,FALSE,FALSE,FALSE,FALSE,2,1,1,1,0,5,FALSE,"0",2023
"6/20/2023","O19-TADI-036","O19","Taxodium","distichum",4.1,"COMM","M",1,FALSE,FALSE,FALSE,TRUE,FALSE,FALSE,FALSE,FALSE,FALSE,FALSE,FALSE,"None","recent","Lush",FALSE,FALSE,FALSE,FALSE,FALSE,FALSE,FALSE,2,1,1,1,0,5,FALSE,"0",2023
"6/20/2023","O19-QUBI-037","O19","Quercus","bicolor",3.3,"COMM","M",2,TRUE,FALSE,FALSE,FALSE,FALSE,FALSE,FALSE,FALSE,FALSE,FALSE,FALSE,"None","recent","Lush",FALSE,FALSE,FALSE,FALSE,FALSE,FALSE,FALSE,2,1,1,1,0,5,FALSE,"0",2023
"6/20/2023","O19-QULY-038","O19","Quercus","lyrata",6.6,"COMM","M",2,TRUE,FALSE,FALSE,TRUE,FALSE,FALSE,FALSE,FALSE,FALSE,FALSE,FALSE,"None","recent","Lush",FALSE,FALSE,FALSE,FALSE,FALSE,FALSE,FALSE,2,1,1,1,0,5,FALSE,"0",2023
"6/20/2023","O19-QULY-039","O19","Quercus","lyrata",6.9,"COMM","M",3,TRUE,FALSE,FALSE,TRUE,FALSE,FALSE,FALSE,FALSE,FALSE,FALSE,FALSE,"None","recent","Lush",FALSE,FALSE,FALSE,FALSE,FALSE,FALSE,FALSE,1,1,1,1,0,5,FALSE,"0",2023
"6/20/2023","O19-QULY-040","O19","Quercus","lyrata",6.7,"COMM","M",2,TRUE,FALSE,FALSE,FALSE,FALSE,FALSE,FALSE,FALSE,FALSE,FALSE,FALSE,"Minimal","recent","Dry/brown",FALSE,FALSE,FALSE,FALSE,FALSE,FALSE,FALSE,1,1,1,1,0,5,FALSE,"0",2023
"6/20/2023","O19-PRUN-041","O19","Prunus","unknown",3.1,"COMM","M",2,TRUE,FALSE,FALSE,TRUE,FALSE,FALSE,FALSE,TRUE,FALSE,FALSE,FALSE,"Minimal","recent","Lush",FALSE,FALSE,FALSE,FALSE,FALSE,FALSE,FALSE,1,1,1,1,0,5,FALSE,"0",2023
"6/20/2023","O19-PRUN-042","O19","Prunus","unknown",2.9,"COMM","M",2,TRUE,FALSE,FALSE,TRUE,FALSE,FALSE,FALSE,TRUE,FALSE,FALSE,FALSE,"Minimal","recent","Lush",FALSE,FALSE,FALSE,FALSE,FALSE,FALSE,FALSE,2,2,1,2,0,5,FALSE,"0",2023
"6/20/2023","O19-QUPH-043","O19","Quercus","phellos",7,"COMM","OM",2,FALSE,TRUE,FALSE,TRUE,FALSE,FALSE,FALSE,TRUE,FALSE,FALSE,FALSE,"None","recent","Lush",FALSE,FALSE,FALSE,FALSE,FALSE,FALSE,FALSE,2,2,1,1,0,5,FALSE,"0",2023
"6/20/2023","O19-QUPH-044","O19","Quercus","phellos",7.4,"COMM","OM",2,FALSE,TRUE,FALSE,TRUE,FALSE,FALSE,FALSE,TRUE,FALSE,FALSE,FALSE,"None","recent","Lush",FALSE,FALSE,FALSE,FALSE,FALSE,FALSE,FALSE,3,1,1,3,0,5,FALSE,"0",2023
"6/20/2023","O19-QUPH-045","O19","Quercus","phellos",8.2,"COMM","OM",2,FALSE,TRUE,FALSE,TRUE,FALSE,FALSE,FALSE,TRUE,TRUE,FALSE,FALSE,"None","recent","Lush",FALSE,FALSE,FALSE,FALSE,TRUE,FALSE,FALSE,2,1,1,2,0,5,FALSE,"0",2023
"6/20/2023","O19-QUPH-046","O19","Quercus","phellos",5.7,"COMM","OM",2,FALSE,TRUE,FALSE,TRUE,TRUE,FALSE,FALSE,FALSE,FALSE,FALSE,FALSE,"None","recent","Lush",FALSE,FALSE,FALSE,FALSE,FALSE,FALSE,TRUE,4,1,2,4,0,5,FALSE,"0",2023
"6/20/2023","O19-QUPH-047","O19","Quercus","phellos",5.5,"COMM","OM",2,FALSE,TRUE,FALSE,TRUE,FALSE,FALSE,FALSE,TRUE,FALSE,FALSE,FALSE,"None","recent","Lush",FALSE,FALSE,FALSE,FALSE,FALSE,FALSE,FALSE,3,1,1,3,0,5,FALSE,"0",2023
"6/20/2023","O19-QUPH-048","O19","Quercus","phellos",4.1,"COMM","OM",2,FALSE,TRUE,FALSE,TRUE,FALSE,FALSE,FALSE,TRUE,TRUE,FALSE,FALSE,"None","recent","Lush",FALSE,FALSE,FALSE,FALSE,TRUE,FALSE,FALSE,3,1,7,4,0,5,FALSE,"0",2023
"6/20/2023","O19-QUPH-049","O19","Quercus","phellos",5.4,"COMM","OM",2,FALSE,TRUE,FALSE,TRUE,FALSE,FALSE,FALSE,TRUE,FALSE,FALSE,FALSE,"None","recent","Lush",FALSE,FALSE,FALSE,FALSE,TRUE,FALSE,TRUE,3,1,4,3,0,5,FALSE,"0",2023
"6/20/2023","O19-QUPH-050","O19","Quercus","phellos",6.8,"COMM","OM",2,FALSE,TRUE,FALSE,TRUE,FALSE,FALSE,FALSE,TRUE,FALSE,FALSE,FALSE,"None","recent","Lush",FALSE,FALSE,FALSE,FALSE,FALSE,FALSE,TRUE,3,1,1,3,0,5,FALSE,"0",2023
"6/20/2023","O19-QUPH-051","O19","Quercus","phellos",7.5,"COMM","OM",2,FALSE,TRUE,FALSE,TRUE,FALSE,FALSE,FALSE,TRUE,FALSE,FALSE,FALSE,"None","recent","Lush",FALSE,FALSE,FALSE,FALSE,FALSE,FALSE,FALSE,3,1,1,3,0,5,FALSE,"0",2023
"6/20/2023","O19-CHRE-052","O19","Chionanthus","retusus",1.3,"INST","SP",2,TRUE,TRUE,FALSE,FALSE,FALSE,TRUE,FALSE,FALSE,FALSE,FALSE,FALSE,"None","recent","Lush",FALSE,FALSE,FALSE,FALSE,FALSE,FALSE,FALSE,2,1,1,1,0,5,FALSE,"0",2023
"6/20/2023","O19-CHRE-053","O19","Chionanthus","retusus",1.2,"INST","SP",2,TRUE,TRUE,FALSE,FALSE,FALSE,TRUE,FALSE,TRUE,FALSE,TRUE,FALSE,"None","recent","Lush",FALSE,FALSE,FALSE,FALSE,TRUE,FALSE,FALSE,4,1,7,4,0,5,FALSE,"0",2023
"6/20/2023","O19-CHRE-054","O19","Chionanthus","retusus",0.9,"INST","SP",2,TRUE,TRUE,FALSE,FALSE,FALSE,TRUE,FALSE,FALSE,FALSE,FALSE,FALSE,"None","recent","Lush",FALSE,FALSE,FALSE,FALSE,FALSE,FALSE,TRUE,5,1,2,4,0,5,FALSE,"0",2023
"6/20/2023","O19-CHRE-055","O19","Chionanthus","retusus",1.2,"INST","SP",2,TRUE,TRUE,FALSE,FALSE,FALSE,TRUE,FALSE,FALSE,FALSE,FALSE,FALSE,"None","recent","Lush",FALSE,FALSE,FALSE,FALSE,FALSE,FALSE,TRUE,5,1,2,4,0,5,FALSE,"0",2023
"6/20/2023","O19-CHRE-056","O19","Chionanthus","retusus",1.2,"INST","SP",2,TRUE,TRUE,FALSE,FALSE,FALSE,TRUE,FALSE,FALSE,FALSE,FALSE,FALSE,"None","recent","Lush",FALSE,FALSE,FALSE,FALSE,FALSE,FALSE,TRUE,5,1,3,4,0,5,FALSE,"0",2023
"6/20/2023","O19-CHRE-057","O19","Chionanthus","retusus",0.9,"INST","SP",2,TRUE,TRUE,FALSE,FALSE,FALSE,TRUE,FALSE,FALSE,FALSE,FALSE,FALSE,"None","recent","Lush",FALSE,FALSE,FALSE,FALSE,FALSE,FALSE,TRUE,5,1,3,4,0,5,FALSE,"0",2023
"6/20/2023","O19-CHRE-058","O19","Chionanthus","retusus",1.3,"INST","SP",2,TRUE,TRUE,FALSE,FALSE,FALSE,TRUE,FALSE,FALSE,FALSE,FALSE,FALSE,"None","recent","Lush",FALSE,FALSE,FALSE,FALSE,FALSE,FALSE,TRUE,4,2,2,4,0,5,FALSE,"0",2023
"6/22/2023","O19-CHRE-059","O19","Chionanthus","retusus",0.7,"INST","SP",2,TRUE,TRUE,FALSE,FALSE,FALSE,TRUE,FALSE,FALSE,FALSE,FALSE,FALSE,"None","recent","Lush",FALSE,FALSE,FALSE,FALSE,FALSE,FALSE,FALSE,NA,NA,21,5,0,5,TRUE,"0",2023
"6/22/2023","O19-CHRE-060","O19","Chionanthus","retusus",1.6,"INST","SP",2,TRUE,TRUE,FALSE,FALSE,FALSE,FALSE,FALSE,FALSE,FALSE,FALSE,FALSE,"None","recent","Lush",FALSE,FALSE,FALSE,FALSE,FALSE,FALSE,FALSE,3,2,7,4,0,5,FALSE,"0",2023
"6/22/2023","O19-CHRE-061","O19","Chionanthus","retusus",0.5,"INST","SP",2,TRUE,TRUE,FALSE,FALSE,FALSE,FALSE,FALSE,FALSE,FALSE,FALSE,FALSE,"None","recent","Lush",FALSE,FALSE,FALSE,FALSE,FALSE,FALSE,FALSE,NA,NA,21,5,0,5,TRUE,"0",2023
"6/22/2023","O19-CHRE-062","O19","Chionanthus","retusus",1.3,"INST","SP",2,TRUE,TRUE,FALSE,FALSE,FALSE,TRUE,FALSE,FALSE,FALSE,FALSE,FALSE,"None","recent","Lush",FALSE,FALSE,FALSE,FALSE,FALSE,FALSE,FALSE,3,1,9,4,0,5,FALSE,"0",2023
"6/22/2023","O19-PICH-062","O19","Pistacia","chinensis",5.3,"INST","SP",2,TRUE,TRUE,TRUE,FALSE,FALSE,FALSE,FALSE,FALSE,FALSE,FALSE,FALSE,"None","recent","Lush",FALSE,FALSE,FALSE,FALSE,FALSE,FALSE,FALSE,1,1,2,1,0,5,FALSE,"0",2023
"6/22/2023","O19-PICH-063","O19","Pistacia","chinensis",3.9,"INST","SP",2,TRUE,TRUE,TRUE,FALSE,FALSE,FALSE,FALSE,FALSE,FALSE,FALSE,FALSE,"None","recent","Lush",FALSE,FALSE,FALSE,FALSE,FALSE,FALSE,FALSE,3,1,1,3,0,5,FALSE,"0",2023
"6/22/2023","O19-PICH-064","O19","Pistacia","chinensis",5,"INST","SP",2,TRUE,TRUE,TRUE,FALSE,FALSE,FALSE,FALSE,TRUE,TRUE,FALSE,FALSE,"None","recent","Lush",TRUE,FALSE,FALSE,FALSE,FALSE,FALSE,FALSE,1,1,1,1,0,5,FALSE,"0",2023
"6/22/2023","O19-PICH-065","O19","Pistacia","chinensis",4.7,"INST","SP",2,TRUE,TRUE,TRUE,FALSE,FALSE,FALSE,FALSE,FALSE,FALSE,FALSE,FALSE,"None","recent","Lush",TRUE,FALSE,FALSE,FALSE,FALSE,FALSE,TRUE,2,2,1,1,0,5,FALSE,"0",2023
"6/22/2023","O19-PICH-067","O19","Pistacia","chinensis",4.9,"INST","SP",2,TRUE,TRUE,TRUE,FALSE,FALSE,TRUE,FALSE,TRUE,FALSE,FALSE,FALSE,"None","recent","Lush",FALSE,FALSE,FALSE,FALSE,FALSE,FALSE,FALSE,1,1,1,1,0,5,FALSE,"0",2023
"6/22/2023","O19-PICH-068","O19","Pistacia","chinensis",5.2,"INST","SP",2,TRUE,TRUE,TRUE,FALSE,FALSE,FALSE,FALSE,FALSE,FALSE,FALSE,FALSE,"None","recent","Lush",TRUE,FALSE,FALSE,FALSE,FALSE,FALSE,FALSE,1,1,2,1,0,5,FALSE,"0",2023
"6/22/2023","O19-PICH-069","O19","Pistacia","chinensis",7.8,"INST","SP",2,TRUE,TRUE,TRUE,FALSE,FALSE,FALSE,FALSE,FALSE,FALSE,FALSE,FALSE,"None","recent","Lush",FALSE,FALSE,FALSE,FALSE,FALSE,FALSE,FALSE,1,1,1,1,0,5,FALSE,"0",2023
"6/22/2023","O19-PICH-070","O19","Pistacia","chinensis",3.6,"INST","SP",2,TRUE,TRUE,TRUE,FALSE,FALSE,FALSE,FALSE,FALSE,FALSE,FALSE,FALSE,"None","recent","Lush",FALSE,FALSE,FALSE,FALSE,FALSE,FALSE,FALSE,2,1,1,1,0,5,FALSE,"0",2023
"6/22/2023","O19-PICH-071","O19","Pistacia","chinensis",2.5,"INST","SP",2,TRUE,TRUE,TRUE,FALSE,FALSE,TRUE,FALSE,FALSE,FALSE,FALSE,FALSE,"None","recent","Lush",FALSE,FALSE,FALSE,FALSE,FALSE,FALSE,FALSE,2,1,1,1,0,5,FALSE,"0",2023
"6/22/2023","O19-PICH-072","O19","Pistacia","chinensis",1.1,"INST","SP",2,TRUE,TRUE,FALSE,FALSE,FALSE,TRUE,FALSE,FALSE,FALSE,FALSE,FALSE,"None","recent","Lush",FALSE,FALSE,FALSE,FALSE,FALSE,FALSE,FALSE,1,1,1,1,0,5,FALSE,"0",2023
"6/22/2023","O19-ACRU-074","O19","Acer","rubrum",0.1,"INST","SP",2,TRUE,TRUE,FALSE,FALSE,FALSE,FALSE,FALSE,FALSE,FALSE,FALSE,FALSE,"None","recent","Lush",FALSE,FALSE,FALSE,FALSE,FALSE,FALSE,FALSE,2,3,19,4,0,5,FALSE,"0",2023
"6/22/2023","O19-ACPL-075","O19","Acer","platanoides",0.8,"INST","SP",2,TRUE,TRUE,FALSE,FALSE,FALSE,TRUE,FALSE,FALSE,FALSE,FALSE,FALSE,"None","recent","Lush",FALSE,FALSE,FALSE,FALSE,FALSE,FALSE,FALSE,1,2,3,2,0,5,FALSE,"0",2023
"6/22/2023","O19-ACRU-076","O19","Acer","rubrum",0.1,"INST","SP",2,TRUE,TRUE,FALSE,FALSE,FALSE,TRUE,FALSE,FALSE,FALSE,FALSE,FALSE,"None","recent","Lush",FALSE,FALSE,FALSE,FALSE,FALSE,FALSE,FALSE,5,2,1,4,0,5,FALSE,"0",2023
"6/22/2023","O19-PICH-077","O19","Pistacia","chinensis",1.7,"INST","SP",2,TRUE,TRUE,FALSE,FALSE,FALSE,TRUE,FALSE,FALSE,FALSE,FALSE,FALSE,"None","recent","Lush",FALSE,FALSE,FALSE,FALSE,FALSE,FALSE,FALSE,2,1,1,1,0,5,FALSE,"0",2023
"6/22/2023","O19-PICH-078","O19","Pistacia","chinensis",2.4,"INST","SP",2,TRUE,TRUE,FALSE,FALSE,FALSE,FALSE,FALSE,FALSE,FALSE,FALSE,FALSE,"None","recent","Lush",FALSE,FALSE,FALSE,FALSE,FALSE,TRUE,FALSE,3,1,1,3,0,5,FALSE,"0",2023
"6/22/2023","S19-FICA-079","S19","Ficus","carica",6.9,"SFR-D","SP",2,TRUE,TRUE,FALSE,FALSE,FALSE,FALSE,FALSE,FALSE,TRUE,FALSE,TRUE,"Minimal","recent","Lush",TRUE,FALSE,FALSE,FALSE,FALSE,FALSE,FALSE,1,1,7,3,0,4,FALSE,"0",2023
"6/22/2023","S19-PYCO-080","S19","Pyrus","communis",8.8,"SFR-D","FY",2,TRUE,FALSE,FALSE,FALSE,FALSE,FALSE,FALSE,TRUE,TRUE,FALSE,FALSE,"None","old","Lush",FALSE,FALSE,FALSE,FALSE,FALSE,FALSE,FALSE,1,1,3,2,0,4,FALSE,"0",2023
"6/22/2023","S19-ASTR-081","S19","Asimina","triloba",2.4,"SFR-D","FY",2,TRUE,FALSE,FALSE,FALSE,FALSE,FALSE,FALSE,TRUE,TRUE,FALSE,FALSE,"None","old","Lush",FALSE,FALSE,FALSE,FALSE,FALSE,FALSE,FALSE,2,1,4,3,0,5,FALSE,"0",2023
"6/22/2023","S19-PRPE-082","S19","Prunus","persica",7,"SFR-D","FY",2,TRUE,FALSE,FALSE,FALSE,FALSE,FALSE,FALSE,TRUE,TRUE,FALSE,FALSE,"None","old","Lush",FALSE,TRUE,FALSE,FALSE,TRUE,FALSE,FALSE,NA,NA,21,5,0,5,TRUE,"0",2023
"6/22/2023","S19-PRPE-083","S19","Prunus","persica",7,"SFR-D","FY",2,TRUE,FALSE,FALSE,FALSE,FALSE,FALSE,FALSE,TRUE,TRUE,FALSE,FALSE,"None","old","Lush",FALSE,TRUE,FALSE,FALSE,TRUE,FALSE,FALSE,NA,NA,21,5,0,5,TRUE,"0",2023
"6/22/2023","S19-CECA-084","S19","Cercis","canadensis",12,"SFR-D","FY",3,TRUE,FALSE,TRUE,FALSE,FALSE,FALSE,FALSE,TRUE,TRUE,FALSE,TRUE,"None","old","Turf",FALSE,FALSE,FALSE,FALSE,FALSE,FALSE,TRUE,2,2,7,4,0,4,FALSE,"0",2023
"6/22/2023","S19-QUPH-085","S19","Quercus","phellos",27.1,"SFR-D","FY",4,TRUE,FALSE,TRUE,FALSE,FALSE,FALSE,FALSE,TRUE,FALSE,FALSE,FALSE,"None","N/A","None",TRUE,FALSE,TRUE,TRUE,TRUE,FALSE,FALSE,1,1,3,2,0,4,FALSE,"0",2023
"6/22/2023","S19-QUPH-086","S19","Quercus","phellos",40.4,"SFR-D","FY",2,TRUE,FALSE,TRUE,FALSE,FALSE,FALSE,FALSE,TRUE,TRUE,FALSE,FALSE,"None","N/A","None",TRUE,FALSE,TRUE,TRUE,TRUE,FALSE,FALSE,2,1,4,2,0,2,FALSE,"0",2023
"6/22/2023","S19-QUPH-087","S19","Quercus","phellos",25.7,"SFR-D","FY",2,FALSE,FALSE,TRUE,FALSE,FALSE,FALSE,FALSE,TRUE,FALSE,FALSE,FALSE,"None","N/A","None",TRUE,FALSE,TRUE,FALSE,TRUE,FALSE,FALSE,2,1,4,2,0,2,FALSE,"0",2023
"6/22/2023","S19-QUPH-088","S19","Quercus","phellos",35.8,"SFR-D","FY",3,FALSE,FALSE,TRUE,FALSE,FALSE,FALSE,FALSE,TRUE,TRUE,FALSE,FALSE,"None","N/A","None",TRUE,FALSE,TRUE,TRUE,FALSE,FALSE,FALSE,1,1,2,1,0,4,FALSE,"0",2023
"6/23/2023","R24-CAIL-089","R24","Carya","illinoinensis",19.2,"SFR-D","SP",4,TRUE,FALSE,FALSE,FALSE,FALSE,FALSE,FALSE,TRUE,TRUE,FALSE,TRUE,"None","recent","Patchy but green",FALSE,FALSE,TRUE,FALSE,TRUE,FALSE,FALSE,2,1,3,3,0,3,FALSE,"0",2023
"6/23/2023","R24-NYSY-090","R24","Nyssa","sylvatica",2,"SFR-D","FY",2,TRUE,FALSE,FALSE,TRUE,FALSE,TRUE,FALSE,TRUE,FALSE,FALSE,FALSE,"None","recent","Lush",FALSE,FALSE,FALSE,FALSE,FALSE,FALSE,FALSE,2,1,4,2,0,5,FALSE,"0",2023
"6/23/2023","R24-NYSY-091","R24","Nyssa","sylvatica",1.5,"SFR-D","FY",2,TRUE,FALSE,FALSE,FALSE,FALSE,FALSE,FALSE,TRUE,FALSE,FALSE,FALSE,"Minimal","recent","Patchy but green",FALSE,FALSE,FALSE,FALSE,TRUE,FALSE,FALSE,2,1,10,4,0,5,FALSE,"0",2023
"6/23/2023","R24-CECA-092","R24","Cercis","canadensis",1.1,"SFR-D","FY",2,TRUE,FALSE,FALSE,FALSE,FALSE,TRUE,FALSE,TRUE,FALSE,FALSE,FALSE,"None","recent","Lush",FALSE,FALSE,FALSE,FALSE,TRUE,FALSE,FALSE,2,2,5,3,0,5,FALSE,"0",2023
"6/23/2023","R24-NYSY-093","R24","Nyssa","sylvatica",1.8,"","",3,TRUE,FALSE,FALSE,TRUE,FALSE,TRUE,FALSE,TRUE,FALSE,FALSE,FALSE,"Minimal","recent","Lush",FALSE,FALSE,FALSE,FALSE,FALSE,FALSE,FALSE,1,2,1,1,0,5,FALSE,"0",2023
"6/23/2023","R24-NYSY-094","R24","Nyssa","sylvatica",1.4,"SFR-D","FY",3,TRUE,FALSE,FALSE,TRUE,FALSE,TRUE,FALSE,TRUE,FALSE,FALSE,FALSE,"Minimal","recent","Lush",FALSE,FALSE,FALSE,FALSE,TRUE,FALSE,TRUE,5,2,9,4,0,5,FALSE,"0",2023
"6/23/2023","R24-CECA-095","R24","Cercis","canadensis",1.1,"SFR-D","FY",3,TRUE,FALSE,FALSE,FALSE,FALSE,TRUE,FALSE,TRUE,TRUE,FALSE,FALSE,"None","recent","Lush",FALSE,FALSE,FALSE,FALSE,FALSE,TRUE,FALSE,2,2,1,2,0,5,FALSE,"0",2023
"6/23/2023","R24-NYSY-096","R24","Nyssa","sylvatica",1.9,"SFR-D","FY",3,TRUE,FALSE,FALSE,TRUE,TRUE,FALSE,FALSE,TRUE,FALSE,FALSE,FALSE,"None","recent","Lush",FALSE,FALSE,FALSE,FALSE,FALSE,TRUE,FALSE,2,2,1,2,0,5,FALSE,"0",2023
"6/23/2023","R24-NYSY-097","R24","Nyssa","sylvatica",1.7,"SFR-D","FY",3,TRUE,FALSE,FALSE,TRUE,FALSE,TRUE,FALSE,TRUE,FALSE,FALSE,FALSE,"None","recent","Lush",FALSE,FALSE,FALSE,FALSE,FALSE,FALSE,FALSE,2,2,1,2,0,5,FALSE,"0",2023
"6/23/2023","R24-NYSY-098","R24","Nyssa","sylvatica",1.9,"SFR-D","FY",3,TRUE,FALSE,FALSE,FALSE,FALSE,TRUE,FALSE,TRUE,FALSE,FALSE,FALSE,"None","recent","Lush",FALSE,FALSE,FALSE,FALSE,TRUE,TRUE,FALSE,2,1,1,1,0,5,FALSE,"0",2023
"6/23/2023","R24-NYSY-099","R24","Nyssa","sylvatica",1.8,"SFR-D","FY",3,TRUE,FALSE,FALSE,FALSE,FALSE,TRUE,FALSE,TRUE,FALSE,FALSE,FALSE,"None","recent","Lush",FALSE,FALSE,FALSE,FALSE,FALSE,FALSE,FALSE,1,1,1,1,0,4,FALSE,"0",2023
"6/23/2023","R24-CLKE-100","R24","Cladrastis","kentukea",0.9,"SFR-D","FY",3,TRUE,FALSE,FALSE,FALSE,FALSE,TRUE,FALSE,TRUE,FALSE,FALSE,FALSE,"None","recent","Lush",FALSE,FALSE,FALSE,FALSE,FALSE,FALSE,FALSE,1,1,1,1,0,5,FALSE,"0",2023
"6/23/2023","R24-CECA-101","R24","Cercis","canadensis",2.7,"SFR-D","FY",3,TRUE,FALSE,FALSE,FALSE,FALSE,TRUE,FALSE,TRUE,FALSE,FALSE,FALSE,"None","recent","Lush",FALSE,FALSE,FALSE,FALSE,FALSE,FALSE,FALSE,4,1,1,4,0,5,FALSE,"0",2023
"6/23/2023","R24-MAGR-102","R24","Magnolia","grandifolia",0.8,"SFR-D","FY",3,TRUE,FALSE,FALSE,FALSE,FALSE,FALSE,FALSE,FALSE,FALSE,FALSE,FALSE,"None","recent","Lush",FALSE,FALSE,FALSE,FALSE,FALSE,FALSE,FALSE,2,1,1,2,0,5,FALSE,"0",2023
"6/23/2023","R24-PICH-103","R24","Pistacia","chinensis",1.4,"SFR-D","FY",3,TRUE,FALSE,FALSE,FALSE,FALSE,FALSE,FALSE,TRUE,FALSE,FALSE,FALSE,"Minimal","recent","Lush",FALSE,FALSE,FALSE,FALSE,FALSE,FALSE,FALSE,2,1,3,2,0,5,FALSE,"0",2023
"6/23/2023","R24-PICH-104","R24","Pistacia","chinensis",1.7,"SFR-D","FY",3,TRUE,FALSE,TRUE,FALSE,FALSE,FALSE,FALSE,TRUE,FALSE,FALSE,FALSE,"None","recent","Lush",FALSE,FALSE,FALSE,FALSE,FALSE,FALSE,FALSE,2,1,1,1,0,5,FALSE,"0",2023
"6/23/2023","R24-PICH-105","R24","Pistacia","chinensis",1.9,"SFR-D","FY",3,TRUE,FALSE,TRUE,FALSE,FALSE,TRUE,FALSE,TRUE,FALSE,FALSE,FALSE,"None","recent","Lush",FALSE,FALSE,FALSE,FALSE,FALSE,FALSE,FALSE,2,1,1,1,0,5,FALSE,"0",2023
"6/23/2023","R24-PICH-106","R24","Pistacia","chinensis",1.8,"SFR-D","SY",3,TRUE,FALSE,TRUE,TRUE,FALSE,TRUE,FALSE,TRUE,FALSE,FALSE,FALSE,"None","recent","Lush",FALSE,FALSE,FALSE,FALSE,FALSE,FALSE,FALSE,1,1,1,1,0,5,FALSE,"0",2023
"6/23/2023","R24-PICH-107","R24","Pistacia","chinensis",1.7,"SFR-D","FY",3,TRUE,FALSE,TRUE,TRUE,FALSE,TRUE,FALSE,TRUE,FALSE,FALSE,FALSE,"None","recent","Lush",FALSE,FALSE,FALSE,FALSE,FALSE,FALSE,FALSE,2,1,1,2,0,5,FALSE,"0",2023
"6/23/2023","R24-PICH-108","R24","Pistacia","chinensis",0.9,"SFR-D","FY",3,TRUE,FALSE,FALSE,FALSE,FALSE,TRUE,FALSE,TRUE,FALSE,FALSE,FALSE,"None","recent","Lush",FALSE,FALSE,FALSE,FALSE,TRUE,FALSE,FALSE,5,1,4,5,0,5,FALSE,"0",2023
"6/23/2023","R24-PICH-109","R24","Pistacia","chinensis",1.4,"SFR-D","FY",3,TRUE,FALSE,TRUE,TRUE,FALSE,TRUE,FALSE,TRUE,FALSE,FALSE,FALSE,"None","recent","Lush",FALSE,FALSE,FALSE,FALSE,FALSE,FALSE,FALSE,1,1,1,1,0,5,FALSE,"0",2023
"6/23/2023","R24-PICH-110","R24","Pistacia","chinensis",1.3,"SFR-D","FY",3,TRUE,FALSE,TRUE,FALSE,FALSE,FALSE,FALSE,TRUE,FALSE,FALSE,FALSE,"None","recent","Lush",FALSE,FALSE,FALSE,FALSE,TRUE,FALSE,FALSE,1,1,3,1,0,5,FALSE,"0",2023
"6/23/2023","V19-ULAM-111","V19","Ulmus","americana",1.1,"SFR-D","SY",1,TRUE,FALSE,FALSE,FALSE,FALSE,TRUE,FALSE,FALSE,FALSE,FALSE,FALSE,"None","recent","Lush",FALSE,FALSE,FALSE,FALSE,FALSE,FALSE,FALSE,3,2,4,3,0,5,FALSE,"0",2023
"6/23/2023","V19-CERE-112","V19","Cercis","reniformis",0.4,"SFR-D","FY",1,TRUE,FALSE,FALSE,FALSE,FALSE,TRUE,FALSE,FALSE,FALSE,FALSE,FALSE,"None","potentially never","Lush",FALSE,FALSE,FALSE,FALSE,FALSE,FALSE,FALSE,4,1,1,4,0,5,FALSE,"0",2023
"6/23/2023","V19-CERE-113","V19","Cercis","reniformis",0.9,"SFR-D","FY",1,TRUE,FALSE,FALSE,FALSE,FALSE,TRUE,FALSE,FALSE,FALSE,FALSE,FALSE,"None","potentially never","Lush",FALSE,FALSE,FALSE,FALSE,FALSE,FALSE,FALSE,2,1,4,2,0,5,FALSE,"0",2023
"6/23/2023","V19-CERE-114","V19","Cercis","reniformis",0.6,"SFR-D","FY",1,TRUE,FALSE,FALSE,FALSE,FALSE,TRUE,FALSE,FALSE,FALSE,FALSE,FALSE,"None","recent","Lush",FALSE,FALSE,FALSE,FALSE,FALSE,FALSE,FALSE,1,2,21,4,0,5,FALSE,"0",2023
"6/23/2023","V19-CERE-115","V19","Cercis","reniformis",0.4,"SFR-D","FY",1,TRUE,FALSE,FALSE,FALSE,FALSE,FALSE,FALSE,FALSE,FALSE,FALSE,FALSE,"None","potentially never","Lush",FALSE,FALSE,FALSE,FALSE,FALSE,FALSE,FALSE,5,2,21,4,0,5,FALSE,"0",2023
"6/23/2023","V19-ULAM-116","V19","Ulmus","americana",3.2,"SFR-D","FY",3,TRUE,FALSE,FALSE,TRUE,FALSE,TRUE,FALSE,TRUE,TRUE,FALSE,FALSE,"None","recent","Lush",FALSE,FALSE,FALSE,FALSE,FALSE,FALSE,FALSE,5,2,5,4,0,5,FALSE,"0",2023
"6/23/2023","V19-ULAM-117","V19","Ulmus","americana",1,"SFR-D","SY",3,TRUE,FALSE,FALSE,TRUE,FALSE,TRUE,FALSE,TRUE,FALSE,FALSE,FALSE,"None","recent","Lush",FALSE,FALSE,FALSE,FALSE,FALSE,FALSE,FALSE,5,2,6,4,0,5,FALSE,"0",2023
"6/23/2023","V19-ULAM-118","V19","Ulmus","americana",1.2,"SFR-D","SY",3,TRUE,FALSE,FALSE,TRUE,FALSE,TRUE,FALSE,TRUE,FALSE,FALSE,FALSE,"None","recent","Lush",FALSE,FALSE,FALSE,FALSE,FALSE,TRUE,FALSE,5,2,8,4,0,5,FALSE,"0",2023
"6/23/2023","V19-ULAM-119","V19","Ulmus","americana",1.4,"SFR-D","FY",3,TRUE,FALSE,FALSE,TRUE,FALSE,TRUE,FALSE,TRUE,FALSE,FALSE,FALSE,"None","recent","Lush",FALSE,FALSE,FALSE,FALSE,FALSE,FALSE,FALSE,5,2,5,4,0,5,FALSE,"0",2023
"6/23/2023","V19-TADI-121","V19","Taxodium","distichum",1,"SFR-D","SY",3,TRUE,FALSE,FALSE,FALSE,FALSE,FALSE,FALSE,FALSE,FALSE,FALSE,FALSE,"None","recent","Lush",FALSE,FALSE,FALSE,FALSE,FALSE,FALSE,FALSE,4,1,10,4,0,5,FALSE,"0",2023
"6/23/2023","V19-ULAM-122","V19","Ulmus","americana",1.1,"SFR-D","FY",3,TRUE,FALSE,FALSE,TRUE,FALSE,FALSE,FALSE,TRUE,FALSE,FALSE,FALSE,"None","recent","Lush",FALSE,FALSE,FALSE,FALSE,FALSE,FALSE,FALSE,5,2,2,4,0,5,FALSE,"0",2023
"6/23/2023","V19-ULAM-123","V19","Ulmus","americana",1.2,"SFR-D","FY",3,TRUE,FALSE,FALSE,TRUE,FALSE,FALSE,FALSE,TRUE,FALSE,FALSE,FALSE,"None","recent","Lush",FALSE,FALSE,FALSE,FALSE,FALSE,FALSE,FALSE,5,2,2,4,0,5,FALSE,"0",2023
"6/23/2023","V19-TADI-124","V19","Taxodium","distichum",1.1,"SFR-D","FY",3,TRUE,FALSE,FALSE,TRUE,FALSE,TRUE,FALSE,TRUE,FALSE,FALSE,FALSE,"None","recent","Lush",FALSE,FALSE,FALSE,FALSE,FALSE,FALSE,FALSE,2,2,3,3,0,5,FALSE,"0",2023
"6/23/2023","V19-ZESE-125","V19","Zelkova","serrata",0.6,"SFR-D","FY",3,TRUE,FALSE,FALSE,FALSE,FALSE,TRUE,FALSE,FALSE,FALSE,FALSE,FALSE,"None","recent","Lush",FALSE,FALSE,FALSE,FALSE,FALSE,FALSE,FALSE,5,2,5,4,0,5,FALSE,"0",2023
"6/23/2023","V19-TAAS-126","V19","Taxodium","ascendens",1.3,"SFR-D","SP",5,TRUE,TRUE,FALSE,TRUE,FALSE,TRUE,FALSE,FALSE,FALSE,FALSE,FALSE,"None","recent","Lush",FALSE,FALSE,FALSE,FALSE,FALSE,FALSE,FALSE,2,1,1,2,0,4,FALSE,"0",2023
"6/23/2023","V19-TAAS-127","V19","Taxodium","ascendens",1.4,"SFR-D","SP",5,TRUE,TRUE,FALSE,TRUE,FALSE,TRUE,FALSE,FALSE,FALSE,FALSE,FALSE,"None","recent","Lush",FALSE,FALSE,FALSE,FALSE,FALSE,FALSE,FALSE,1,1,1,1,0,5,FALSE,"0",2023
"6/23/2023","V19-ZESE-128","V19","Zelkova","serrata",1.3,"SFR-D","SP",5,TRUE,TRUE,FALSE,TRUE,FALSE,TRUE,FALSE,TRUE,FALSE,FALSE,FALSE,"None","recent","Lush",FALSE,FALSE,FALSE,FALSE,FALSE,FALSE,FALSE,3,2,3,3,0,5,FALSE,"0",2023
"6/23/2023","V19-ZESE-129","V19","Zelkova","serrata",0.9,"SFR-D","SP",5,TRUE,TRUE,FALSE,TRUE,FALSE,TRUE,FALSE,FALSE,FALSE,FALSE,FALSE,"None","recent","Lush",FALSE,FALSE,FALSE,FALSE,FALSE,FALSE,FALSE,3,1,2,3,0,5,FALSE,"0",2023
"6/23/2023","V19-TAAS-130","V19","Taxodium","ascendens",1.5,"","",NA,FALSE,FALSE,FALSE,FALSE,FALSE,FALSE,FALSE,FALSE,FALSE,FALSE,FALSE,"","","",FALSE,FALSE,FALSE,FALSE,FALSE,FALSE,FALSE,1,1,1,1,0,5,FALSE,"0",2023
"6/23/2023","V19-ZESE-131","V19","Zelkova","serrata",0.7,"SFR-D","SP",5,TRUE,TRUE,FALSE,TRUE,FALSE,TRUE,FALSE,TRUE,FALSE,FALSE,FALSE,"None","recent","Lush",FALSE,FALSE,FALSE,FALSE,FALSE,FALSE,FALSE,4,2,9,4,0,5,FALSE,"0",2023
"6/23/2023","V19-ZESE-132","V19","Zelkova","serrata",0.7,"SFR-D","SP",5,TRUE,TRUE,FALSE,FALSE,FALSE,TRUE,FALSE,FALSE,FALSE,FALSE,FALSE,"None","recent","Lush",FALSE,FALSE,FALSE,FALSE,FALSE,FALSE,FALSE,2,2,2,2,0,5,FALSE,"0",2023
"6/23/2023","V19-ZESE-133","V19","Zelkova","serrata",0.7,"SFR-D","SP",5,TRUE,TRUE,FALSE,FALSE,FALSE,TRUE,FALSE,FALSE,FALSE,FALSE,FALSE,"None","recent","Lush",FALSE,FALSE,FALSE,FALSE,FALSE,FALSE,FALSE,5,2,5,4,0,5,FALSE,"0",2023
"6/23/2023","U17-ACRU-134","U17","Acer","rubrum",9.7,"SFR-D","FY",3,TRUE,FALSE,FALSE,TRUE,TRUE,FALSE,FALSE,TRUE,TRUE,FALSE,FALSE,"None","recent","Lush",FALSE,FALSE,FALSE,FALSE,FALSE,FALSE,FALSE,2,1,1,1,0,3,FALSE,"0",2023
"6/23/2023","U17-AMCA-135","U17","Amelanchier","canadensis",7.4,"SFR-D","FY",3,TRUE,FALSE,FALSE,TRUE,FALSE,FALSE,FALSE,TRUE,TRUE,FALSE,FALSE,"Extensive","recent","Lush",FALSE,FALSE,FALSE,FALSE,FALSE,FALSE,FALSE,2,1,4,3,0,4,FALSE,"0",2023
"6/23/2023","U17-ACRU-136","U17","Acer","rubrum",6.9,"SFR-D","FY",3,TRUE,FALSE,FALSE,TRUE,FALSE,FALSE,FALSE,FALSE,FALSE,FALSE,FALSE,"None","recent","Lush",FALSE,FALSE,FALSE,FALSE,FALSE,FALSE,FALSE,2,1,1,1,0,5,FALSE,"0",2023
"6/23/2023","U17-LAIN-138","U17","Lagerstroemia","indica",11.2,"SFR-D","M",4,TRUE,FALSE,FALSE,FALSE,FALSE,FALSE,FALSE,TRUE,FALSE,FALSE,FALSE,"Minimal","recent","Patchy but green",FALSE,FALSE,FALSE,FALSE,FALSE,FALSE,FALSE,2,2,2,1,0,5,FALSE,"0",2023
"6/23/2023","U17-LAIN-139","U17","Lagerstroemia","indica",11.8,"SFR-D","M",4,TRUE,FALSE,FALSE,FALSE,FALSE,FALSE,FALSE,TRUE,TRUE,FALSE,FALSE,"Minimal","recent","Patchy but green",FALSE,FALSE,FALSE,FALSE,FALSE,FALSE,FALSE,2,2,2,1,0,5,FALSE,"0",2023
"6/23/2023","U17-MAST-140","U17","Magnolia","stellata",9.4,"SFR-D","M",4,TRUE,FALSE,FALSE,FALSE,FALSE,FALSE,FALSE,TRUE,TRUE,FALSE,FALSE,"Minimal","recent","Lush",FALSE,FALSE,FALSE,FALSE,FALSE,FALSE,FALSE,5,NA,21,5,0,4,TRUE,"0",2023
"6/23/2023","U17-MAST-141","U17","Magnolia","stellata",9.4,"SFR-D","M",4,TRUE,FALSE,FALSE,FALSE,FALSE,FALSE,FALSE,TRUE,FALSE,FALSE,FALSE,"Minimal","recent","Patchy but green",FALSE,FALSE,FALSE,FALSE,FALSE,FALSE,FALSE,5,1,11,4,0,5,FALSE,"0",2023
"6/23/2023","U17-MAST-142","U17","Magnolia","stellata",10.7,"SFR-D","M",4,TRUE,FALSE,FALSE,FALSE,FALSE,FALSE,FALSE,TRUE,TRUE,FALSE,FALSE,"Minimal","recent","Patchy but green",FALSE,FALSE,FALSE,FALSE,FALSE,FALSE,FALSE,4,1,1,4,0,4,FALSE,"0",2023
"6/23/2023","U17-MAST-143","U17","Magnolia","stellata",2.2,"SFR-D","M",4,TRUE,FALSE,FALSE,FALSE,FALSE,FALSE,FALSE,TRUE,TRUE,FALSE,FALSE,"Minimal","recent","Patchy but green",FALSE,TRUE,FALSE,FALSE,FALSE,FALSE,FALSE,4,1,10,4,0,5,FALSE,"0",2023
"6/23/2023","U17-MAST-144","U17","Magnolia","stellata",5.3,"SFR-D","M",4,TRUE,FALSE,FALSE,FALSE,FALSE,FALSE,FALSE,TRUE,TRUE,FALSE,FALSE,"Minimal","recent","Patchy but green",FALSE,FALSE,FALSE,FALSE,FALSE,FALSE,FALSE,NA,NA,21,5,0,5,TRUE,"0",2023
"6/23/2023","U17-MAST-145","U17","Magnolia","stellata",5.1,"SFR-D","M",4,TRUE,FALSE,FALSE,FALSE,FALSE,FALSE,FALSE,TRUE,FALSE,FALSE,FALSE,"Minimal","recent","Patchy but green",FALSE,FALSE,FALSE,FALSE,FALSE,FALSE,FALSE,NA,NA,21,5,0,5,TRUE,"0",2023
"6/23/2023","U17-ULAM-146","U17","Ulmus","americana",9.4,"SFR-D","FY",3,FALSE,TRUE,FALSE,FALSE,FALSE,FALSE,FALSE,TRUE,FALSE,FALSE,FALSE,"Minimal","N/A","None",TRUE,FALSE,TRUE,TRUE,FALSE,FALSE,TRUE,2,1,2,1,0,4,FALSE,"0",2023
"6/23/2023","U17-ULAM-147","U17","Ulmus","americana",9.1,"SFR-D","FY",3,FALSE,TRUE,FALSE,FALSE,FALSE,FALSE,FALSE,TRUE,TRUE,FALSE,FALSE,"None","recent","Dry/brown",FALSE,FALSE,FALSE,FALSE,FALSE,FALSE,FALSE,2,2,3,2,0,3,FALSE,"0",2023
"6/23/2023","U17-ULAM-148","U17","Ulmus","americana",7.2,"SFR-D","FY",4,FALSE,TRUE,FALSE,FALSE,FALSE,FALSE,FALSE,TRUE,TRUE,FALSE,FALSE,"None","recent","Dry/brown",FALSE,FALSE,FALSE,TRUE,FALSE,FALSE,FALSE,2,2,2,2,0,3,FALSE,"0",2023
"6/23/2023","U17-ULAM-149","U17","Ulmus","americana",4.4,"SFR-D","SC",3,FALSE,TRUE,FALSE,FALSE,FALSE,FALSE,FALSE,TRUE,TRUE,FALSE,FALSE,"None","N/A","None",FALSE,FALSE,FALSE,FALSE,FALSE,TRUE,FALSE,2,2,1,2,0,2,FALSE,"0",2023
"6/23/2023","U17-ULAM-150","U17","Ulmus","americana",4,"SFR-D","SC",3,FALSE,TRUE,FALSE,FALSE,FALSE,FALSE,FALSE,TRUE,TRUE,FALSE,FALSE,"None","N/A","None",FALSE,FALSE,TRUE,FALSE,FALSE,TRUE,FALSE,3,2,1,3,0,3,FALSE,"0",2023
"6/23/2023","U17-MAST-151","U17","Magnolia","stellata",8.1,"SFR-D","M",4,TRUE,FALSE,FALSE,FALSE,FALSE,FALSE,FALSE,TRUE,TRUE,FALSE,FALSE,"Minimal","recent","Lush",TRUE,FALSE,FALSE,FALSE,FALSE,TRUE,FALSE,3,1,1,2,0,4,FALSE,"0",2023
"6/23/2023","U17-MAST-152","U17","Magnolia","stellata",9.4,"SFR-D","M",4,TRUE,FALSE,FALSE,FALSE,FALSE,FALSE,FALSE,TRUE,TRUE,FALSE,FALSE,"Minimal","recent","Lush",FALSE,FALSE,FALSE,FALSE,FALSE,TRUE,FALSE,3,1,1,2,0,3,FALSE,"0",2023
"6/23/2023","U17-MAST-153","U17","Magnolia","stellata",8.2,"SFR-D","M",4,TRUE,FALSE,FALSE,FALSE,FALSE,FALSE,FALSE,TRUE,FALSE,FALSE,FALSE,"Minimal","recent","Lush",FALSE,FALSE,FALSE,FALSE,FALSE,FALSE,FALSE,4,1,2,3,0,4,FALSE,"0",2023
"6/23/2023","U17-LAUN-154","U17","Lagerstroemia","unknown",10.9,"SFR-D","M",4,TRUE,FALSE,FALSE,FALSE,FALSE,FALSE,FALSE,TRUE,FALSE,FALSE,FALSE,"Minimal","recent","Patchy but green",FALSE,FALSE,FALSE,FALSE,TRUE,FALSE,FALSE,2,1,3,2,0,4,FALSE,"0",2023
"6/23/2023","U17-LAUN-155","U17","Lagerstroemia","unknown",11.1,"SFR-D","M",4,TRUE,FALSE,FALSE,FALSE,FALSE,FALSE,FALSE,TRUE,FALSE,FALSE,FALSE,"Minimal","recent","Patchy but green",FALSE,FALSE,FALSE,FALSE,FALSE,TRUE,FALSE,1,2,2,2,0,3,FALSE,"0",2023
"6/23/2023","U17-LAUN-156","U17","Lagerstroemia","unknown",12,"SFR-D","M",4,TRUE,FALSE,FALSE,FALSE,FALSE,FALSE,FALSE,TRUE,FALSE,FALSE,FALSE,"Minimal","recent","Patchy but green",FALSE,FALSE,FALSE,FALSE,FALSE,FALSE,FALSE,1,1,3,1,0,4,FALSE,"0",2023
"6/25/2023","Q18-LAUN-157","Q18","Lagerstroemia","unknown",17.2,"SFR-D","SP",3,TRUE,FALSE,TRUE,FALSE,FALSE,FALSE,FALSE,FALSE,FALSE,FALSE,FALSE,"None","recent","Patchy but green",FALSE,FALSE,TRUE,FALSE,FALSE,TRUE,FALSE,1,1,1,1,0,5,FALSE,"0",2023
"6/25/2023","N14-JUVI-158","N14","Juniperus","virginiana",5.3,"SFR-D","SP",4,TRUE,TRUE,FALSE,FALSE,FALSE,FALSE,FALSE,TRUE,TRUE,FALSE,FALSE,"Minimal","old","Lush",FALSE,FALSE,FALSE,FALSE,TRUE,FALSE,FALSE,3,1,1,3,0,5,FALSE,"0",2023
"6/26/2023","K18-LAUN-159","K18","Lagerstroemia","unknown",11.7,"SFR-D","FY",2,TRUE,FALSE,TRUE,FALSE,FALSE,FALSE,FALSE,TRUE,FALSE,FALSE,FALSE,"None","recent","Lush",FALSE,FALSE,FALSE,FALSE,FALSE,FALSE,FALSE,2,1,2,1,0,5,FALSE,"0",2023
"6/26/2023","K18-LAUN-160","K18","Lagerstroemia","unknown",6.4,"SFR-D","FY",2,TRUE,FALSE,TRUE,FALSE,FALSE,FALSE,FALSE,TRUE,TRUE,FALSE,FALSE,"None","recent","Lush",FALSE,FALSE,FALSE,FALSE,FALSE,FALSE,FALSE,3,2,4,2,0,5,FALSE,"0",2023
"6/26/2023","K18-JUVI-161","K18","Juniperus","virginiana",21.5,"SFR-D","SY",2,TRUE,FALSE,TRUE,FALSE,FALSE,FALSE,FALSE,TRUE,TRUE,FALSE,FALSE,"None","recent","Lush",FALSE,FALSE,FALSE,FALSE,TRUE,FALSE,FALSE,2,1,5,3,0,5,FALSE,"0",2023
"6/26/2023","K18-LIST-162","K18","Liquidambar","styraciflua",0.6,"SFR-D","SP",2,TRUE,TRUE,FALSE,FALSE,FALSE,FALSE,FALSE,FALSE,FALSE,FALSE,FALSE,"None","old","Lush",FALSE,FALSE,FALSE,FALSE,FALSE,FALSE,FALSE,2,2,1,2,0,4,FALSE,"0",2023
"6/26/2023","K18-LAUN-163","K18","Lagerstroemia","unknown",6.9,"SFR-D","M",2,TRUE,FALSE,FALSE,FALSE,FALSE,FALSE,FALSE,TRUE,FALSE,FALSE,FALSE,"None","N/A","None",TRUE,FALSE,FALSE,FALSE,FALSE,FALSE,FALSE,2,2,1,1,0,5,FALSE,"0",2023
"6/26/2023","K18-LAUN-164","K18","Lagerstroemia","unknown",7.4,"SFR-D","M",2,TRUE,FALSE,FALSE,FALSE,FALSE,FALSE,FALSE,TRUE,FALSE,FALSE,FALSE,"None","N/A","None",TRUE,FALSE,FALSE,FALSE,FALSE,FALSE,FALSE,2,2,2,1,0,5,FALSE,"0",2023
"6/26/2023","K18-LAUN-165","K18","Lagerstroemia","unknown",5.8,"SFR-D","M",2,TRUE,FALSE,FALSE,FALSE,FALSE,FALSE,FALSE,TRUE,FALSE,FALSE,FALSE,"Minimal","N/A","None",FALSE,FALSE,FALSE,FALSE,FALSE,FALSE,FALSE,2,2,1,2,0,5,FALSE,"0",2023
"6/26/2023","K18-LAUN-166","K18","Lagerstroemia","unknown",7.2,"SFR-D","M",2,TRUE,FALSE,FALSE,FALSE,FALSE,FALSE,FALSE,TRUE,FALSE,FALSE,FALSE,"Minimal","N/A","None",FALSE,FALSE,FALSE,FALSE,FALSE,FALSE,FALSE,1,2,1,1,0,5,FALSE,"0",2023
"6/26/2023","K18-LAUN-167","K18","Lagerstroemia","unknown",7.8,"SFR-D","M",2,TRUE,FALSE,FALSE,FALSE,FALSE,FALSE,FALSE,TRUE,FALSE,FALSE,FALSE,"Minimal","N/A","None",TRUE,FALSE,FALSE,FALSE,FALSE,FALSE,FALSE,2,2,2,2,0,5,FALSE,"0",2023
"6/26/2023","K18-LAUN-168","K18","Lagerstroemia","unknown",6.5,"SFR-D","M",2,TRUE,FALSE,FALSE,FALSE,FALSE,FALSE,FALSE,TRUE,FALSE,FALSE,FALSE,"Minimal","N/A","None",FALSE,FALSE,FALSE,FALSE,FALSE,FALSE,FALSE,2,2,1,2,0,5,FALSE,"0",2023
"6/26/2023","K18-LAUN-169","K18","Lagerstroemia","unknown",7.4,"SFR-D","M",2,TRUE,FALSE,FALSE,FALSE,FALSE,FALSE,FALSE,TRUE,FALSE,FALSE,FALSE,"None","N/A","None",TRUE,FALSE,FALSE,FALSE,FALSE,FALSE,FALSE,2,2,1,1,0,5,FALSE,"0",2023
"6/26/2023","K18-LAUN-170","K18","Lagerstroemia","unknown",7.9,"SFR-D","M",2,TRUE,FALSE,FALSE,FALSE,FALSE,FALSE,FALSE,TRUE,FALSE,FALSE,FALSE,"None","N/A","None",TRUE,FALSE,FALSE,FALSE,FALSE,FALSE,FALSE,2,1,1,1,0,5,FALSE,"0",2023
"6/26/2023","K18-LAUN-171","K18","Lagerstroemia","unknown",7.8,"SFR-D","M",2,TRUE,FALSE,FALSE,FALSE,FALSE,FALSE,FALSE,TRUE,FALSE,FALSE,FALSE,"Minimal","N/A","None",TRUE,FALSE,FALSE,FALSE,FALSE,FALSE,FALSE,2,1,1,1,0,5,FALSE,"0",2023
"6/26/2023","K18-LAUN-172","K18","Lagerstroemia","unknown",8.6,"SFR-D","M",2,TRUE,FALSE,FALSE,FALSE,FALSE,FALSE,FALSE,TRUE,FALSE,FALSE,FALSE,"Minimal","N/A","None",TRUE,FALSE,FALSE,FALSE,FALSE,FALSE,FALSE,2,1,1,1,0,5,FALSE,"0",2023
"6/26/2023","H21-PITA-173","H21","Pinus","taeda",28.1,"SFR-D","FY",4,TRUE,FALSE,FALSE,FALSE,FALSE,FALSE,FALSE,TRUE,TRUE,FALSE,FALSE,"Minimal","N/A","None",TRUE,FALSE,TRUE,TRUE,TRUE,FALSE,FALSE,2,1,4,2,0,4,FALSE,"0",2023
"6/26/2023","H21-PLOC-174","H21","Platanus","occidentalis",16,"SFR-D","SY",3,TRUE,FALSE,FALSE,FALSE,FALSE,FALSE,FALSE,TRUE,TRUE,FALSE,FALSE,"None","recent","Lush",TRUE,FALSE,FALSE,TRUE,FALSE,FALSE,FALSE,2,2,5,2,0,5,FALSE,"0",2023
"6/26/2023","H21-LAUN-H21","H21","Lagerstroemia","unknown",22,"SFR-D","FY",2,TRUE,FALSE,FALSE,FALSE,FALSE,FALSE,FALSE,TRUE,TRUE,TRUE,TRUE,"None","recent","Lush",TRUE,FALSE,FALSE,FALSE,FALSE,FALSE,FALSE,2,2,2,1,0,3,FALSE,"0",2023
"6/26/2023","H21-LAUN-176","H21","Lagerstroemia","unknown",20.1,"SFR-D","FY",2,TRUE,FALSE,FALSE,FALSE,FALSE,FALSE,FALSE,TRUE,TRUE,FALSE,FALSE,"None","recent","Lush",TRUE,FALSE,FALSE,FALSE,FALSE,FALSE,FALSE,2,2,2,1,0,2,FALSE,"0",2023
"6/26/2023","M22-ILUN-177","M22","Ilex","unknown",3.2,"SFR-D","FY",3,TRUE,FALSE,FALSE,FALSE,FALSE,FALSE,FALSE,TRUE,TRUE,FALSE,FALSE,"Minimal","recent","Lush",FALSE,FALSE,TRUE,FALSE,FALSE,FALSE,FALSE,2,1,1,1,0,1,FALSE,"0",2023
"6/26/2023","M22-ACSA-178","M22","Acer","saccharum",0.7,"SFR-D","FY",2,TRUE,FALSE,FALSE,FALSE,FALSE,TRUE,FALSE,TRUE,TRUE,FALSE,FALSE,"None","old","Patchy but green",FALSE,FALSE,FALSE,FALSE,TRUE,FALSE,FALSE,3,2,9,4,0,5,FALSE,"0",2023
"6/26/2023","M22-QUBI-179","M22","Quercus","bicolor",1.3,"SFR-D","FY",2,TRUE,FALSE,FALSE,FALSE,FALSE,TRUE,FALSE,FALSE,FALSE,FALSE,FALSE,"None","potentially never","Lush",FALSE,FALSE,FALSE,FALSE,FALSE,FALSE,FALSE,2,2,1,2,0,5,FALSE,"0",2023
"6/26/2023","M22-PRYE-181","M22","Prunus","yedoensis",1.5,"SFR-D","SP",2,TRUE,TRUE,FALSE,FALSE,FALSE,TRUE,FALSE,TRUE,FALSE,FALSE,TRUE,"None","potentially never","Lush",FALSE,FALSE,FALSE,FALSE,FALSE,FALSE,FALSE,1,2,2,1,0,5,FALSE,"0",2023
"6/26/2023","M22-PRYE-182","M22","Prunus","yedoensis",1.3,"SFR-D","SP",2,TRUE,TRUE,FALSE,FALSE,FALSE,TRUE,FALSE,TRUE,TRUE,FALSE,TRUE,"None","potentially never","Lush",FALSE,FALSE,FALSE,FALSE,FALSE,FALSE,FALSE,1,2,2,1,0,5,FALSE,"0",2023
"6/26/2023","M22-PRUN-183","M22","Prunus","unknown",0.4,"SFR-D","SP",2,TRUE,TRUE,FALSE,FALSE,FALSE,TRUE,FALSE,FALSE,FALSE,FALSE,FALSE,"None","potentially never","Dry/brown",FALSE,FALSE,FALSE,FALSE,FALSE,FALSE,FALSE,3,2,1,3,0,5,FALSE,"0",2023
"6/26/2023","M22-PRUN-184","M22","Prunus","unknown",0.4,"SFR-D","SP",2,TRUE,TRUE,FALSE,FALSE,FALSE,TRUE,FALSE,FALSE,FALSE,FALSE,FALSE,"None","potentially never","Lush",FALSE,FALSE,FALSE,FALSE,FALSE,FALSE,FALSE,3,2,1,4,0,5,FALSE,"0",2023
"6/26/2023","M22-PRUN-185","M22","Prunus","unknown",0.5,"SFR-D","SP",2,TRUE,TRUE,FALSE,FALSE,FALSE,TRUE,FALSE,FALSE,FALSE,FALSE,FALSE,"None","potentially never","Lush",FALSE,FALSE,FALSE,FALSE,TRUE,FALSE,FALSE,2,1,1,2,0,5,FALSE,"0",2023
"6/26/2023","M22-PRUN-188","M22","Prunus","unknown",0.8,"SFR-D","SP",2,TRUE,TRUE,FALSE,FALSE,FALSE,TRUE,FALSE,TRUE,TRUE,FALSE,FALSE,"None","old","Lush",FALSE,FALSE,FALSE,FALSE,FALSE,FALSE,FALSE,3,2,3,4,0,5,FALSE,"0",2023
"6/26/2023","M22-PRUN-189","M22","Prunus","unknown",1.8,"SFR-D","SP",2,TRUE,TRUE,FALSE,FALSE,FALSE,TRUE,FALSE,TRUE,FALSE,FALSE,FALSE,"None","old","Lush",FALSE,FALSE,FALSE,FALSE,TRUE,FALSE,FALSE,2,2,2,2,0,5,FALSE,"0",2023
"6/26/2023","M22-PRUN-190","M22","Prunus","unknown",1.4,"SFR-D","SP",2,TRUE,TRUE,FALSE,FALSE,FALSE,TRUE,FALSE,TRUE,TRUE,FALSE,FALSE,"None","old","Dry/brown",FALSE,FALSE,FALSE,FALSE,TRUE,FALSE,FALSE,5,2,1,4,0,5,FALSE,"0",2023
"6/26/2023","M22-GIBI-193","M22","Gingko","biloba",0.3,"SFR-D","SP",2,TRUE,TRUE,FALSE,FALSE,FALSE,FALSE,FALSE,FALSE,FALSE,FALSE,FALSE,"None","potentially never","Lush",FALSE,FALSE,FALSE,FALSE,FALSE,TRUE,FALSE,4,2,3,4,0,5,FALSE,"0",2023
"6/26/2023","M22-GIBI-194","M22","Gingko","biloba",0.2,"SFR-D","SP",2,TRUE,TRUE,FALSE,FALSE,FALSE,FALSE,FALSE,FALSE,FALSE,FALSE,FALSE,"None","potentially never","Lush",FALSE,FALSE,FALSE,FALSE,FALSE,TRUE,FALSE,2,1,1,2,0,5,FALSE,"0",2023
"6/26/2023","M22-GIBI-195","M22","Gingko","biloba",0.3,"SFR-D","SP",1,TRUE,TRUE,FALSE,FALSE,FALSE,TRUE,FALSE,TRUE,TRUE,FALSE,FALSE,"None","potentially never","Lush",FALSE,FALSE,FALSE,FALSE,FALSE,FALSE,FALSE,5,1,9,4,0,5,FALSE,"0",2023
"6/26/2023","M22-PRYE-196","M22","Prunus","yedoensis",0.6,"SFR-D","SP",2,TRUE,TRUE,FALSE,FALSE,FALSE,TRUE,FALSE,TRUE,TRUE,FALSE,FALSE,"None","potentially never","Lush",FALSE,FALSE,FALSE,FALSE,TRUE,TRUE,FALSE,1,2,16,4,0,5,FALSE,"0",2023
"6/26/2023","M22-PRYE-197","M22","Prunus","yedoensis",1.4,"SFR-D","SP",2,TRUE,TRUE,FALSE,FALSE,FALSE,TRUE,FALSE,TRUE,TRUE,FALSE,FALSE,"None","potentially never","Lush",FALSE,FALSE,FALSE,FALSE,TRUE,FALSE,FALSE,2,2,2,2,0,5,FALSE,"0",2023
"6/26/2023","M22-PRYE-198","M22","Prunus","yedoensis",0.3,"SFR-D","SP",2,TRUE,TRUE,FALSE,FALSE,FALSE,TRUE,FALSE,TRUE,FALSE,FALSE,FALSE,"None","potentially never","Lush",FALSE,FALSE,FALSE,FALSE,FALSE,FALSE,FALSE,4,2,6,4,0,5,FALSE,"0",2023
"6/26/2023","M22-PRYE-199","M22","Prunus","yedoensis",1.6,"SFR-D","SP",2,TRUE,TRUE,FALSE,FALSE,FALSE,TRUE,FALSE,TRUE,TRUE,FALSE,FALSE,"None","potentially never","Lush",FALSE,FALSE,FALSE,FALSE,TRUE,FALSE,FALSE,2,2,1,1,0,5,FALSE,"0",2023
"6/26/2023","M22-GIBI-200","M22","Gingko","biloba",0.1,"SFR-D","SP",1,TRUE,TRUE,FALSE,FALSE,FALSE,TRUE,FALSE,FALSE,FALSE,FALSE,FALSE,"None","potentially never","Lush",FALSE,FALSE,FALSE,FALSE,FALSE,TRUE,FALSE,2,1,1,1,0,5,FALSE,"0",2023
"6/26/2023","M22-GIBI-201","M22","Gingko","biloba",0.5,"SFR-D","SP",2,TRUE,TRUE,FALSE,FALSE,FALSE,TRUE,FALSE,FALSE,FALSE,FALSE,FALSE,"None","potentially never","Lush",FALSE,FALSE,FALSE,FALSE,FALSE,FALSE,FALSE,3,1,1,2,0,5,FALSE,"0",2023
"6/26/2023","M22-PRYE-202","M22","Prunus","yedoensis",1.2,"SFR-D","SP",2,TRUE,TRUE,FALSE,FALSE,FALSE,TRUE,FALSE,TRUE,FALSE,FALSE,FALSE,"None","potentially never","Lush",FALSE,FALSE,FALSE,FALSE,FALSE,FALSE,FALSE,3,2,1,3,0,5,FALSE,"0",2023
"6/26/2023","M22-PRYE-203","M22","Prunus","yedoensis",0.6,"SFR-D","SP",2,TRUE,TRUE,FALSE,FALSE,FALSE,TRUE,FALSE,TRUE,FALSE,FALSE,FALSE,"None","potentially never","Lush",FALSE,FALSE,FALSE,FALSE,FALSE,FALSE,FALSE,5,2,1,4,0,5,FALSE,"0",2023
"6/26/2023","Q23-LAUN-204","Q23","Lagerstroemia","unknown",23.1,"SFR-D","SP",3,TRUE,TRUE,TRUE,FALSE,FALSE,FALSE,FALSE,TRUE,TRUE,FALSE,FALSE,"Moderate","N/A","None",FALSE,FALSE,TRUE,FALSE,FALSE,TRUE,FALSE,1,1,1,1,0,5,FALSE,"0",2023
"6/26/2023","Q23-LAUN-205","Q23","Lagerstroemia","unknown",15,"SFR-D","SP",3,TRUE,TRUE,TRUE,FALSE,FALSE,FALSE,FALSE,TRUE,FALSE,FALSE,FALSE,"None","N/A","None",FALSE,FALSE,TRUE,FALSE,TRUE,FALSE,FALSE,3,2,2,3,0,2,FALSE,"0",2023
"6/26/2023","Q23-LAUN-206","Q23","Lagerstroemia","unknown",18.6,"SFR-D","SP",3,TRUE,TRUE,TRUE,FALSE,FALSE,FALSE,FALSE,TRUE,FALSE,FALSE,FALSE,"None","N/A","None",FALSE,FALSE,FALSE,FALSE,TRUE,FALSE,FALSE,2,1,1,2,0,3,FALSE,"0",2023
"6/26/2023","Q23-PITA-207","Q23","Pinus","taeda",17.6,"SFR-D","SP",3,TRUE,FALSE,FALSE,FALSE,FALSE,FALSE,FALSE,TRUE,TRUE,FALSE,FALSE,"None","N/A","None",TRUE,FALSE,TRUE,FALSE,FALSE,TRUE,FALSE,1,1,3,1,0,3,FALSE,"0",2023
"6/26/2023","Q23-PITA-208","Q23","Pinus","taeda",18.1,"SFR-D","SP",3,TRUE,FALSE,FALSE,FALSE,FALSE,FALSE,FALSE,TRUE,TRUE,FALSE,FALSE,"None","N/A","None",TRUE,FALSE,TRUE,FALSE,TRUE,FALSE,FALSE,1,1,4,2,0,4,FALSE,"0",2023
"6/26/2023","Q23-JUVI-209","Q23","Juniperus","virginiana",12.8,"SFR-D","SP",3,TRUE,FALSE,FALSE,TRUE,TRUE,FALSE,FALSE,TRUE,TRUE,FALSE,FALSE,"None","N/A","None",FALSE,FALSE,FALSE,FALSE,TRUE,FALSE,FALSE,2,1,2,1,0,4,FALSE,"0",2023
"6/27/2023","M22-QUBI-210","M22","Quercus","bicolor",1.2,"SFR-D","FY",2,TRUE,FALSE,FALSE,FALSE,FALSE,TRUE,FALSE,FALSE,FALSE,FALSE,FALSE,"None","recent","Lush",FALSE,FALSE,FALSE,FALSE,FALSE,FALSE,FALSE,2,2,2,2,0,5,FALSE,"0",2023
"6/27/2023","M22-QUBI-211","M22","Quercus","bicolor",2.4,"SFR-D","FY",2,TRUE,FALSE,FALSE,FALSE,FALSE,TRUE,FALSE,FALSE,FALSE,FALSE,FALSE,"None","recent","Lush",FALSE,FALSE,FALSE,FALSE,FALSE,FALSE,FALSE,2,1,1,1,0,5,FALSE,"0",2023
"6/27/2023","M22-QUPH-212","M22","Quercus","phellos",4.1,"SFR-D","FY",2,TRUE,FALSE,FALSE,FALSE,FALSE,TRUE,FALSE,TRUE,FALSE,FALSE,FALSE,"None","recent","Lush",FALSE,FALSE,TRUE,FALSE,FALSE,FALSE,TRUE,2,2,1,2,0,5,FALSE,"0",2023
"6/27/2023","M22-ACSA-213","M22","Acer","saccharum",0.7,"SFR-D","FY",2,TRUE,FALSE,FALSE,FALSE,FALSE,TRUE,FALSE,TRUE,FALSE,FALSE,FALSE,"None","recent","Lush",FALSE,FALSE,FALSE,FALSE,FALSE,FALSE,FALSE,3,1,1,3,0,5,FALSE,"0",2023
"6/27/2023","M22-QUBI-214","M22","Quercus","bicolor",1.6,"SFR-D","FY",2,TRUE,FALSE,FALSE,FALSE,FALSE,TRUE,FALSE,TRUE,FALSE,FALSE,FALSE,"None","recent","Lush",FALSE,FALSE,FALSE,FALSE,TRUE,FALSE,FALSE,2,2,1,1,0,5,FALSE,"0",2023
"6/27/2023","M22-QUBI-215","M22","Quercus","bicolor",1.4,"SFR-D","FY",2,TRUE,FALSE,FALSE,FALSE,FALSE,TRUE,FALSE,TRUE,FALSE,FALSE,FALSE,"None","recent","Lush",FALSE,FALSE,FALSE,FALSE,FALSE,FALSE,FALSE,2,1,1,1,0,5,FALSE,"0",2023
"6/27/2023","M22-QULY-216","M22","Quercus","lyrata",1.2,"SFR-D","FY",2,TRUE,FALSE,FALSE,FALSE,FALSE,TRUE,FALSE,TRUE,FALSE,FALSE,FALSE,"None","recent","Lush",FALSE,FALSE,FALSE,FALSE,FALSE,FALSE,FALSE,3,2,1,3,0,4,FALSE,"0",2023
"6/27/2023","M22-QUBI-217","M22","Quercus","bicolor",2.3,"SFR-D","FY",2,TRUE,FALSE,FALSE,FALSE,FALSE,TRUE,FALSE,TRUE,FALSE,FALSE,FALSE,"None","recent","Lush",FALSE,FALSE,FALSE,FALSE,FALSE,FALSE,FALSE,1,2,1,1,0,5,FALSE,"0",2023
"6/27/2023","M22-CHRE-218","M22","Chionanthus","retusus",1.5,"SFR-D","SP",4,FALSE,TRUE,FALSE,FALSE,FALSE,TRUE,FALSE,TRUE,FALSE,FALSE,TRUE,"None","recent","Lush",FALSE,FALSE,FALSE,FALSE,FALSE,TRUE,TRUE,4,2,2,4,0,5,FALSE,"0",2023
"6/27/2023","M22-QUBI-219","M22","Quercus","bicolor",0.7,"SFR-D","FY",2,TRUE,FALSE,FALSE,FALSE,FALSE,TRUE,FALSE,TRUE,FALSE,FALSE,FALSE,"None","recent","Lush",FALSE,FALSE,FALSE,FALSE,FALSE,FALSE,FALSE,2,2,1,2,0,4,FALSE,"0",2023
"6/27/2023","M22-ALJU-220","M22","Albizia","julibrissin",8.6,"SFR-D","FY",3,TRUE,FALSE,FALSE,FALSE,FALSE,FALSE,FALSE,TRUE,TRUE,FALSE,TRUE,"Minimal","recent","Lush",FALSE,FALSE,FALSE,FALSE,TRUE,TRUE,FALSE,1,1,4,2,0,2,FALSE,"0",2023
"6/27/2023","M22-QUBI-221","M22","Quercus","bicolor",0.6,"SFR-D","FY",2,TRUE,FALSE,FALSE,FALSE,FALSE,TRUE,FALSE,TRUE,FALSE,FALSE,FALSE,"None","recent","Lush",FALSE,FALSE,FALSE,FALSE,FALSE,FALSE,FALSE,3,2,2,3,0,5,FALSE,"0",2023
"6/27/2023","M22-QUBI-222","M22","Quercus","bicolor",1.1,"SFR-D","FY",2,TRUE,FALSE,FALSE,FALSE,FALSE,TRUE,FALSE,TRUE,FALSE,FALSE,FALSE,"None","recent","Lush",FALSE,FALSE,FALSE,FALSE,FALSE,FALSE,FALSE,3,1,1,3,0,5,FALSE,"0",2023
"6/27/2023","M22-QUMA-223","M22","Quercus","macrocarpa",2.1,"SFR-D","FY",3,TRUE,FALSE,FALSE,FALSE,FALSE,TRUE,FALSE,TRUE,FALSE,FALSE,FALSE,"None","recent","Lush",FALSE,FALSE,FALSE,FALSE,FALSE,FALSE,FALSE,3,1,1,3,0,5,FALSE,"0",2023
"6/27/2023","M22-PLAC-224","M22","Platanus","acerifolia",1.4,"SFR-D","FY",2,TRUE,FALSE,FALSE,FALSE,FALSE,TRUE,FALSE,TRUE,FALSE,FALSE,FALSE,"None","recent","Lush",FALSE,FALSE,FALSE,FALSE,FALSE,FALSE,FALSE,2,2,1,2,0,5,FALSE,"0",2023
"6/27/2023","M22-NYSY-225","M22","Nyssa","sylvatica",0.7,"SFR-D","FY",1,TRUE,FALSE,FALSE,FALSE,FALSE,TRUE,FALSE,TRUE,FALSE,FALSE,FALSE,"None","recent","Lush",FALSE,FALSE,FALSE,FALSE,FALSE,FALSE,FALSE,2,1,2,2,0,5,FALSE,"0",2023
"6/27/2023","M22-QUMA-226","M22","Quercus","macrocarpa",2,"SFR-D","SY",1,TRUE,FALSE,FALSE,FALSE,FALSE,TRUE,FALSE,TRUE,FALSE,FALSE,FALSE,"None","recent","Lush",FALSE,FALSE,FALSE,FALSE,FALSE,FALSE,FALSE,2,2,1,2,0,4,FALSE,"0",2023
"6/27/2023","X15-QURU-227","X15","Quercus","rubra",20.8,"SFR-D","FY",4,TRUE,FALSE,FALSE,TRUE,FALSE,FALSE,FALSE,TRUE,FALSE,FALSE,FALSE,"Moderate","recent","Lush",FALSE,FALSE,FALSE,FALSE,TRUE,FALSE,FALSE,1,1,2,1,0,4,FALSE,"0",2023
"6/27/2023","X15-ACPA-228","X15","Acer","palmatum",2.8,"SFR-D","FY",3,TRUE,FALSE,FALSE,TRUE,FALSE,FALSE,FALSE,TRUE,FALSE,FALSE,FALSE,"Extensive","N/A","None",FALSE,FALSE,FALSE,FALSE,TRUE,FALSE,FALSE,1,2,1,1,0,1,FALSE,"0",2023
"6/27/2023","X15-LAUN-229","X15","Lagerstroemia","unknown",14.3,"SFR-D","FY",2,TRUE,FALSE,FALSE,FALSE,FALSE,FALSE,FALSE,TRUE,FALSE,FALSE,FALSE,"Minimal","recent","Lush",FALSE,FALSE,FALSE,FALSE,TRUE,FALSE,FALSE,2,1,1,1,0,3,FALSE,"0",2023
"6/27/2023","X15-PITA-230","X15","Pinus","taeda",19.8,"SFR-D","SY",3,TRUE,FALSE,FALSE,FALSE,FALSE,FALSE,FALSE,TRUE,TRUE,FALSE,FALSE,"Minimal","recent","Lush",FALSE,FALSE,FALSE,FALSE,FALSE,FALSE,FALSE,2,1,4,2,0,4,FALSE,"0",2023
"6/27/2023","X16-TADI-231","X16","Taxodium","distichum",20.5,"SFR-D","FY",4,TRUE,FALSE,FALSE,FALSE,FALSE,FALSE,FALSE,TRUE,FALSE,FALSE,FALSE,"Minimal","recent","Lush",FALSE,FALSE,FALSE,FALSE,TRUE,FALSE,FALSE,1,1,3,1,0,5,FALSE,"0",2023
"6/27/2023","X16-LAUN-232","X16","Lagerstroemia","unknown",15.2,"SFR-D","SY",3,TRUE,FALSE,FALSE,FALSE,FALSE,FALSE,FALSE,TRUE,FALSE,FALSE,FALSE,"None","recent","Lush",FALSE,FALSE,FALSE,FALSE,TRUE,FALSE,FALSE,2,1,2,1,0,5,FALSE,"0",2023
"6/27/2023","X16-LIST-233","X16","Liquidambar","styraciflua",31.8,"SFR-D","SP",3,TRUE,TRUE,FALSE,TRUE,FALSE,FALSE,FALSE,TRUE,TRUE,FALSE,FALSE,"Minimal","recent","Lush",FALSE,FALSE,FALSE,FALSE,FALSE,FALSE,FALSE,2,1,2,1,0,3,FALSE,"0",2023
"6/27/2023","X16-LIST-234","X16","Liquidambar","styraciflua",23.9,"SFR-D","SP",3,TRUE,TRUE,FALSE,TRUE,FALSE,FALSE,FALSE,TRUE,FALSE,FALSE,FALSE,"Minimal","recent","Lush",FALSE,FALSE,FALSE,FALSE,FALSE,FALSE,FALSE,2,1,2,1,0,2,FALSE,"0",2023
"6/27/2023","X16-PITA-235","X16","Pinus","taeda",10.1,"SFR-D","SP",2,TRUE,TRUE,FALSE,TRUE,FALSE,FALSE,FALSE,TRUE,TRUE,FALSE,FALSE,"None","recent","Patchy but green",FALSE,FALSE,FALSE,FALSE,TRUE,FALSE,FALSE,1,1,1,1,0,1,FALSE,"0",2023
"6/27/2023","X16-FICA-236","X16","Ficus","carica",25.4,"SFR-D","SY",3,TRUE,FALSE,FALSE,TRUE,FALSE,FALSE,FALSE,TRUE,TRUE,FALSE,FALSE,"Minimal","recent","Lush",FALSE,FALSE,FALSE,FALSE,FALSE,FALSE,FALSE,1,1,1,1,0,4,FALSE,"0",2023
"6/27/2023","X16-LIST-237","X16","Liquidambar","styraciflua",4.3,"SFR-D","SP",2,FALSE,TRUE,FALSE,TRUE,FALSE,FALSE,FALSE,TRUE,TRUE,FALSE,FALSE,"None","N/A","None",FALSE,FALSE,FALSE,FALSE,TRUE,FALSE,FALSE,2,1,12,4,0,0,FALSE,"0",2023
"6/27/2023","X16-LIST-238","X16","Liquidambar","styraciflua",5.6,"SFR-D","SP",2,FALSE,TRUE,FALSE,TRUE,FALSE,FALSE,FALSE,TRUE,TRUE,FALSE,FALSE,"None","N/A","None",FALSE,FALSE,FALSE,FALSE,TRUE,FALSE,FALSE,2,2,2,2,0,0,FALSE,"0",2023
"6/27/2023","X16-LIST-239","X16","Liquidambar","styraciflua",7.2,"SFR-D","SP",2,FALSE,TRUE,FALSE,TRUE,FALSE,FALSE,FALSE,TRUE,TRUE,FALSE,FALSE,"None","N/A","None",FALSE,FALSE,FALSE,FALSE,TRUE,FALSE,FALSE,2,1,1,1,0,1,FALSE,"0",2023
"6/27/2023","X16-LIST-240","X16","Liquidambar","styraciflua",5.3,"SFR-D","SP",1,FALSE,FALSE,FALSE,TRUE,FALSE,FALSE,FALSE,TRUE,FALSE,FALSE,FALSE,"None","N/A","None",FALSE,FALSE,FALSE,FALSE,TRUE,FALSE,FALSE,2,1,1,1,0,0,FALSE,"0",2023
"6/27/2023","X16-LIST-241","X16","Liquidambar","styraciflua",14.3,"SFR-D","SP",2,FALSE,FALSE,FALSE,TRUE,FALSE,FALSE,FALSE,TRUE,FALSE,FALSE,FALSE,"None","N/A","None",FALSE,FALSE,FALSE,FALSE,TRUE,FALSE,FALSE,2,2,2,2,0,2,FALSE,"0",2023
"6/27/2023","X16-LIST-242","X16","Liquidambar","styraciflua",3.7,"SFR-D","SP",2,FALSE,TRUE,FALSE,TRUE,FALSE,FALSE,FALSE,TRUE,FALSE,FALSE,FALSE,"None","N/A","None",FALSE,FALSE,FALSE,FALSE,TRUE,FALSE,TRUE,2,2,1,2,0,1,FALSE,"0",2023
"6/27/2023","X16-LIST-243","X16","Liquidambar","styraciflua",6.3,"SFR-D","SP",1,FALSE,FALSE,FALSE,TRUE,FALSE,FALSE,FALSE,FALSE,FALSE,FALSE,FALSE,"None","N/A","None",FALSE,FALSE,FALSE,FALSE,TRUE,FALSE,TRUE,2,1,2,2,0,0,FALSE,"0",2023
"6/27/2023","X16-LIST-244","X16","Liquidambar","styraciflua",4.5,"SFR-D","SP",2,FALSE,TRUE,FALSE,TRUE,FALSE,FALSE,FALSE,FALSE,FALSE,FALSE,FALSE,"None","N/A","None",FALSE,FALSE,FALSE,FALSE,TRUE,FALSE,TRUE,2,1,2,1,0,1,FALSE,"0",2023
"6/27/2023","X16-LIST-245","X16","Liquidambar","styraciflua",8.2,"SFR-D","SP",1,FALSE,FALSE,FALSE,TRUE,FALSE,FALSE,FALSE,TRUE,FALSE,FALSE,FALSE,"None","N/A","None",FALSE,FALSE,FALSE,FALSE,TRUE,FALSE,TRUE,2,1,1,1,0,2,FALSE,"0",2023
"6/27/2023","X16-LIST-246","X16","Liquidambar","styraciflua",4.7,"SFR-D","SP",2,FALSE,TRUE,FALSE,TRUE,FALSE,FALSE,FALSE,FALSE,FALSE,FALSE,FALSE,"None","N/A","None",FALSE,FALSE,FALSE,FALSE,TRUE,FALSE,TRUE,2,2,2,1,0,0,FALSE,"0",2023
"6/27/2023","X16-LIST-247","X16","Liquidambar","styraciflua",2.4,"SFR-D","SP",1,FALSE,FALSE,FALSE,TRUE,FALSE,FALSE,FALSE,FALSE,FALSE,FALSE,FALSE,"None","N/A","None",FALSE,FALSE,FALSE,FALSE,TRUE,FALSE,TRUE,1,2,2,2,0,0,FALSE,"0",2023
"6/27/2023","X16-LIST-248","X16","Liquidambar","styraciflua",6.6,"SFR-D","SP",2,FALSE,TRUE,FALSE,TRUE,FALSE,FALSE,FALSE,FALSE,FALSE,FALSE,FALSE,"None","N/A","None",FALSE,TRUE,FALSE,FALSE,FALSE,FALSE,TRUE,2,2,1,1,0,1,FALSE,"0",2023
"6/27/2023","X16-LIST-249","X16","Liquidambar","styraciflua",12.9,"SFR-D","SP",2,FALSE,FALSE,FALSE,TRUE,FALSE,FALSE,FALSE,TRUE,FALSE,FALSE,FALSE,"None","N/A","None",FALSE,FALSE,FALSE,FALSE,TRUE,FALSE,FALSE,1,1,1,1,0,1,FALSE,"0",2023
"6/27/2023","X16-LIST-250","X16","Liquidambar","styraciflua",2.3,"SFR-D","SP",1,FALSE,FALSE,FALSE,TRUE,FALSE,FALSE,FALSE,FALSE,FALSE,FALSE,FALSE,"None","N/A","None",FALSE,FALSE,FALSE,FALSE,TRUE,FALSE,TRUE,2,2,9,4,0,0,FALSE,"0",2023
"6/27/2023","X16-LIST-251","X16","Liquidambar","styraciflua",7.8,"SFR-D","SP",4,FALSE,TRUE,FALSE,TRUE,FALSE,FALSE,FALSE,FALSE,FALSE,FALSE,FALSE,"None","N/A","None",FALSE,FALSE,FALSE,FALSE,TRUE,FALSE,TRUE,2,1,4,2,0,1,FALSE,"0",2023
"6/27/2023","X16-LIST-252","X16","Liquidambar","styraciflua",9.8,"SFR-D","SP",2,FALSE,FALSE,FALSE,TRUE,FALSE,FALSE,FALSE,FALSE,FALSE,FALSE,FALSE,"None","N/A","None",FALSE,FALSE,FALSE,FALSE,TRUE,FALSE,TRUE,2,2,2,2,0,1,FALSE,"0",2023
"6/27/2023","X16-LIST-253","X16","Liquidambar","styraciflua",7,"SFR-D","SP",2,FALSE,TRUE,FALSE,TRUE,FALSE,FALSE,FALSE,FALSE,FALSE,FALSE,FALSE,"None","N/A","None",FALSE,FALSE,FALSE,FALSE,TRUE,FALSE,TRUE,2,2,2,3,0,0,FALSE,"0",2023
"6/27/2023","X16-LIST-254","X16","Liquidambar","styraciflua",8.5,"SFR-D","SP",2,FALSE,TRUE,FALSE,TRUE,FALSE,FALSE,FALSE,FALSE,FALSE,FALSE,FALSE,"None","N/A","None",FALSE,FALSE,FALSE,FALSE,TRUE,FALSE,TRUE,2,1,4,2,0,1,FALSE,"0",2023
"6/27/2023","X16-LITU-255","X16","Liriodendron","tulipfera",16.2,"SFR-D","SP",2,FALSE,FALSE,FALSE,TRUE,FALSE,FALSE,FALSE,TRUE,FALSE,FALSE,FALSE,"None","N/A","None",FALSE,FALSE,FALSE,FALSE,TRUE,FALSE,FALSE,1,1,2,1,0,3,TRUE,"0",2023
"6/27/2023","X16-LIST-256","X16","Liquidambar","styraciflua",3.3,"SFR-D","SP",1,FALSE,TRUE,FALSE,TRUE,FALSE,FALSE,FALSE,FALSE,FALSE,FALSE,FALSE,"None","N/A","None",FALSE,TRUE,FALSE,FALSE,TRUE,TRUE,TRUE,2,2,13,4,0,0,FALSE,"0",2023
"6/27/2023","X16-LIST-257","X16","Liquidambar","styraciflua",7.5,"SFR-D","SP",2,FALSE,TRUE,FALSE,TRUE,FALSE,FALSE,FALSE,FALSE,FALSE,FALSE,FALSE,"None","N/A","None",FALSE,FALSE,FALSE,FALSE,TRUE,TRUE,TRUE,2,1,2,1,0,0,FALSE,"0",2023
"6/27/2023","X16-CECA-258","X16","Cercis","canadensis",4.1,"SFR-D","SP",1,FALSE,FALSE,FALSE,TRUE,FALSE,FALSE,FALSE,TRUE,TRUE,FALSE,FALSE,"None","N/A","None",FALSE,FALSE,FALSE,FALSE,TRUE,FALSE,FALSE,2,2,3,2,0,1,FALSE,"0",2023
"6/27/2023","X16-LIST-259","X16","Liquidambar","styraciflua",13,"SFR-D","SP",2,FALSE,TRUE,FALSE,TRUE,FALSE,FALSE,FALSE,FALSE,FALSE,FALSE,FALSE,"None","N/A","None",FALSE,FALSE,FALSE,FALSE,TRUE,TRUE,FALSE,2,1,2,2,0,2,FALSE,"0",2023
"6/27/2023","X16-LIST-260","X16","Liquidambar","styraciflua",9.4,"SFR-D","SP",2,FALSE,TRUE,FALSE,TRUE,FALSE,FALSE,FALSE,FALSE,FALSE,FALSE,FALSE,"Minimal","N/A","None",FALSE,FALSE,FALSE,FALSE,TRUE,TRUE,TRUE,2,1,2,1,0,3,FALSE,"0",2023
"6/27/2023","X16-ACRU-261","X16","Acer","rubrum",10.5,"SFR-D","M",4,TRUE,FALSE,FALSE,TRUE,TRUE,FALSE,FALSE,TRUE,TRUE,FALSE,FALSE,"None","recent","Lush",FALSE,FALSE,FALSE,FALSE,TRUE,FALSE,FALSE,2,1,4,2,0,5,FALSE,"0",2023
"6/27/2023","X16-ACRU-262","X16","Acer","rubrum",12.8,"SFR-D","M",4,TRUE,FALSE,FALSE,TRUE,TRUE,FALSE,FALSE,TRUE,FALSE,FALSE,FALSE,"None","recent","Patchy but green",TRUE,FALSE,FALSE,TRUE,TRUE,FALSE,FALSE,2,1,1,1,0,5,FALSE,"0",2023
"6/27/2023","X16-ACRU-263","X16","Acer","rubrum",12.2,"SFR-D","M",4,TRUE,FALSE,FALSE,TRUE,TRUE,FALSE,FALSE,TRUE,FALSE,FALSE,FALSE,"None","recent","Patchy but green",TRUE,TRUE,FALSE,FALSE,TRUE,FALSE,FALSE,2,1,3,2,0,5,FALSE,"0",2023
"6/27/2023","X16-ACRU-264","X16","Acer","rubrum",11.3,"SFR-D","M",4,TRUE,FALSE,FALSE,TRUE,TRUE,FALSE,FALSE,TRUE,FALSE,FALSE,FALSE,"None","recent","Patchy but green",TRUE,FALSE,FALSE,FALSE,TRUE,FALSE,FALSE,2,1,1,1,0,4,FALSE,"0",2023
"6/27/2023","X16-ACUN-265","X16","Acer","unknown",11.9,"SFR-D","M",4,TRUE,FALSE,FALSE,TRUE,TRUE,FALSE,FALSE,TRUE,TRUE,FALSE,FALSE,"None","recent","Patchy but green",TRUE,FALSE,FALSE,FALSE,TRUE,FALSE,FALSE,2,1,10,4,0,4,FALSE,"0",2023
"6/27/2023","X16-ACRU-266","X16","Acer","rubrum",10.9,"SFR-D","M",4,TRUE,FALSE,FALSE,TRUE,TRUE,FALSE,FALSE,TRUE,FALSE,FALSE,FALSE,"None","recent","Patchy but green",TRUE,FALSE,FALSE,FALSE,TRUE,TRUE,FALSE,2,1,3,1,0,5,FALSE,"0",2023
"6/27/2023","X16-ACRU-267","X16","Acer","rubrum",12.6,"SFR-D","M",4,TRUE,FALSE,FALSE,TRUE,TRUE,FALSE,FALSE,TRUE,FALSE,FALSE,FALSE,"None","recent","Patchy but green",TRUE,FALSE,FALSE,FALSE,TRUE,FALSE,FALSE,2,1,2,1,0,5,FALSE,"0",2023
"6/27/2023","X16-ACRU-268","X16","Acer","rubrum",11.3,"SFR-D","M",4,TRUE,FALSE,FALSE,TRUE,TRUE,FALSE,FALSE,TRUE,FALSE,FALSE,FALSE,"None","recent","Patchy but green",TRUE,FALSE,FALSE,FALSE,TRUE,FALSE,FALSE,2,1,2,1,0,5,FALSE,"0",2023
"6/27/2023","X16-ACRU-269","X16","Acer","rubrum",10.8,"SFR-D","M",4,TRUE,FALSE,FALSE,TRUE,TRUE,FALSE,FALSE,TRUE,FALSE,FALSE,FALSE,"None","recent","Patchy but green",TRUE,FALSE,FALSE,FALSE,TRUE,TRUE,FALSE,3,1,4,2,0,5,FALSE,"0",2023
"6/29/2023","N-O21-CAUN-001","O21","Carpinus","unknown",0.6,"SFR-D","SC",1,TRUE,TRUE,FALSE,TRUE,TRUE,TRUE,FALSE,FALSE,FALSE,FALSE,FALSE,"None","fresh","Lush",FALSE,TRUE,FALSE,FALSE,FALSE,FALSE,NA,2,1,1,1,0,5,FALSE,"0",2023
"6/29/2023","N-O21-PRYE-002","O21","Prunus","yedoensis",0.4,"SFR-D","SC",1,TRUE,TRUE,TRUE,TRUE,FALSE,TRUE,FALSE,FALSE,FALSE,FALSE,FALSE,"Minimal","recent","Lush",FALSE,FALSE,FALSE,FALSE,FALSE,FALSE,NA,2,1,1,1,0,5,FALSE,"0",2023
"6/29/2023","S-O21-ACBU-040","O21","Acer","buergeranum",2.1,"SFR-D","SC",2,TRUE,TRUE,FALSE,TRUE,FALSE,TRUE,FALSE,TRUE,FALSE,FALSE,FALSE,"None","fresh","Lush",FALSE,FALSE,FALSE,FALSE,FALSE,TRUE,NA,2,1,1,1,0,5,FALSE,"0",2023
"6/29/2023","S-O21-ACBU-041","O21","Acer","buergeranum",2,"SFR-D","SC",2,TRUE,TRUE,FALSE,TRUE,FALSE,TRUE,FALSE,TRUE,FALSE,FALSE,FALSE,"None","fresh","Lush",FALSE,FALSE,FALSE,FALSE,FALSE,TRUE,NA,2,1,1,1,0,5,FALSE,"0",2023
"6/29/2023","S-O21-ACBU-053","O21","Acer","buergeranum",NA,"SFR-D","SC",2,TRUE,TRUE,TRUE,FALSE,FALSE,FALSE,FALSE,TRUE,TRUE,FALSE,FALSE,"Extensive","N/A","None",FALSE,FALSE,FALSE,FALSE,TRUE,FALSE,NA,2,1,1,1,0,4,FALSE,"0",2023
"6/29/2023","S-O21-ACBU-055","O21","Acer","buergeranum",6.7,"SFR-D","SC",3,TRUE,TRUE,TRUE,FALSE,FALSE,FALSE,FALSE,TRUE,TRUE,FALSE,FALSE,"None","N/A","None",TRUE,FALSE,FALSE,TRUE,FALSE,FALSE,NA,1,1,2,1,0,3,FALSE,"0",2023
"6/29/2023","S-O21-ACCA-039","O21","Acer","campestre",7.4,"SFR-D","SP",2,TRUE,TRUE,TRUE,FALSE,FALSE,FALSE,FALSE,FALSE,TRUE,FALSE,TRUE,"None","N/A","None",FALSE,FALSE,TRUE,FALSE,FALSE,FALSE,NA,3,1,2,3,0,2,FALSE,"0",2023
"6/29/2023","S-O21-ACPA-059","O21","Acer","palmatum",NA,"SFR-D","SC",2,TRUE,TRUE,TRUE,FALSE,FALSE,FALSE,FALSE,TRUE,TRUE,FALSE,FALSE,"None","N/A","None",FALSE,FALSE,FALSE,FALSE,FALSE,FALSE,NA,1,1,1,1,0,4,FALSE,"0",2023
"6/29/2023","S-O21-ACPA-060","O21","Acer","palmatum",NA,"SFR-D","SC",2,TRUE,TRUE,TRUE,FALSE,FALSE,FALSE,FALSE,TRUE,FALSE,FALSE,FALSE,"None","N/A","None",TRUE,FALSE,FALSE,FALSE,FALSE,FALSE,NA,2,2,2,2,0,3,FALSE,"0",2023
"6/29/2023","S-O21-ACRU-021","O21","Acer","rubrum",18.2,"SFR-D","SC",2,TRUE,TRUE,FALSE,FALSE,FALSE,FALSE,FALSE,TRUE,FALSE,FALSE,FALSE,"None","recent","Lush",TRUE,FALSE,FALSE,FALSE,TRUE,TRUE,NA,2,1,9,4,0,4,FALSE,"0",2023
"6/29/2023","S-O21-ACSA-031","O21","Acer","saccharum",1.5,"SFR-D","SP",2,TRUE,TRUE,TRUE,FALSE,FALSE,FALSE,FALSE,FALSE,FALSE,FALSE,FALSE,"Moderate","potentially never","Shrubs or herbaceous non-grass species",FALSE,FALSE,FALSE,FALSE,FALSE,FALSE,NA,2,1,1,1,0,4,FALSE,"0",2023
"7/7/2023","S-O21-ACSA-048","O21","Acer","saccharum",10.9,"SFR-D","SP",4,TRUE,TRUE,TRUE,FALSE,FALSE,FALSE,FALSE,TRUE,FALSE,FALSE,FALSE,"Extensive","old","Shrubs or herbaceous non-grass species",FALSE,FALSE,FALSE,FALSE,FALSE,FALSE,NA,2,1,1,1,0,4,FALSE,"0",2023
"6/29/2023","S-O21-AMUN-025","O21","Amelanchier","unknown",NA,"SFR-D","SC",2,TRUE,TRUE,FALSE,FALSE,FALSE,FALSE,FALSE,TRUE,TRUE,FALSE,FALSE,"Extensive","N/A","None",FALSE,FALSE,FALSE,FALSE,FALSE,FALSE,NA,2,1,1,2,0,4,FALSE,"0",2023
"6/29/2023","S-O21-ASTR-065","O21","Asimina","triloba",0.8,"SFR-D","FY",2,FALSE,TRUE,FALSE,TRUE,FALSE,TRUE,FALSE,FALSE,FALSE,FALSE,FALSE,"Extensive","recent","Lush",FALSE,FALSE,FALSE,FALSE,FALSE,FALSE,NA,5,2,1,4,0,4,FALSE,"0",2023
"6/29/2023","S-O21-ASTR-067","O21","Asimina","triloba",0.7,"SFR-D","FY",2,FALSE,TRUE,FALSE,TRUE,FALSE,TRUE,FALSE,FALSE,FALSE,FALSE,FALSE,"None","recent","Lush",FALSE,FALSE,FALSE,FALSE,FALSE,FALSE,NA,4,2,1,4,0,4,FALSE,"0",2023
"6/29/2023","S-O21-CECA-051","O21","Cercis","canadensis",NA,"SFR-D","SC",2,TRUE,TRUE,TRUE,FALSE,FALSE,TRUE,FALSE,TRUE,FALSE,FALSE,FALSE,"Moderate","N/A","None",FALSE,FALSE,FALSE,FALSE,FALSE,FALSE,NA,2,2,2,3,0,3,FALSE,"0",2023
"7/7/2023","S-O21-COFL-045","O21","Cornus","florida",3.7,"SFR-D","SP",2,TRUE,FALSE,TRUE,FALSE,FALSE,FALSE,FALSE,TRUE,FALSE,FALSE,FALSE,"Extensive","potentially never","Shrubs or herbaceous non-grass species",FALSE,FALSE,FALSE,FALSE,FALSE,FALSE,NA,3,2,3,4,0,4,FALSE,"0",2023
"7/7/2023","S-O21-COFL-046","O21","Cornus","florida",2.1,"SFR-D","SP",2,FALSE,TRUE,FALSE,FALSE,FALSE,FALSE,FALSE,TRUE,FALSE,FALSE,FALSE,"Extensive","potentially never","Shrubs or herbaceous non-grass species",FALSE,FALSE,FALSE,FALSE,FALSE,FALSE,NA,3,1,2,4,0,1,FALSE,"0",2023
"6/29/2023","S-O21-COKO-029","O21","Cornus","kousa",NA,"SFR-D","SC",2,TRUE,TRUE,FALSE,FALSE,FALSE,FALSE,FALSE,TRUE,TRUE,FALSE,FALSE,"Extensive","potentially never","Shrubs or herbaceous non-grass species",FALSE,FALSE,FALSE,FALSE,FALSE,FALSE,NA,2,2,4,3,0,5,FALSE,"0",2023
"6/29/2023","S-O21-CRUN-061","O21","Crataegus","unknown",NA,"SFR-D","SC",3,TRUE,TRUE,TRUE,FALSE,FALSE,FALSE,FALSE,TRUE,TRUE,FALSE,FALSE,"None","N/A","None",FALSE,FALSE,FALSE,FALSE,FALSE,FALSE,NA,1,1,8,3,0,3,FALSE,"0",2023
"6/29/2023","S-O21-LAUN-109","O21","Lagerstroemia","unknown",NA,"SFR-D","FY",2,TRUE,FALSE,FALSE,FALSE,FALSE,FALSE,FALSE,TRUE,TRUE,FALSE,FALSE,"None","recent","Shrubs or herbaceous non-grass species",TRUE,FALSE,FALSE,FALSE,FALSE,FALSE,NA,3,1,2,3,0,2,FALSE,"0",2023
"6/29/2023","S-O21-LAUN-111","O21","Lagerstroemia","unknown",NA,"SFR-D","FY",2,TRUE,FALSE,TRUE,FALSE,FALSE,FALSE,FALSE,TRUE,TRUE,FALSE,FALSE,"None","recent","Shrubs or herbaceous non-grass species",TRUE,FALSE,FALSE,FALSE,FALSE,FALSE,NA,2,1,2,1,0,2,FALSE,"0",2023
"6/29/2023","S-O21-MAGR-056","O21","Magnolia","grandiflora",NA,"SFR-D","SC",3,TRUE,FALSE,FALSE,FALSE,FALSE,FALSE,FALSE,TRUE,TRUE,FALSE,FALSE,"Moderate","potentially never","Shrubs or herbaceous non-grass species",FALSE,FALSE,FALSE,FALSE,FALSE,FALSE,NA,1,1,1,1,0,3,FALSE,"0",2023
"6/29/2023","S-O21-MAVI-068","O21","Magnolia","virginiana",1,"INST","SC",5,TRUE,TRUE,FALSE,TRUE,FALSE,TRUE,FALSE,TRUE,FALSE,FALSE,FALSE,"None","recent","Lush",FALSE,FALSE,FALSE,FALSE,FALSE,TRUE,NA,2,2,1,1,0,5,FALSE,"0",2023
"6/29/2023","S-O21-MAVI-069","O21","Magnolia","virginiana",1,"INST","SC",5,TRUE,TRUE,FALSE,TRUE,FALSE,TRUE,FALSE,FALSE,FALSE,FALSE,FALSE,"None","recent","Lush",FALSE,FALSE,FALSE,FALSE,FALSE,FALSE,NA,2,2,1,2,0,5,FALSE,"0",2023
"6/29/2023","S-O21-MAVI-070","O21","Magnolia","virginiana",1.2,"INST","SC",5,TRUE,TRUE,FALSE,TRUE,FALSE,TRUE,FALSE,TRUE,TRUE,FALSE,TRUE,"None","recent","Lush",FALSE,FALSE,FALSE,FALSE,FALSE,FALSE,NA,2,2,2,2,0,5,FALSE,"0",2023
"6/29/2023","S-O21-MAVI-071","O21","Magnolia","virginiana",1.3,"INST","SC",5,TRUE,TRUE,FALSE,TRUE,FALSE,TRUE,FALSE,TRUE,TRUE,FALSE,FALSE,"None","recent","Lush",FALSE,FALSE,FALSE,FALSE,FALSE,FALSE,NA,1,2,2,1,0,5,FALSE,"0",2023
"6/29/2023","S-O21-MAVI-072","O21","Magnolia","virginiana",1.2,"INST","SC",5,TRUE,TRUE,FALSE,TRUE,FALSE,TRUE,FALSE,FALSE,FALSE,FALSE,FALSE,"None","recent","Lush",FALSE,FALSE,FALSE,FALSE,FALSE,FALSE,NA,2,1,1,2,0,5,FALSE,"0",2023
"6/29/2023","S-O21-MEAZ-035","O21","Melia","azerdarach",15.7,"SFR-D","SP",2,TRUE,TRUE,FALSE,FALSE,FALSE,FALSE,FALSE,TRUE,FALSE,FALSE,FALSE,"Minimal","N/A","None",FALSE,FALSE,FALSE,FALSE,FALSE,FALSE,NA,1,1,2,1,0,3,FALSE,"0",2023
"6/29/2023","S-O21-PRPE-023","O21","Prunus","persica",NA,"SFR-D","SC",2,TRUE,TRUE,FALSE,FALSE,FALSE,FALSE,FALSE,FALSE,FALSE,FALSE,FALSE,"Extensive","N/A","None",FALSE,FALSE,FALSE,FALSE,FALSE,FALSE,NA,1,1,1,1,0,5,FALSE,"0",2023
"6/29/2023","S-O21-PRPE-024","O21","Prunus","persica",NA,"SFR-D","SC",2,TRUE,TRUE,FALSE,FALSE,FALSE,FALSE,FALSE,FALSE,FALSE,FALSE,FALSE,"Extensive","N/A","None",FALSE,FALSE,FALSE,FALSE,FALSE,FALSE,NA,1,1,1,1,0,5,FALSE,"0",2023
"6/29/2023","S-O21-PRSE-027","O21","Prunus","serotina",NA,"SFR-D","SP",2,TRUE,TRUE,TRUE,FALSE,FALSE,FALSE,FALSE,FALSE,FALSE,FALSE,FALSE,"Extensive","N/A","None",FALSE,FALSE,FALSE,FALSE,FALSE,FALSE,NA,3,2,1,3,0,5,FALSE,"0",2023
"6/29/2023","S-O21-PRUN-062","O21","Prunus","unknown",8.8,"V","SC",3,TRUE,TRUE,TRUE,FALSE,FALSE,FALSE,FALSE,TRUE,TRUE,FALSE,FALSE,"None","potentially never","Shrubs or herbaceous non-grass species",TRUE,FALSE,FALSE,FALSE,FALSE,FALSE,NA,1,2,1,1,0,5,FALSE,"0",2023
"6/29/2023","S-O21-PRYE-019","O21","Prunus","yedoensis",2.2,"SFR-D","SP",1,TRUE,TRUE,FALSE,FALSE,FALSE,TRUE,FALSE,FALSE,FALSE,FALSE,FALSE,"None","recent","Patchy but green",FALSE,FALSE,FALSE,FALSE,FALSE,FALSE,NA,1,2,1,1,0,5,FALSE,"0",2023
"6/29/2023","S-O21-PRYE-020","O21","Prunus","yedoensis",1.7,"SFR-D","SP",1,TRUE,TRUE,FALSE,FALSE,FALSE,TRUE,FALSE,FALSE,FALSE,FALSE,FALSE,"None","recent","Patchy but green",FALSE,FALSE,FALSE,FALSE,FALSE,FALSE,NA,2,2,1,2,0,4,FALSE,"0",2023
"6/29/2023","S-O21-PRYE-043","O21","Prunus","yedoensis",NA,"SFR-D","SC",NA,FALSE,FALSE,FALSE,FALSE,FALSE,FALSE,FALSE,FALSE,FALSE,FALSE,FALSE,"","","",FALSE,FALSE,FALSE,FALSE,FALSE,FALSE,NA,1,2,1,1,0,5,FALSE,"0",2023
"6/29/2023","S-O21-PRYE-057","O21","Prunus","yedoensis",1.7,"SFR-D","SC",2,TRUE,TRUE,FALSE,TRUE,FALSE,TRUE,FALSE,TRUE,FALSE,FALSE,FALSE,"Minimal","recent","Lush",TRUE,FALSE,FALSE,FALSE,FALSE,TRUE,NA,1,2,1,1,0,5,FALSE,"0",2023
"6/29/2023","S-O21-QULY-022","O21","Quercus","lyrata",5,"SFR-D","SC",2,TRUE,TRUE,FALSE,FALSE,FALSE,FALSE,FALSE,FALSE,FALSE,FALSE,FALSE,"None","recent","Lush",TRUE,FALSE,FALSE,FALSE,FALSE,FALSE,NA,2,1,1,1,0,4,FALSE,"0",2023
"6/29/2023","S-O21-QULY-032","O21","Quercus","lyrata",9.5,"SFR-D","SP",2,TRUE,TRUE,TRUE,FALSE,FALSE,FALSE,FALSE,TRUE,FALSE,FALSE,FALSE,"Extensive","N/A","None",FALSE,FALSE,FALSE,FALSE,FALSE,FALSE,NA,2,1,1,1,0,4,FALSE,"0",2023
"7/7/2023","S-O21-QUMA-028","O21","Quercus","macrocarpa",NA,"SFR-D","SP",NA,FALSE,FALSE,FALSE,FALSE,FALSE,FALSE,FALSE,FALSE,FALSE,FALSE,FALSE,"Extensive","potentially never","Shrubs or herbaceous non-grass species",FALSE,FALSE,FALSE,FALSE,FALSE,FALSE,NA,NA,NA,NA,NA,0,NA,FALSE,"1",2023
"6/29/2023","S-O21-QUMA-036","O21","Quercus","macrocarpa",1.4,"SFR-D","SP",2,TRUE,TRUE,FALSE,FALSE,FALSE,FALSE,FALSE,FALSE,FALSE,FALSE,FALSE,"None","N/A","None",FALSE,FALSE,FALSE,FALSE,FALSE,FALSE,NA,3,2,1,3,0,2,FALSE,"0",2023
"6/29/2023","S-O21-QUPH-037","O21","Quercus","phellos",34.9,"SFR-D","SP",3,TRUE,TRUE,TRUE,FALSE,FALSE,FALSE,FALSE,TRUE,TRUE,FALSE,FALSE,"None","N/A","None",TRUE,FALSE,TRUE,TRUE,TRUE,FALSE,NA,1,1,2,1,0,5,FALSE,"0",2023
"6/29/2023","S-O21-QUPH-050","O21","Quercus","phellos",NA,"SFR-D","SC",2,TRUE,TRUE,TRUE,FALSE,FALSE,FALSE,FALSE,TRUE,FALSE,FALSE,FALSE,"Moderate","N/A","None",TRUE,FALSE,FALSE,TRUE,FALSE,FALSE,NA,2,2,2,2,0,5,FALSE,"0",2023
"6/29/2023","S-O21-QUPH-107","O21","Quercus","phellos",42.9,"SFR-D","FY",2,TRUE,FALSE,TRUE,FALSE,FALSE,FALSE,FALSE,TRUE,FALSE,FALSE,FALSE,"None","recent","Patchy but green",TRUE,FALSE,TRUE,TRUE,FALSE,FALSE,NA,1,2,4,2,0,5,FALSE,"0",2023
"6/29/2023","S-O21-QUUN-033","O21","Quercus","unknown",13.4,"SFR-A","SC",3,TRUE,TRUE,TRUE,FALSE,FALSE,FALSE,FALSE,TRUE,FALSE,FALSE,FALSE,"None","N/A","None",FALSE,FALSE,FALSE,FALSE,TRUE,FALSE,NA,2,1,1,1,0,3,FALSE,"0",2023
"6/29/2023","S-S22-QUVI-007","S22","Quercus","virginiana",NA,"SFR-D","FY",4,TRUE,FALSE,TRUE,FALSE,FALSE,FALSE,FALSE,TRUE,FALSE,FALSE,FALSE,"None","N/A","None",TRUE,FALSE,TRUE,TRUE,FALSE,FALSE,NA,2,1,1,1,0,4,FALSE,"0",2023
"6/29/2023","S-S22-QUVI-008","S22","Quercus","virginiana",NA,"SFR-D","FY",4,TRUE,FALSE,TRUE,FALSE,FALSE,FALSE,FALSE,TRUE,TRUE,FALSE,FALSE,"Extensive","N/A","None",FALSE,FALSE,TRUE,FALSE,FALSE,FALSE,NA,1,1,1,1,0,5,FALSE,"0",2023
"6/29/2023","S-S22-QUVI-009","S22","Quercus","virginiana",NA,"SFR-D","SY",4,TRUE,FALSE,TRUE,FALSE,FALSE,FALSE,FALSE,TRUE,FALSE,FALSE,FALSE,"None","N/A","None",TRUE,FALSE,TRUE,FALSE,FALSE,FALSE,NA,1,1,2,1,0,3,FALSE,"0",2023
"6/29/2023","S-S22-QUVI-010","S22","Quercus","virginiana",NA,"SFR-D","FY",3,TRUE,FALSE,TRUE,FALSE,FALSE,FALSE,FALSE,TRUE,TRUE,FALSE,FALSE,"None","N/A","None",TRUE,TRUE,TRUE,FALSE,FALSE,TRUE,NA,1,1,1,1,0,5,FALSE,"0",2023
"6/29/2023","S-S22-QUVI-011","S22","Quercus","virginiana",NA,"SFR-D","SY",4,TRUE,FALSE,TRUE,FALSE,FALSE,FALSE,FALSE,TRUE,TRUE,FALSE,FALSE,"None","N/A","None",TRUE,FALSE,TRUE,FALSE,TRUE,FALSE,NA,1,2,7,3,0,3,FALSE,"0",2023
"6/29/2023","S-S22-ACRU-017","S22","Acer","rubrum",NA,"SFR-D","FY",4,TRUE,FALSE,FALSE,FALSE,FALSE,FALSE,FALSE,TRUE,TRUE,FALSE,FALSE,"None","recent","Patchy but green",TRUE,TRUE,FALSE,FALSE,TRUE,TRUE,NA,2,1,7,3,0,3,FALSE,"0",2023
"6/29/2023","S-S22-QUVI-016","S22","Quercus","virginiana",NA,"SFR-D","FY",4,TRUE,FALSE,FALSE,FALSE,FALSE,FALSE,FALSE,TRUE,TRUE,FALSE,FALSE,"None","recent","Patchy but green",TRUE,FALSE,FALSE,FALSE,FALSE,FALSE,NA,1,1,2,2,0,4,FALSE,"0",2023
"6/29/2023","N-S22-ZESE-001","S22","Zelkova","serrata",NA,"SFR-D","FY",2,TRUE,FALSE,FALSE,FALSE,FALSE,TRUE,FALSE,FALSE,FALSE,FALSE,FALSE,"None","old","Lush",FALSE,FALSE,FALSE,FALSE,TRUE,FALSE,NA,1,2,3,2,0,4,FALSE,"0",2023
"6/29/2023","N-S22-ZESE-002","S22","Zelkova","serrata",NA,"SFR-D","FY",2,TRUE,FALSE,FALSE,FALSE,FALSE,TRUE,FALSE,TRUE,FALSE,FALSE,FALSE,"None","old","Lush",FALSE,FALSE,FALSE,FALSE,TRUE,FALSE,NA,2,1,6,3,0,2,FALSE,"0",2023
"6/29/2023","S-S22-QUVI-013","S22","Quercus","virginiana",NA,"SFR-D","FY",4,TRUE,FALSE,FALSE,FALSE,FALSE,FALSE,FALSE,TRUE,TRUE,FALSE,FALSE,"None","recent","Lush",TRUE,FALSE,TRUE,FALSE,TRUE,FALSE,NA,1,1,5,2,0,5,FALSE,"0",2023
"6/29/2023","S-S22-QUPH-012","S22","Quercus","virginiana",NA,"SFR-D","FY",4,TRUE,FALSE,TRUE,FALSE,FALSE,FALSE,FALSE,TRUE,TRUE,FALSE,FALSE,"None","N/A","None",TRUE,FALSE,TRUE,FALSE,FALSE,FALSE,NA,1,1,2,1,0,5,FALSE,"0",2023
"6/29/2023","S-U21-PYCA-019","U21","Pyrus","calleryana",NA,"SFR-D","FY",4,TRUE,FALSE,FALSE,FALSE,FALSE,FALSE,FALSE,FALSE,FALSE,FALSE,FALSE,"None","N/A","None",FALSE,FALSE,FALSE,FALSE,FALSE,FALSE,NA,2,1,1,1,0,4,FALSE,"0",2023
"6/29/2023","S-U21-PYCA-018","U21","Pyrus","calleryana",NA,"SFR-D","FY",2,TRUE,FALSE,FALSE,FALSE,FALSE,FALSE,FALSE,TRUE,TRUE,FALSE,TRUE,"None","recent","Lush",TRUE,FALSE,FALSE,TRUE,TRUE,FALSE,NA,2,1,1,1,0,4,FALSE,"0",2023
"6/29/2023","S-U21-ILOP-013","U21","Ilex","unknown",NA,"SFR-D","SY",2,TRUE,FALSE,TRUE,FALSE,FALSE,FALSE,FALSE,TRUE,TRUE,FALSE,FALSE,"None","recent","Lush",FALSE,FALSE,FALSE,FALSE,FALSE,FALSE,NA,1,1,1,1,0,5,FALSE,"0",2023
"6/29/2023","S-S18-QURU-007","S18","Quercus","rubra",NA,"SFR-D","FY",1,TRUE,FALSE,FALSE,FALSE,FALSE,FALSE,FALSE,TRUE,FALSE,FALSE,FALSE,"None","recent","Lush",FALSE,FALSE,FALSE,FALSE,FALSE,FALSE,NA,2,1,2,2,0,4,FALSE,"0",2023
"6/29/2023","S-S18-QUPH-006","S18","Quercus","phellos",NA,"SFR-D","FY",3,TRUE,FALSE,FALSE,FALSE,FALSE,FALSE,FALSE,TRUE,TRUE,FALSE,FALSE,"Moderate","N/A","None",FALSE,FALSE,TRUE,FALSE,FALSE,FALSE,NA,2,1,1,1,0,4,FALSE,"0",2023
"6/29/2023","S-S18-QUPH-005","S18","Quercus","phellos",NA,"SFR-D","FY",3,TRUE,FALSE,FALSE,FALSE,FALSE,FALSE,FALSE,TRUE,TRUE,FALSE,FALSE,"Moderate","N/A","None",FALSE,FALSE,TRUE,FALSE,FALSE,FALSE,NA,1,1,2,1,0,4,FALSE,"0",2023
"6/30/2023","S-P21-PRUN-073","P21","Prunus","okame",0.5,"SFR-D","SP",4,TRUE,TRUE,FALSE,TRUE,FALSE,TRUE,TRUE,FALSE,FALSE,FALSE,FALSE,"None","recent","Lush",FALSE,FALSE,FALSE,FALSE,FALSE,FALSE,NA,5,2,1,4,0,5,FALSE,"0",2023
"6/30/2023","S-P21-PRUN-072","P21","Prunus","okame",0.4,"SFR-D","SP",4,TRUE,TRUE,FALSE,TRUE,FALSE,TRUE,TRUE,FALSE,FALSE,FALSE,FALSE,"None","recent","Lush",FALSE,FALSE,FALSE,FALSE,FALSE,FALSE,NA,5,2,1,4,0,5,FALSE,"0",2023
"6/30/2023","S-P21-PRUN-071","P21","Prunus","okame",0.6,"SFR-D","SP",4,TRUE,TRUE,FALSE,TRUE,FALSE,TRUE,TRUE,FALSE,FALSE,FALSE,FALSE,"None","recent","Lush",FALSE,FALSE,FALSE,FALSE,FALSE,FALSE,NA,5,1,1,4,0,5,FALSE,"0",2023
"6/30/2023","S-P21-PRUN-070","P21","Prunus","okame",0.6,"SFR-D","SP",4,TRUE,TRUE,FALSE,TRUE,FALSE,TRUE,TRUE,FALSE,FALSE,FALSE,FALSE,"None","old","Lush",FALSE,FALSE,FALSE,FALSE,FALSE,FALSE,NA,5,1,1,4,0,5,FALSE,"0",2023
"6/30/2023","S-P21-PRUN-069","P21","Prunus","okame",0.6,"SFR-D","SP",4,TRUE,TRUE,FALSE,TRUE,FALSE,TRUE,TRUE,FALSE,FALSE,FALSE,FALSE,"None","recent","Lush",FALSE,FALSE,FALSE,FALSE,FALSE,FALSE,NA,3,2,2,3,0,5,FALSE,"0",2023
"6/30/2023","S-P21-PRUN-068","P21","Prunus","okame",0.4,"SFR-D","SP",4,TRUE,TRUE,FALSE,TRUE,FALSE,TRUE,TRUE,FALSE,FALSE,FALSE,FALSE,"None","recent","Lush",FALSE,FALSE,FALSE,FALSE,TRUE,FALSE,NA,3,1,5,4,0,5,FALSE,"0",2023
"6/30/2023","S-P21-CACA-067","P21","Carpinus","caroliniana",1.1,"SFR-D","SP",4,TRUE,TRUE,FALSE,TRUE,FALSE,TRUE,TRUE,FALSE,FALSE,FALSE,FALSE,"None","recent","Patchy but green",FALSE,FALSE,FALSE,FALSE,FALSE,TRUE,NA,2,1,2,2,0,5,FALSE,"0",2023
"6/30/2023","S-P21-ACPL-065","P21","Acer","platanoides",0.7,"SFR-D","SP",4,TRUE,TRUE,FALSE,FALSE,FALSE,TRUE,FALSE,TRUE,FALSE,FALSE,FALSE,"None","recent","None",FALSE,FALSE,FALSE,FALSE,FALSE,FALSE,NA,1,2,1,1,0,4,FALSE,"0",2023
"6/30/2023","S-P21-ACPL-064","P21","Acer","platanoides",0.9,"SFR-D","SP",5,TRUE,TRUE,FALSE,TRUE,FALSE,TRUE,TRUE,TRUE,FALSE,FALSE,FALSE,"None","recent","Lush",FALSE,FALSE,FALSE,FALSE,FALSE,FALSE,NA,1,2,1,1,0,5,FALSE,"0",2023
"6/30/2023","S-P21-ACPL-063","P21","Acer","platanoides",0.9,"INST","SP",4,TRUE,TRUE,FALSE,TRUE,FALSE,TRUE,FALSE,TRUE,FALSE,FALSE,FALSE,"None","recent","Lush",FALSE,FALSE,FALSE,FALSE,FALSE,FALSE,NA,2,2,1,1,0,5,FALSE,"0",2023
"6/30/2023","S-P21-ACPL-062","P21","Acer","platanoides",0.6,"INST","SP",4,TRUE,TRUE,FALSE,TRUE,FALSE,TRUE,FALSE,TRUE,FALSE,FALSE,FALSE,"None","recent","Lush",FALSE,FALSE,FALSE,FALSE,FALSE,FALSE,NA,1,2,2,1,0,5,FALSE,"0",2023
"6/30/2023","S-P21-ACTR-061","P21","Acer","platanoides",1.4,"INST","SP",4,TRUE,TRUE,FALSE,TRUE,FALSE,TRUE,FALSE,TRUE,FALSE,FALSE,FALSE,"None","recent","Lush",FALSE,FALSE,FALSE,FALSE,FALSE,FALSE,NA,1,2,1,1,0,5,FALSE,"0",2023
"6/30/2023","S-P21-ACPL-060","P21","Acer","platanoides",0.7,"INST","SP",4,TRUE,TRUE,FALSE,TRUE,FALSE,TRUE,FALSE,TRUE,TRUE,FALSE,FALSE,"None","recent","Lush",FALSE,FALSE,FALSE,FALSE,TRUE,FALSE,NA,1,2,2,2,0,5,FALSE,"0",2023
"6/30/2023","S-P21-ACPL-059","P21","Acer","platanoides",0.7,"INST","SP",4,TRUE,TRUE,FALSE,TRUE,FALSE,TRUE,FALSE,TRUE,TRUE,FALSE,FALSE,"None","recent","Lush",FALSE,FALSE,FALSE,FALSE,TRUE,TRUE,NA,1,2,2,1,0,5,FALSE,"0",2023
"6/30/2023","S-P21-PRUN-056","P21","Prunus","okame",0.6,"SFR-D","SP",3,TRUE,FALSE,FALSE,TRUE,FALSE,TRUE,TRUE,FALSE,FALSE,FALSE,FALSE,"None","recent","Lush",FALSE,FALSE,FALSE,FALSE,FALSE,FALSE,NA,5,2,1,4,0,5,FALSE,"0",2023
"6/30/2023","S-P21-PRUN-055","P21","Prunus","okame",0.6,"SFR-D","SP",3,TRUE,FALSE,FALSE,TRUE,FALSE,TRUE,TRUE,FALSE,FALSE,FALSE,FALSE,"None","recent","Lush",FALSE,FALSE,FALSE,FALSE,FALSE,FALSE,NA,2,2,2,2,0,5,FALSE,"0",2023
"6/30/2023","S-P21-CECA-054","P21","Cercis","canadensis",0.6,"SFR-D","SP",4,TRUE,TRUE,FALSE,FALSE,FALSE,TRUE,FALSE,TRUE,FALSE,FALSE,FALSE,"None","recent","Lush",FALSE,FALSE,FALSE,FALSE,TRUE,TRUE,NA,NA,NA,21,5,0,4,TRUE,"0",2023
"6/30/2023","S-P21-CECA-053","P21","Cercis","canadensis",1.7,"SFR-D","SP",4,TRUE,TRUE,FALSE,FALSE,FALSE,TRUE,FALSE,TRUE,FALSE,FALSE,FALSE,"None","recent","Patchy but green",FALSE,FALSE,FALSE,FALSE,FALSE,FALSE,NA,3,2,2,3,0,4,FALSE,"0",2023
"6/30/2023","S-P21-CECA-052","P21","Cercis","canadensis",1.1,"SFR-D","SP",4,TRUE,TRUE,FALSE,FALSE,FALSE,TRUE,FALSE,FALSE,FALSE,FALSE,FALSE,"None","recent","Dry/brown",FALSE,FALSE,FALSE,FALSE,FALSE,TRUE,NA,3,2,1,3,0,4,FALSE,"0",2023
"6/30/2023","S-P21-LAUN-051","P21","Lagerstroemia","unknown",NA,"AG","SP",5,TRUE,TRUE,FALSE,FALSE,FALSE,FALSE,FALSE,TRUE,TRUE,FALSE,FALSE,"None","N/A","None",FALSE,FALSE,FALSE,FALSE,TRUE,TRUE,NA,2,1,3,2,0,3,FALSE,"0",2023
"6/30/2023","S-P21-LAUN-050","P21","Lagerstroemia","unknown",NA,"AG","SP",5,TRUE,TRUE,FALSE,FALSE,FALSE,FALSE,FALSE,TRUE,TRUE,FALSE,FALSE,"None","N/A","None",FALSE,FALSE,FALSE,FALSE,TRUE,FALSE,NA,2,1,4,2,0,3,FALSE,"0",2023
"6/30/2023","S-P21-LAUN-049","P21","Lagerstroemia","unknown",NA,"AG","SP",5,TRUE,TRUE,FALSE,FALSE,FALSE,FALSE,FALSE,TRUE,TRUE,FALSE,FALSE,"None","N/A","None",FALSE,FALSE,FALSE,FALSE,TRUE,FALSE,NA,2,1,2,1,0,4,FALSE,"0",2023
"6/30/2023","S-P21-CECA-048","P21","Cercis","canadensis",1,"AG","SP",1,TRUE,TRUE,FALSE,FALSE,FALSE,FALSE,FALSE,TRUE,TRUE,FALSE,FALSE,"None","recent","Dry/brown",FALSE,FALSE,FALSE,FALSE,FALSE,TRUE,NA,5,2,1,4,0,4,FALSE,"0",2023
"6/30/2023","S-P21-LAUN-047","P21","Lagerstroemia","unknown",1.5,"V","SP",5,TRUE,TRUE,FALSE,TRUE,FALSE,TRUE,TRUE,FALSE,FALSE,FALSE,FALSE,"None","recent","None",FALSE,FALSE,FALSE,FALSE,FALSE,FALSE,NA,1,2,3,1,0,4,FALSE,"0",2023
"6/30/2023","S-P21-PAPE-046","P21","Parrotia","persica",0.6,"V","SP",4,TRUE,TRUE,FALSE,FALSE,FALSE,TRUE,FALSE,FALSE,FALSE,FALSE,FALSE,"None","recent","None",FALSE,FALSE,FALSE,FALSE,TRUE,TRUE,NA,NA,NA,21,5,0,4,FALSE,"0",2023
"6/30/2023","S-P21-LAUN-045","P21","Lagerstroemia","unknown",1,"V","SP",4,TRUE,TRUE,FALSE,FALSE,FALSE,TRUE,TRUE,TRUE,FALSE,FALSE,FALSE,"None","recent","Patchy but green",FALSE,FALSE,FALSE,FALSE,TRUE,FALSE,NA,3,1,2,3,0,5,FALSE,"0",2023
"6/30/2023","S-P21-PAPE-044","P21","Parrotia","persica",0.6,"V","SP",4,TRUE,TRUE,FALSE,FALSE,FALSE,TRUE,TRUE,TRUE,FALSE,FALSE,FALSE,"None","recent","Patchy but green",FALSE,FALSE,FALSE,FALSE,FALSE,TRUE,NA,3,1,14,4,0,5,FALSE,"0",2023
"6/30/2023","S-P21-LAUN-043","P21","Lagerstroemia","unknown",1.6,"V","SP",5,TRUE,TRUE,FALSE,FALSE,FALSE,TRUE,TRUE,TRUE,FALSE,FALSE,FALSE,"None","recent","Dry/brown",FALSE,FALSE,FALSE,FALSE,TRUE,FALSE,NA,1,1,2,1,0,5,FALSE,"0",2023
"6/30/2023","S-P21-LAUN-042","P21","Lagerstroemia","unknown",1.8,"V","SP",5,TRUE,TRUE,FALSE,FALSE,FALSE,TRUE,TRUE,TRUE,FALSE,FALSE,FALSE,"None","recent","Lush",FALSE,FALSE,FALSE,FALSE,FALSE,TRUE,NA,1,1,1,1,0,5,FALSE,"0",2023
"6/30/2023","S-P21-LAUN-041","P21","Lagerstroemia","unknown",1.9,"COMM","SP",5,TRUE,TRUE,FALSE,FALSE,FALSE,TRUE,FALSE,TRUE,FALSE,FALSE,FALSE,"None","recent","Lush",FALSE,FALSE,FALSE,FALSE,FALSE,FALSE,NA,2,2,2,2,0,5,FALSE,"0",2023
"6/30/2023","S-P21-LAUN-040","P21","Lagerstroemia","unknown",2.4,"COMM","SP",5,TRUE,TRUE,FALSE,FALSE,FALSE,TRUE,FALSE,TRUE,FALSE,FALSE,FALSE,"None","recent","Lush",FALSE,FALSE,FALSE,FALSE,FALSE,FALSE,NA,2,2,1,2,0,5,FALSE,"0",2023
"6/30/2023","S-P21-LAUN-039","P21","Lagerstroemia","unknown",1.4,"COMM","SP",5,TRUE,TRUE,FALSE,FALSE,FALSE,TRUE,TRUE,FALSE,FALSE,FALSE,FALSE,"None","recent","Lush",FALSE,FALSE,FALSE,FALSE,FALSE,TRUE,NA,2,1,1,1,0,4,FALSE,"0",2023
"6/30/2023","S-P21-LAUN-001","P21","Lagerstroemia","unknown",0.9,"COMM","SP",4,TRUE,TRUE,FALSE,FALSE,FALSE,TRUE,TRUE,FALSE,FALSE,FALSE,FALSE,"None","recent","Lush",FALSE,FALSE,FALSE,FALSE,TRUE,TRUE,NA,2,1,5,2,0,5,FALSE,"0",2023
"6/30/2023","S-P21-LAUN-002","P21","Lagerstroemia","unknown",2.8,"COMM","SP",5,TRUE,TRUE,FALSE,FALSE,FALSE,TRUE,FALSE,TRUE,FALSE,FALSE,FALSE,"None","recent","Lush",FALSE,FALSE,FALSE,FALSE,TRUE,TRUE,NA,1,1,2,1,0,4,FALSE,"0",2023
"6/30/2023","S-P21-LAUN-003","P21","Lagerstroemia","unknown",1.3,"COMM","SP",5,TRUE,TRUE,FALSE,FALSE,FALSE,FALSE,FALSE,TRUE,FALSE,FALSE,FALSE,"None","recent","Lush",FALSE,FALSE,FALSE,FALSE,FALSE,TRUE,NA,2,1,1,1,0,5,FALSE,"0",2023
"6/30/2023","S-P21-LAUN-004","P21","Lagerstroemia","unknown",2.5,"COMM","SP",5,TRUE,TRUE,FALSE,TRUE,FALSE,TRUE,TRUE,TRUE,FALSE,FALSE,FALSE,"None","recent","Patchy but green",FALSE,FALSE,FALSE,FALSE,TRUE,FALSE,NA,2,1,7,2,0,5,FALSE,"0",2023
"6/30/2023","S-P21-LAUN-005","P21","Lagerstroemia","unknown",1,"COMM","SP",4,TRUE,TRUE,FALSE,TRUE,FALSE,TRUE,TRUE,TRUE,FALSE,FALSE,FALSE,"None","recent","Patchy but green",FALSE,FALSE,FALSE,FALSE,TRUE,TRUE,NA,1,1,1,1,0,5,FALSE,"0",2023
"6/30/2023","S-P21-LAUN-007","P21","Lagerstroemia","unknown",1.4,"COMM","SP",4,TRUE,TRUE,FALSE,TRUE,FALSE,TRUE,TRUE,TRUE,FALSE,FALSE,FALSE,"None","recent","Patchy but green",FALSE,FALSE,FALSE,FALSE,TRUE,FALSE,NA,2,2,5,2,0,4,FALSE,"0",2023
"6/30/2023","S-P21-LAUN-008","P21","Lagerstroemia","unknown",1.3,"COMM","SP",5,TRUE,TRUE,FALSE,TRUE,FALSE,TRUE,TRUE,TRUE,FALSE,FALSE,FALSE,"None","recent","Lush",FALSE,FALSE,FALSE,FALSE,TRUE,FALSE,NA,2,1,3,2,0,5,FALSE,"0",2023
"6/30/2023","S-P21-CECA-009","P21","Cercis","canadensis",1,"INST","SP",1,TRUE,TRUE,FALSE,FALSE,FALSE,TRUE,FALSE,FALSE,FALSE,FALSE,FALSE,"None","recent","Lush",FALSE,FALSE,FALSE,FALSE,FALSE,TRUE,NA,4,2,2,4,0,5,FALSE,"0",2023
"6/30/2023","S-P21-CECA-010","P21","Cercis","canadensis",0.8,"INST","SP",3,TRUE,TRUE,FALSE,FALSE,FALSE,TRUE,FALSE,TRUE,FALSE,FALSE,TRUE,"None","recent","Patchy but green",FALSE,FALSE,FALSE,FALSE,FALSE,TRUE,NA,4,2,1,4,0,5,FALSE,"0",2023
"6/30/2023","S-P21-LAUN-011","P21","Lagerstroemia","unknown",NA,"INST","SP",5,TRUE,TRUE,FALSE,FALSE,FALSE,FALSE,FALSE,TRUE,TRUE,FALSE,FALSE,"None","N/A","None",FALSE,FALSE,FALSE,FALSE,TRUE,TRUE,NA,2,1,2,2,0,3,FALSE,"0",2023
"6/30/2023","S-P21-LAUN-012","P21","Lagerstroemia","unknown",NA,"INST","SP",5,TRUE,TRUE,FALSE,FALSE,FALSE,FALSE,FALSE,TRUE,FALSE,FALSE,FALSE,"None","N/A","None",FALSE,FALSE,FALSE,FALSE,TRUE,TRUE,NA,2,1,1,1,0,3,FALSE,"0",2023
"6/30/2023","S-P21-LAUN-013","P21","Lagerstroemia","unknown",NA,"INST","SP",5,TRUE,TRUE,FALSE,FALSE,FALSE,FALSE,FALSE,TRUE,TRUE,FALSE,FALSE,"None","N/A","None",FALSE,FALSE,FALSE,FALSE,TRUE,TRUE,NA,2,1,1,1,0,4,FALSE,"0",2023
"6/30/2023","S-P21-CECA-015","P21","Cercis","canadensis",0.6,"INST","SP",4,TRUE,TRUE,FALSE,FALSE,FALSE,TRUE,FALSE,TRUE,FALSE,FALSE,FALSE,"None","recent","Lush",FALSE,FALSE,FALSE,FALSE,TRUE,FALSE,NA,5,2,10,4,0,2,FALSE,"0",2023
"6/30/2023","S-P21-CECA-016","P21","Cercis","canadensis",0.8,"INST","SP",4,TRUE,TRUE,FALSE,FALSE,FALSE,TRUE,FALSE,TRUE,TRUE,FALSE,FALSE,"None","recent","Lush",FALSE,FALSE,FALSE,FALSE,TRUE,FALSE,NA,5,2,11,4,0,5,FALSE,"0",2023
"6/30/2023","S-P21-CECA-017","P21","Cercis","canadensis",0.9,"INST","SP",4,TRUE,TRUE,FALSE,FALSE,FALSE,TRUE,FALSE,TRUE,FALSE,FALSE,FALSE,"None","recent","Lush",FALSE,FALSE,FALSE,FALSE,FALSE,TRUE,NA,4,2,2,4,0,5,FALSE,"0",2023
"6/30/2023","S-P21-CECA-018","P21","Cercis","canadensis",0.9,"INST","SP",3,TRUE,TRUE,FALSE,FALSE,FALSE,TRUE,FALSE,TRUE,TRUE,FALSE,FALSE,"None","recent","Lush",FALSE,FALSE,FALSE,FALSE,TRUE,FALSE,NA,4,2,9,4,0,5,FALSE,"0",2023
"6/30/2023","S-P21-ULUN-019","P21","Ulmus","americana",1.5,"SFR-D","SP",3,TRUE,TRUE,FALSE,TRUE,FALSE,TRUE,TRUE,TRUE,TRUE,FALSE,FALSE,"None","recent","Lush",FALSE,FALSE,FALSE,FALSE,TRUE,FALSE,NA,5,2,11,3,0,5,FALSE,"0",2023
"6/30/2023","S-P21-ULUN-020","P21","Ulmus","americana",1.2,"SFR-D","SP",3,TRUE,TRUE,FALSE,FALSE,FALSE,TRUE,FALSE,TRUE,FALSE,FALSE,FALSE,"None","recent","Lush",FALSE,FALSE,FALSE,FALSE,TRUE,FALSE,NA,5,2,8,4,0,5,FALSE,"0",2023
"6/30/2023","S-P21-ULUN-021","P21","Ulmus","americana",1.3,"SFR-D","SP",3,TRUE,TRUE,FALSE,FALSE,FALSE,TRUE,FALSE,TRUE,FALSE,FALSE,FALSE,"None","recent","Lush",FALSE,FALSE,FALSE,FALSE,TRUE,TRUE,NA,5,1,3,4,0,5,FALSE,"0",2023
"6/30/2023","S-P21-ULUN-022","P21","Ulmus","americana",1,"SFR-D","SP",5,TRUE,TRUE,FALSE,FALSE,FALSE,TRUE,FALSE,TRUE,FALSE,FALSE,FALSE,"None","recent","Lush",FALSE,FALSE,FALSE,FALSE,TRUE,FALSE,NA,5,2,4,4,0,5,FALSE,"0",2023
"6/30/2023","S-P21-GIBI-023","P21","Gingko","biloba",0.4,"INST","SP",2,TRUE,TRUE,FALSE,TRUE,FALSE,TRUE,FALSE,FALSE,FALSE,FALSE,FALSE,"None","recent","Lush",FALSE,FALSE,FALSE,FALSE,FALSE,FALSE,NA,3,1,2,3,0,5,FALSE,"0",2023
"6/30/2023","S-P21-GIBI-024","P21","Gingko","biloba",1.3,"INST","SP",5,TRUE,TRUE,FALSE,FALSE,FALSE,TRUE,TRUE,FALSE,FALSE,FALSE,FALSE,"None","recent","Lush",FALSE,FALSE,FALSE,FALSE,FALSE,TRUE,NA,2,1,1,2,0,5,FALSE,"0",2023
"6/30/2023","S-P21-GIBI-025","P21","Gingko","biloba",0.6,"INST","SP",4,TRUE,TRUE,FALSE,TRUE,FALSE,TRUE,TRUE,TRUE,FALSE,FALSE,FALSE,"None","recent","Lush",FALSE,FALSE,FALSE,FALSE,TRUE,TRUE,NA,2,1,1,3,0,5,FALSE,"0",2023
"6/30/2023","S-P21-GIBI-026","P21","Gingko","biloba",0.3,"INST","SP",3,TRUE,TRUE,FALSE,FALSE,FALSE,TRUE,FALSE,TRUE,TRUE,FALSE,FALSE,"None","recent","Lush",FALSE,FALSE,FALSE,FALSE,FALSE,FALSE,NA,3,1,1,3,0,5,FALSE,"0",2023
"6/30/2023","S-P21-GIBI-027","P21","Gingko","biloba",1,"INST","SP",4,TRUE,TRUE,FALSE,TRUE,FALSE,TRUE,TRUE,TRUE,FALSE,FALSE,FALSE,"None","recent","Lush",TRUE,FALSE,FALSE,FALSE,FALSE,FALSE,NA,2,1,1,1,0,5,FALSE,"0",2023
"6/30/2023","S-P21-GIBI-029","P21","Gingko","biloba",0.3,"SFR-D","FY",2,TRUE,FALSE,FALSE,FALSE,FALSE,TRUE,FALSE,FALSE,FALSE,FALSE,FALSE,"None","recent","Lush",FALSE,FALSE,FALSE,FALSE,TRUE,FALSE,NA,2,1,1,3,0,5,FALSE,"0",2023
"6/30/2023","S-P21-ZESE-031","P21","Zelkova","serrata",0.9,"SFR-D","SY",4,TRUE,TRUE,FALSE,TRUE,FALSE,TRUE,TRUE,TRUE,FALSE,FALSE,FALSE,"None","recent","Lush",FALSE,FALSE,FALSE,FALSE,FALSE,TRUE,NA,3,1,4,3,0,5,FALSE,"0",2023
"6/30/2023","S-P21-ZESE-037","P21","Zelkova","serrata",0.9,"COMM","SP",5,TRUE,TRUE,FALSE,TRUE,FALSE,TRUE,TRUE,TRUE,FALSE,FALSE,FALSE,"None","recent","Lush",FALSE,FALSE,FALSE,FALSE,FALSE,TRUE,NA,4,1,2,4,0,5,FALSE,"0",2023
"6/30/2023","S-P21-ULAM-038","P21","Ulmus","americana",2.6,"COMM","SP",5,TRUE,TRUE,FALSE,TRUE,FALSE,TRUE,TRUE,TRUE,FALSE,FALSE,FALSE,"None","recent","Lush",FALSE,FALSE,FALSE,FALSE,TRUE,FALSE,NA,5,2,2,4,0,5,FALSE,"0",2023
"6/30/2023","N-Q21-ZESE-001","Q21","Zelkova","serrata",0.7,"INST","SP",5,TRUE,TRUE,FALSE,TRUE,FALSE,TRUE,FALSE,TRUE,FALSE,FALSE,FALSE,"None","recent","Lush",FALSE,FALSE,FALSE,FALSE,FALSE,TRUE,NA,2,1,2,1,0,4,FALSE,"0",2023
"6/30/2023","N-Q21-ZESE-002","Q21","Zelkova","serrata",1,"INST","SP",5,TRUE,TRUE,FALSE,TRUE,TRUE,TRUE,FALSE,TRUE,FALSE,FALSE,FALSE,"None","recent","Lush",FALSE,FALSE,FALSE,FALSE,FALSE,FALSE,NA,2,1,2,1,0,4,FALSE,"0",2023
"6/30/2023","N-Q21-ZESE-003","Q21","Zelkova","serrata",0.8,"INST","SP",5,TRUE,TRUE,FALSE,TRUE,TRUE,TRUE,FALSE,FALSE,FALSE,FALSE,FALSE,"None","recent","Lush",FALSE,FALSE,FALSE,FALSE,TRUE,TRUE,NA,2,2,3,2,0,4,FALSE,"0",2023
"6/30/2023","N-Q21-ZESE-004","Q21","Zelkova","serrata",0.6,"INST","SP",5,TRUE,TRUE,FALSE,TRUE,TRUE,TRUE,FALSE,TRUE,FALSE,FALSE,FALSE,"None","recent","Lush",FALSE,FALSE,FALSE,FALSE,TRUE,TRUE,NA,2,2,5,3,0,4,FALSE,"0",2023
"6/30/2023","S-Q21-ACRU-017","Q21","Acer","rubrum",5.4,"COMM","OM",3,TRUE,FALSE,FALSE,TRUE,TRUE,FALSE,FALSE,TRUE,FALSE,FALSE,FALSE,"None","recent","Patchy but green",FALSE,FALSE,FALSE,FALSE,TRUE,TRUE,NA,2,1,8,3,0,5,FALSE,"0",2023
"6/30/2023","S-Q21-ACRU-018","Q21","Acer","rubrum",6.8,"COMM","OM",3,TRUE,FALSE,FALSE,TRUE,TRUE,FALSE,FALSE,TRUE,FALSE,FALSE,FALSE,"None","recent","Patchy but green",FALSE,FALSE,FALSE,FALSE,TRUE,TRUE,NA,2,1,9,4,0,5,FALSE,"0",2023
"6/30/2023","S-Q21-ACRU-019","Q21","Acer","rubrum",4.8,"COMM","OM",3,TRUE,FALSE,FALSE,TRUE,TRUE,FALSE,FALSE,TRUE,FALSE,FALSE,FALSE,"None","recent","Lush",FALSE,FALSE,FALSE,FALSE,TRUE,TRUE,NA,2,1,15,4,0,5,FALSE,"0",2023
"6/30/2023","S-Q21-ACRU-020","Q21","Acer","rubrum",6.4,"COMM","OM",3,TRUE,FALSE,FALSE,TRUE,TRUE,FALSE,FALSE,TRUE,FALSE,FALSE,FALSE,"None","recent","Patchy but green",FALSE,FALSE,FALSE,FALSE,TRUE,FALSE,NA,3,1,9,4,0,5,FALSE,"0",2023
"6/30/2023","S-Q21-ACRU-021","Q21","Acer","rubrum",6.1,"COMM","OM",3,TRUE,FALSE,FALSE,TRUE,TRUE,FALSE,FALSE,TRUE,TRUE,FALSE,FALSE,"None","recent","Patchy but green",FALSE,FALSE,FALSE,FALSE,TRUE,TRUE,NA,2,1,8,3,0,5,FALSE,"0",2023
"6/30/2023","S-Q21-ACRU-022","Q21","Acer","rubrum",5.5,"COMM","OM",3,TRUE,FALSE,FALSE,TRUE,TRUE,FALSE,FALSE,TRUE,FALSE,FALSE,FALSE,"None","recent","Patchy but green",FALSE,FALSE,FALSE,FALSE,TRUE,TRUE,NA,5,3,18,4,0,5,FALSE,"0",2023
"6/30/2023","S-Q21-ACRU-023","Q21","Acer","rubrum",5.4,"COMM","OM",3,TRUE,FALSE,FALSE,TRUE,TRUE,FALSE,FALSE,TRUE,FALSE,FALSE,FALSE,"None","recent","Patchy but green",FALSE,FALSE,FALSE,FALSE,TRUE,TRUE,NA,2,1,7,3,0,5,FALSE,"0",2023
"6/30/2023","S-Q21-ACRU-024","Q21","Acer","rubrum",4.9,"COMM","OM",3,TRUE,FALSE,FALSE,TRUE,TRUE,FALSE,FALSE,TRUE,FALSE,FALSE,FALSE,"None","recent","Patchy but green",FALSE,FALSE,FALSE,FALSE,TRUE,TRUE,NA,2,1,5,2,0,5,FALSE,"0",2023
"6/30/2023","S-Q21-ACRU-025","Q21","Acer","rubrum",5,"COMM","OM",3,TRUE,FALSE,FALSE,TRUE,TRUE,FALSE,FALSE,TRUE,FALSE,FALSE,FALSE,"None","recent","Patchy but green",FALSE,FALSE,FALSE,FALSE,TRUE,TRUE,NA,2,1,8,3,0,5,FALSE,"0",2023
"6/30/2023","S-Q21-ACRU-026","Q21","Acer","rubrum",5,"COMM","OM",3,TRUE,FALSE,FALSE,TRUE,TRUE,FALSE,FALSE,TRUE,FALSE,FALSE,FALSE,"None","recent","Patchy but green",FALSE,FALSE,FALSE,FALSE,TRUE,TRUE,NA,1,1,3,1,0,5,FALSE,"0",2023
"6/30/2023","S-Q21-ACRU-027","Q21","Acer","rubrum",4.8,"COMM","OM",3,TRUE,FALSE,FALSE,TRUE,TRUE,FALSE,FALSE,FALSE,FALSE,FALSE,FALSE,"None","recent","Patchy but green",FALSE,FALSE,FALSE,FALSE,TRUE,TRUE,NA,1,1,9,3,0,5,FALSE,"0",2023
"6/30/2023","S-Q21-ACRU-028","Q21","Acer","rubrum",6.5,"COMM","OM",3,TRUE,FALSE,FALSE,TRUE,TRUE,FALSE,FALSE,TRUE,FALSE,FALSE,FALSE,"None","recent","Patchy but green",FALSE,FALSE,FALSE,FALSE,TRUE,TRUE,NA,2,1,4,2,0,5,FALSE,"0",2023
"6/30/2023","S-Q21-ACRU-029","Q21","Acer","rubrum",6.5,"COMM","OM",3,TRUE,FALSE,FALSE,TRUE,TRUE,FALSE,FALSE,TRUE,FALSE,FALSE,FALSE,"None","recent","Patchy but green",FALSE,FALSE,FALSE,FALSE,TRUE,TRUE,NA,2,1,2,1,0,3,FALSE,"0",2023
"6/30/2023","S-Q21-ACRU-030","Q21","Acer","rubrum",7.7,"COMM","OM",3,TRUE,FALSE,FALSE,TRUE,TRUE,FALSE,FALSE,TRUE,FALSE,FALSE,FALSE,"None","recent","Patchy but green",FALSE,FALSE,FALSE,FALSE,FALSE,TRUE,NA,2,1,1,1,0,3,FALSE,"0",2023
"6/30/2023","S-Q21-ACRU-031","Q21","Acer","rubrum",8.5,"COMM","OM",3,TRUE,FALSE,FALSE,TRUE,TRUE,FALSE,FALSE,TRUE,FALSE,FALSE,FALSE,"None","recent","Patchy but green",TRUE,FALSE,FALSE,FALSE,FALSE,FALSE,NA,1,1,1,1,0,3,FALSE,"0",2023
"6/30/2023","S-Q21-ACRU-032","Q21","Acer","rubrum",8.4,"COMM","OM",4,TRUE,TRUE,TRUE,TRUE,TRUE,FALSE,FALSE,TRUE,TRUE,FALSE,FALSE,"None","recent","Patchy but green",TRUE,FALSE,FALSE,FALSE,TRUE,FALSE,NA,1,1,1,1,0,3,FALSE,"0",2023
"6/30/2023","S-Q21-ULAM-012","Q21","Ulmus","americana",5.2,"TR","OM",3,FALSE,TRUE,TRUE,TRUE,TRUE,TRUE,TRUE,TRUE,FALSE,FALSE,FALSE,"None","old","Lush",FALSE,FALSE,FALSE,FALSE,FALSE,FALSE,NA,3,2,1,3,0,5,FALSE,"0",2023
"6/30/2023","S-Q21-ULAM-011","Q21","Ulmus","americana",4.2,"TR","OM",3,FALSE,TRUE,TRUE,TRUE,TRUE,FALSE,FALSE,TRUE,FALSE,FALSE,FALSE,"None","old","Lush",FALSE,FALSE,FALSE,FALSE,TRUE,FALSE,NA,4,1,2,4,0,5,FALSE,"0",2023
"6/30/2023","S-Q21-ULAM-010","Q21","Ulmus","americana",4.3,"TR","OM",3,FALSE,TRUE,TRUE,TRUE,TRUE,TRUE,FALSE,TRUE,FALSE,FALSE,FALSE,"None","old","Lush",FALSE,FALSE,FALSE,FALSE,FALSE,FALSE,NA,4,1,1,4,0,5,FALSE,"0",2023
"6/30/2023","S-Q21-ULAM-009","Q21","Ulmus","americana",4.1,"TR","OM",3,FALSE,TRUE,TRUE,TRUE,TRUE,TRUE,FALSE,TRUE,FALSE,FALSE,FALSE,"None","old","Lush",FALSE,FALSE,FALSE,FALSE,FALSE,FALSE,NA,4,2,2,4,0,5,FALSE,"0",2023
"6/30/2023","S-Q21-ULAM-008","Q21","Ulmus","americana",4.7,"TR","OM",3,FALSE,TRUE,TRUE,TRUE,TRUE,FALSE,FALSE,TRUE,FALSE,FALSE,FALSE,"None","old","Lush",FALSE,FALSE,FALSE,FALSE,FALSE,TRUE,NA,4,1,1,4,0,5,FALSE,"0",2023
"6/30/2023","S-Q21-ULAM-007","Q21","Ulmus","americana",5.2,"TR","OM",3,FALSE,TRUE,TRUE,TRUE,TRUE,FALSE,FALSE,TRUE,FALSE,FALSE,FALSE,"None","old","Lush",FALSE,FALSE,FALSE,FALSE,FALSE,FALSE,NA,3,1,1,3,0,5,FALSE,"0",2023
"6/30/2023","S-Q21-ULAM-006","Q21","Ulmus","americana",5.4,"TR","OM",3,FALSE,TRUE,TRUE,TRUE,TRUE,FALSE,FALSE,TRUE,FALSE,FALSE,FALSE,"None","old","Lush",FALSE,FALSE,FALSE,FALSE,FALSE,FALSE,NA,4,1,1,4,0,5,FALSE,"0",2023
"7/3/2023","S-R21-QUPH-001","R21","Quercus","phellos",45,"SFR-D","FY",3,TRUE,FALSE,FALSE,FALSE,FALSE,FALSE,FALSE,TRUE,FALSE,FALSE,FALSE,"None","fresh","None",FALSE,FALSE,FALSE,FALSE,FALSE,FALSE,NA,1,1,4,2,0,4,FALSE,"0",2023
"7/3/2023","S-R21-CACA-002","R21","Carpinus","caroliniana",1.2,"SFR-D","SY",3,TRUE,FALSE,FALSE,FALSE,FALSE,TRUE,TRUE,FALSE,FALSE,FALSE,FALSE,"None","old","Lush",FALSE,FALSE,FALSE,FALSE,FALSE,FALSE,NA,2,1,1,1,0,5,FALSE,"0",2023
"7/3/2023","S-R21-MORU-006","R21","Morus","rubra",NA,"SFR-D","SP",3,TRUE,FALSE,FALSE,FALSE,FALSE,FALSE,FALSE,TRUE,TRUE,FALSE,FALSE,"None","N/A","None",FALSE,FALSE,FALSE,FALSE,FALSE,FALSE,NA,1,2,3,2,0,3,FALSE,"0",2023
"7/3/2023","S-R21-CAIL-007","R21","Carya","illinoinensis",NA,"SFR-D","SP",3,TRUE,FALSE,FALSE,FALSE,FALSE,FALSE,FALSE,TRUE,TRUE,FALSE,FALSE,"None","recent","Lush",FALSE,FALSE,FALSE,FALSE,FALSE,FALSE,NA,2,1,2,2,0,5,FALSE,"0",2023
"7/3/2023","S-R21-AMXG-014","R21","Amelanchier","x gradiflora",1,"SFR-D","SP",5,TRUE,TRUE,TRUE,TRUE,FALSE,TRUE,FALSE,FALSE,FALSE,FALSE,FALSE,"None","recent","Lush",FALSE,FALSE,FALSE,FALSE,FALSE,TRUE,NA,2,1,2,1,0,5,FALSE,"0",2023
"7/3/2023","S-R21-CACA-015","R21","Carpinus","caroliniana",1,"SFR-D","SP",5,TRUE,TRUE,TRUE,FALSE,FALSE,TRUE,FALSE,FALSE,FALSE,FALSE,FALSE,"None","recent","Patchy but green",FALSE,FALSE,FALSE,FALSE,FALSE,FALSE,NA,3,1,1,3,0,5,FALSE,"0",2023
"7/3/2023","S-R21-CACA-008","R21","Carpinus","caroliniana",0.6,"SFR-D","FY",3,TRUE,FALSE,FALSE,FALSE,FALSE,FALSE,TRUE,TRUE,TRUE,FALSE,FALSE,"None","recent","Lush",FALSE,FALSE,FALSE,FALSE,FALSE,FALSE,NA,3,1,2,3,0,5,FALSE,"0",2023
"7/3/2023","S-R21-ULAM-017","R21","Ulmus","americana",1.6,"SFR-D","SP",2,TRUE,FALSE,FALSE,FALSE,FALSE,TRUE,FALSE,FALSE,FALSE,FALSE,FALSE,"None","fresh","Lush",FALSE,FALSE,FALSE,FALSE,FALSE,FALSE,NA,1,2,1,2,0,5,FALSE,"0",2023
"7/3/2023","S-R21-ACSA-019","R21","Acer","saccharum",0.6,"V","NAT",2,TRUE,FALSE,FALSE,FALSE,FALSE,TRUE,FALSE,TRUE,TRUE,FALSE,FALSE,"None","old","Lush",FALSE,FALSE,FALSE,FALSE,FALSE,TRUE,NA,3,1,1,3,0,4,FALSE,"0",2023
"7/3/2023","S-R21-ULAM-020","R21","Ulmus","americana",1,"V","NAT",2,TRUE,FALSE,FALSE,FALSE,FALSE,TRUE,TRUE,TRUE,FALSE,FALSE,FALSE,"None","old","Shrubs or herbaceous non-grass species",FALSE,FALSE,FALSE,FALSE,FALSE,FALSE,NA,2,2,1,2,0,4,FALSE,"0",2023
"7/3/2023","S-R21-JUVI-022","R21","Juniperus","virginiana",15.5,"SFR-D","SY",5,TRUE,FALSE,TRUE,FALSE,FALSE,FALSE,FALSE,TRUE,TRUE,FALSE,FALSE,"None","potentially never","Patchy but green",FALSE,FALSE,FALSE,FALSE,TRUE,FALSE,NA,2,1,2,2,0,5,FALSE,"0",2023
"7/3/2023","S-R21-BENI-023","R21","Betula","nigra",1.1,"SFR-D","FY",2,TRUE,FALSE,TRUE,FALSE,FALSE,TRUE,TRUE,TRUE,TRUE,FALSE,FALSE,"None","old","Lush",FALSE,FALSE,FALSE,FALSE,FALSE,TRUE,NA,1,1,9,3,0,4,FALSE,"0",2023
"7/3/2023","S-R21-CACA-034","R21","Carpinus","caroliniana",1.1,"NAT","NAT",3,TRUE,FALSE,TRUE,FALSE,FALSE,TRUE,FALSE,FALSE,FALSE,FALSE,FALSE,"None","potentially never","Lush",FALSE,FALSE,FALSE,FALSE,FALSE,FALSE,NA,2,2,1,2,0,2,FALSE,"0",2023
"7/3/2023","S-R21-CACA-035","R21","Carpinus","caroliniana",1.2,"NAT","NAT",4,TRUE,FALSE,TRUE,FALSE,FALSE,TRUE,FALSE,FALSE,FALSE,FALSE,FALSE,"None","potentially never","Lush",FALSE,FALSE,FALSE,FALSE,FALSE,FALSE,NA,2,1,1,2,0,3,FALSE,"0",2023
"7/3/2023","S-R21-CACA-036","R21","Carpinus","caroliniana",1.1,"NAT","NAT",4,TRUE,FALSE,TRUE,FALSE,FALSE,TRUE,FALSE,FALSE,FALSE,FALSE,FALSE,"None","potentially never","Lush",FALSE,FALSE,FALSE,FALSE,TRUE,FALSE,NA,5,1,2,4,0,2,FALSE,"0",2023
"7/3/2023","S-R21-CACA-037","R21","Carpinus","caroliniana",0.9,"NAT","NAT",3,TRUE,FALSE,TRUE,FALSE,FALSE,FALSE,FALSE,TRUE,FALSE,FALSE,FALSE,"None","potentially never","Lush",FALSE,FALSE,FALSE,FALSE,FALSE,FALSE,NA,3,1,2,3,0,4,FALSE,"0",2023
"7/3/2023","S-R21-CACA-038","R21","Carpinus","caroliniana",1,"INST","OM",3,TRUE,FALSE,FALSE,FALSE,FALSE,TRUE,FALSE,TRUE,TRUE,FALSE,FALSE,"None","recent","Lush",FALSE,FALSE,FALSE,FALSE,FALSE,FALSE,NA,3,2,1,3,0,5,FALSE,"0",2023
"7/3/2023","S-R21-ACRU-039","R21","Acer","rubrum",17.5,"SFR-D","FY",5,TRUE,FALSE,TRUE,FALSE,FALSE,FALSE,FALSE,TRUE,TRUE,FALSE,FALSE,"None","N/A","None",TRUE,FALSE,TRUE,TRUE,TRUE,TRUE,NA,2,1,2,1,0,4,FALSE,"0",2023
"7/3/2023","S-R21-QUPH-059","R21","Quercus","phellos",30.3,"SFR-D","FY",4,TRUE,FALSE,FALSE,FALSE,FALSE,FALSE,FALSE,TRUE,FALSE,FALSE,FALSE,"None","N/A","None",TRUE,FALSE,TRUE,TRUE,TRUE,TRUE,NA,1,1,5,2,0,2,FALSE,"0",2023
"7/3/2023","S-R21-CACA-040","R21","Carpinus","caroliniana",1.3,"SFR-D","FY",3,TRUE,FALSE,TRUE,FALSE,FALSE,TRUE,TRUE,FALSE,FALSE,FALSE,FALSE,"None","recent","Lush",FALSE,FALSE,FALSE,FALSE,FALSE,FALSE,NA,2,1,1,1,0,4,FALSE,"0",2023
"7/3/2023","S-R21-CRVI-041","R21","Crataegus","viridis",1.2,"SFR-D","FY",3,TRUE,FALSE,TRUE,FALSE,FALSE,TRUE,FALSE,FALSE,FALSE,FALSE,FALSE,"None","fresh","Lush",FALSE,FALSE,FALSE,FALSE,FALSE,FALSE,NA,2,1,1,1,0,5,FALSE,"0",2023
"7/3/2023","S-R21-QUPH-058","R21","Quercus","phellos",47.8,"SFR-D","FY",5,TRUE,FALSE,FALSE,FALSE,FALSE,FALSE,FALSE,TRUE,TRUE,FALSE,FALSE,"None","N/A","None",TRUE,TRUE,TRUE,TRUE,FALSE,TRUE,NA,2,1,4,2,0,5,FALSE,"0",2023
"7/3/2023","S-R21-CACA-042","R21","Carpinus","caroliniana",1.1,"SFR-D","FY",2,TRUE,FALSE,TRUE,FALSE,FALSE,TRUE,TRUE,FALSE,FALSE,FALSE,FALSE,"None","fresh","Lush",FALSE,FALSE,FALSE,FALSE,FALSE,FALSE,NA,2,1,1,1,0,5,FALSE,"0",2023
"7/3/2023","S-R21-CACA-043","R21","Carpinus","caroliniana",0.8,"SFR-D","FY",2,TRUE,FALSE,FALSE,FALSE,FALSE,FALSE,TRUE,TRUE,FALSE,FALSE,FALSE,"None","recent","Lush",FALSE,FALSE,FALSE,FALSE,FALSE,FALSE,NA,5,2,2,4,0,4,FALSE,"0",2023
"7/3/2023","S-R21-CRVI-044","R21","Carpinus","caroliniana",1.2,"SFR-D","FY",2,TRUE,FALSE,TRUE,FALSE,FALSE,TRUE,FALSE,TRUE,TRUE,FALSE,FALSE,"None","old","Patchy but green",FALSE,FALSE,FALSE,FALSE,FALSE,FALSE,NA,2,2,1,1,0,5,FALSE,"0",2023
"7/3/2023","S-R21-CACA-047","R21","Carpinus","caroliniana",0.7,"SFR-D","FY",3,TRUE,FALSE,FALSE,TRUE,FALSE,TRUE,TRUE,FALSE,FALSE,FALSE,FALSE,"None","recent","Lush",FALSE,FALSE,FALSE,FALSE,TRUE,FALSE,NA,5,1,1,4,0,4,FALSE,"0",2023
"7/3/2023","S-R21-CACA-046","R21","Carpinus","caroliniana",1.2,"SFR-D","FY",3,TRUE,FALSE,TRUE,TRUE,FALSE,TRUE,FALSE,FALSE,FALSE,FALSE,FALSE,"None","recent","Lush",FALSE,FALSE,FALSE,FALSE,FALSE,FALSE,NA,5,1,1,4,0,4,FALSE,"0",2023
"7/3/2023","S-R21-ULAM-055","R21","Ulmus","americana",1.3,"SFR-D","FY",2,TRUE,FALSE,FALSE,TRUE,FALSE,TRUE,FALSE,FALSE,FALSE,FALSE,FALSE,"None","recent","Lush",FALSE,FALSE,FALSE,FALSE,FALSE,FALSE,NA,1,2,1,2,0,5,FALSE,"0",2023
"7/3/2023","S-R21-CRVI-049","R21","Crataegus","viridis",1,"V","OM",1,TRUE,FALSE,FALSE,TRUE,FALSE,TRUE,TRUE,TRUE,TRUE,FALSE,FALSE,"None","old","Patchy but green",FALSE,FALSE,FALSE,FALSE,TRUE,FALSE,NA,2,2,2,2,0,4,FALSE,"0",2023
"7/3/2023","S-R21-CRVI-050","R21","Crataegus","viridis",1.1,"V","OM",2,TRUE,FALSE,FALSE,TRUE,FALSE,TRUE,TRUE,TRUE,TRUE,FALSE,FALSE,"None","old","Patchy but green",FALSE,FALSE,FALSE,FALSE,FALSE,TRUE,NA,3,2,1,3,0,5,FALSE,"0",2023
"7/3/2023","S-R21-QUVI-053","R21","Quercus","virginiana",19.6,"SFR-D","SY",5,TRUE,FALSE,TRUE,FALSE,FALSE,FALSE,FALSE,TRUE,TRUE,FALSE,FALSE,"None","old","Patchy but green",TRUE,FALSE,TRUE,TRUE,TRUE,TRUE,NA,2,1,1,2,0,5,FALSE,"0",2023
"7/3/2023","S-U16-LAUN-019","U16","Lagerstroemia","unknown",NA,"SFR-D","M",4,TRUE,FALSE,FALSE,TRUE,FALSE,FALSE,FALSE,TRUE,FALSE,FALSE,FALSE,"Moderate","recent","Lush",FALSE,FALSE,FALSE,FALSE,TRUE,TRUE,NA,2,1,3,2,0,5,FALSE,"0",2023
"7/3/2023","S-U16-ULAL-018","U16","Ulmus","alata",7.3,"SFR-D","M",4,TRUE,FALSE,FALSE,TRUE,FALSE,FALSE,FALSE,TRUE,TRUE,FALSE,TRUE,"Minimal","recent","Lush",TRUE,FALSE,FALSE,FALSE,FALSE,FALSE,NA,2,1,1,2,0,3,FALSE,"0",2023
"7/3/2023","S-U16-LAUN-017","U16","Lagerstroemia","unknown",NA,"SFR-D","M",4,TRUE,FALSE,FALSE,TRUE,FALSE,FALSE,FALSE,TRUE,TRUE,FALSE,FALSE,"Minimal","recent","Lush",TRUE,FALSE,FALSE,FALSE,TRUE,TRUE,NA,2,1,5,3,0,4,FALSE,"0",2023
"7/3/2023","S-U16-ULAL-016","U16","Ulmus","unknown",19.3,"SFR-D","M",4,TRUE,FALSE,FALSE,FALSE,FALSE,FALSE,FALSE,TRUE,TRUE,FALSE,FALSE,"Minimal","recent","Lush",TRUE,FALSE,FALSE,FALSE,FALSE,FALSE,NA,1,1,9,4,0,5,FALSE,"0",2023
"7/3/2023","S-U16-LAUN-015","U16","Lagerstroemia","unknown",NA,"SFR-D","M",4,TRUE,FALSE,FALSE,TRUE,FALSE,FALSE,FALSE,TRUE,TRUE,FALSE,FALSE,"Minimal","recent","Lush",FALSE,FALSE,FALSE,FALSE,FALSE,FALSE,NA,2,1,5,2,0,4,FALSE,"0",2023
"7/3/2023","S-U16-ULAL-014","U16","Ulmus","alata",6.4,"SFR-D","M",4,TRUE,FALSE,FALSE,TRUE,FALSE,FALSE,FALSE,TRUE,TRUE,FALSE,FALSE,"Moderate","recent","Patchy but green",FALSE,FALSE,FALSE,FALSE,FALSE,FALSE,NA,2,2,1,1,0,3,FALSE,"0",2023
"7/3/2023","S-U16-LAUN-013","U16","Lagerstroemia","unknown",NA,"SFR-D","M",4,TRUE,FALSE,FALSE,FALSE,FALSE,FALSE,FALSE,TRUE,TRUE,FALSE,FALSE,"Moderate","recent","Patchy but green",FALSE,FALSE,FALSE,FALSE,FALSE,TRUE,NA,2,1,2,1,0,2,FALSE,"0",2023
"7/3/2023","S-U16-LAUN-012","U16","Lagerstroemia","unknown",NA,"SFR-D","M",4,TRUE,FALSE,FALSE,TRUE,FALSE,FALSE,FALSE,TRUE,TRUE,FALSE,FALSE,"Moderate","recent","Patchy but green",FALSE,FALSE,FALSE,FALSE,FALSE,FALSE,NA,2,1,2,1,0,3,FALSE,"0",2023
"7/3/2023","S-U16-COFL-011","U16","Cornus","florida",9.8,"SFR-D","M",4,TRUE,FALSE,FALSE,FALSE,FALSE,FALSE,FALSE,TRUE,FALSE,FALSE,TRUE,"Moderate","recent","Lush",FALSE,FALSE,FALSE,FALSE,FALSE,FALSE,NA,4,1,2,4,0,2,FALSE,"0",2023
"7/3/2023","S-U16-ULAL-010","U16","Ulmus","alata",6.6,"SFR-D","M",4,TRUE,FALSE,FALSE,FALSE,FALSE,FALSE,FALSE,TRUE,FALSE,FALSE,FALSE,"Minimal","recent","Lush",TRUE,FALSE,FALSE,FALSE,FALSE,TRUE,NA,2,1,1,2,0,4,FALSE,"0",2023
"7/3/2023","S-U16-LAUN-009","U16","Lagerstroemia","unknown",NA,"SFR-D","M",4,TRUE,FALSE,FALSE,FALSE,FALSE,FALSE,FALSE,TRUE,FALSE,FALSE,FALSE,"Minimal","recent","Lush",TRUE,FALSE,FALSE,FALSE,FALSE,FALSE,NA,2,1,3,2,0,3,FALSE,"0",2023
"7/3/2023","S-U16-ULAL-008","U16","Ulmus","unknown",15.8,"SFR-D","M",4,TRUE,FALSE,FALSE,FALSE,FALSE,FALSE,FALSE,TRUE,TRUE,FALSE,FALSE,"Minimal","recent","Lush",TRUE,TRUE,FALSE,FALSE,FALSE,FALSE,NA,2,1,3,2,0,4,FALSE,"0",2023
"7/3/2023","S-U16-LAUN-007","U16","Lagerstroemia","unknown",NA,"SFR-D","M",4,TRUE,FALSE,FALSE,FALSE,FALSE,FALSE,FALSE,TRUE,FALSE,FALSE,FALSE,"Minimal","recent","Lush",TRUE,FALSE,FALSE,FALSE,FALSE,FALSE,NA,2,1,2,1,0,3,FALSE,"0",2023
"7/3/2023","S-U16-ULAL-006","U16","Ulmus","alata",NA,"SFR-D","M",4,TRUE,FALSE,FALSE,TRUE,TRUE,FALSE,FALSE,TRUE,TRUE,FALSE,FALSE,"Minimal","recent","Lush",TRUE,FALSE,FALSE,FALSE,FALSE,FALSE,NA,2,1,1,1,0,5,FALSE,"0",2023
"7/3/2023","S-U16-LAIN-005","U16","Lagerstroemia","unknown",NA,"SFR-D","M",4,TRUE,FALSE,FALSE,TRUE,FALSE,FALSE,FALSE,TRUE,FALSE,FALSE,FALSE,"Minimal","recent","Lush",TRUE,FALSE,FALSE,FALSE,FALSE,FALSE,NA,2,1,5,3,0,5,FALSE,"0",2023
"7/3/2023","S-U16-ILCO-004","U16","Ilex","cornuta",NA,"SFR-D","M",4,TRUE,FALSE,FALSE,FALSE,FALSE,FALSE,FALSE,TRUE,TRUE,FALSE,FALSE,"Moderate","potentially never","Shrubs or herbaceous non-grass species",FALSE,FALSE,FALSE,FALSE,FALSE,FALSE,NA,3,1,4,3,0,5,FALSE,"0",2023
"7/3/2023","S-T18-LIST-015","T18","Liquidambar","styraciflua",NA,"SFR-D","SY",3,TRUE,FALSE,TRUE,TRUE,FALSE,FALSE,FALSE,TRUE,FALSE,FALSE,FALSE,"None","N/A","None",FALSE,FALSE,FALSE,FALSE,FALSE,FALSE,NA,2,1,2,1,0,2,FALSE,"0",2023
"7/3/2023","S-T18-QUPH-016","T18","Quercus","phellos",32.9,"SFR-D","SY",4,TRUE,FALSE,FALSE,FALSE,FALSE,FALSE,FALSE,TRUE,TRUE,FALSE,FALSE,"None","potentially never","Shrubs or herbaceous non-grass species",FALSE,FALSE,TRUE,FALSE,TRUE,FALSE,NA,1,1,2,1,0,3,FALSE,"0",2023
"7/3/2023","S-T18-LITU-017","T18","Liriodendron","tulipfera",NA,"SFR-D","FY",4,TRUE,FALSE,FALSE,FALSE,FALSE,FALSE,FALSE,TRUE,FALSE,FALSE,FALSE,"None","old","Patchy but green",FALSE,FALSE,FALSE,FALSE,FALSE,FALSE,NA,2,1,5,3,0,4,FALSE,"0",2023
"7/3/2023","S-T18-ACRU-018","T18","Acer","rubrum",15,"SFR-D","FY",4,TRUE,FALSE,FALSE,FALSE,FALSE,FALSE,FALSE,TRUE,FALSE,FALSE,FALSE,"None","old","Lush",TRUE,FALSE,FALSE,FALSE,TRUE,FALSE,NA,2,1,4,2,0,4,FALSE,"0",2023
"7/3/2023","S-T18-COKO-028","T18","Cornus","kousa",2.6,"SFR-D","FY",3,TRUE,FALSE,TRUE,FALSE,FALSE,FALSE,FALSE,TRUE,TRUE,FALSE,FALSE,"None","old","Lush",FALSE,FALSE,FALSE,FALSE,FALSE,FALSE,NA,1,1,1,1,0,4,FALSE,"0",2023
"7/3/2023","S-T18-QUPH-039","T18","Quercus","phellos",NA,"SFR-D","FY",4,TRUE,FALSE,TRUE,FALSE,FALSE,FALSE,FALSE,TRUE,TRUE,FALSE,FALSE,"None","old","Patchy but green",FALSE,FALSE,FALSE,FALSE,TRUE,FALSE,NA,1,1,2,1,0,2,FALSE,"1",2023
"7/3/2023","S-M19-QUCO-032","M19","Quercus","coccinea",25.4,"MFR","SP",5,TRUE,TRUE,FALSE,TRUE,FALSE,FALSE,FALSE,TRUE,TRUE,FALSE,FALSE,"None","old","None",TRUE,TRUE,FALSE,FALSE,TRUE,FALSE,NA,1,1,6,3,0,4,FALSE,"0",2023
"7/3/2023","S-M19-QUCO-031","M19","Quercus","coccinea",21.1,"MFR","SP",5,TRUE,TRUE,TRUE,TRUE,FALSE,FALSE,FALSE,TRUE,TRUE,FALSE,FALSE,"None","old","Patchy but green",TRUE,TRUE,TRUE,FALSE,FALSE,FALSE,NA,1,1,5,2,0,4,FALSE,"0",2023
"7/3/2023","S-M19-QUCO-030","M19","Quercus","coccinea",30.4,"MFR","SP",5,TRUE,TRUE,FALSE,TRUE,FALSE,FALSE,FALSE,TRUE,TRUE,FALSE,FALSE,"None","old","Patchy but green",TRUE,FALSE,TRUE,TRUE,FALSE,FALSE,NA,1,1,5,2,0,3,FALSE,"0",2023
"7/3/2023","S-M19-NYSY-017","M19","Liquidambar","styraciflua",16.2,"SFR-D","FY",4,TRUE,FALSE,FALSE,FALSE,FALSE,FALSE,FALSE,TRUE,FALSE,FALSE,FALSE,"None","recent","Lush",FALSE,FALSE,FALSE,FALSE,FALSE,FALSE,NA,2,1,2,2,0,1,FALSE,"0",2023
"7/3/2023","S-M19-QUPH-028","M19","Quercus","phellos",7.7,"SFR-D","FY",5,TRUE,FALSE,FALSE,FALSE,FALSE,FALSE,FALSE,TRUE,TRUE,FALSE,FALSE,"None","potentially never","Shrubs or herbaceous non-grass species",TRUE,FALSE,FALSE,FALSE,FALSE,FALSE,NA,2,1,1,1,0,4,FALSE,"0",2023
"7/3/2023","S-M19-NYSY-019","M19","Nyssa","sylvatica",14.6,"SFR-D","FY",4,TRUE,FALSE,FALSE,FALSE,FALSE,FALSE,FALSE,TRUE,FALSE,FALSE,FALSE,"None","N/A","None",FALSE,FALSE,TRUE,FALSE,FALSE,FALSE,NA,2,1,2,1,0,2,FALSE,"0",2023
"7/3/2023","S-M19-LIST-018","M19","Liquidambar","styraciflua",30.1,"SFR-D","FY",4,TRUE,FALSE,FALSE,FALSE,FALSE,FALSE,FALSE,TRUE,FALSE,FALSE,FALSE,"None","N/A","None",TRUE,FALSE,TRUE,FALSE,TRUE,FALSE,NA,2,1,2,2,0,3,FALSE,"0",2023
"7/3/2023","S-M19-NYSY-016","M19","Nyssa","sylvatica",14.6,"SFR-D","FY",4,TRUE,FALSE,TRUE,FALSE,FALSE,FALSE,FALSE,TRUE,FALSE,FALSE,FALSE,"None","recent","Lush",TRUE,FALSE,FALSE,FALSE,FALSE,FALSE,NA,2,1,2,2,0,4,FALSE,"0",2023
"7/6/2023","S-Q21-ULAM-001","Q21","Ulmus","americana",4.8,"TR","OM",3,FALSE,TRUE,FALSE,FALSE,FALSE,FALSE,FALSE,TRUE,FALSE,FALSE,FALSE,"None","fresh","Lush",TRUE,FALSE,FALSE,FALSE,FALSE,FALSE,NA,3,2,1,3,0,5,FALSE,"0",2023
"7/6/2023","S-Q21-ULAM-002","Q21","Ulmus","americana",5.5,"TR","OM",3,FALSE,TRUE,FALSE,FALSE,FALSE,FALSE,FALSE,TRUE,FALSE,FALSE,FALSE,"None","fresh","Lush",FALSE,FALSE,FALSE,FALSE,FALSE,FALSE,NA,3,1,1,3,0,5,FALSE,"0",2023
"7/6/2023","S-Q21-ULAM-003","Q21","Ulmus","americana",6,"TR","OM",3,FALSE,TRUE,FALSE,FALSE,FALSE,FALSE,FALSE,TRUE,FALSE,FALSE,FALSE,"None","fresh","Lush",FALSE,FALSE,FALSE,FALSE,FALSE,FALSE,NA,3,2,1,3,0,5,FALSE,"0",2023
"7/6/2023","S-Q21-ULAM-004","Q21","Ulmus","americana",4.9,"TR","OM",3,FALSE,TRUE,FALSE,FALSE,FALSE,FALSE,FALSE,TRUE,FALSE,FALSE,FALSE,"None","fresh","Patchy but green",FALSE,FALSE,FALSE,FALSE,FALSE,FALSE,NA,3,2,1,3,0,5,FALSE,"0",2023
"7/6/2023","S-Q21-ULAM-005","Q21","Ulmus","americana",5.6,"TR","OM",3,FALSE,TRUE,FALSE,FALSE,FALSE,FALSE,FALSE,TRUE,FALSE,FALSE,FALSE,"None","fresh","Patchy but green",FALSE,FALSE,FALSE,FALSE,FALSE,FALSE,NA,3,2,1,3,0,5,FALSE,"0",2023
"7/6/2023","S-Q21-ACBU-033","Q21","Acer","buergeranum",9.9,"COMM","OH",5,TRUE,FALSE,FALSE,TRUE,FALSE,FALSE,FALSE,TRUE,FALSE,FALSE,FALSE,"Moderate","N/A","None",FALSE,FALSE,FALSE,FALSE,TRUE,FALSE,NA,1,1,2,1,0,5,FALSE,"0",2023
"7/6/2023","S-Q21-GYDI-034","Q21","Gymnocladus","dioicus",2.7,"COMM","SP",4,TRUE,FALSE,FALSE,TRUE,FALSE,FALSE,FALSE,TRUE,FALSE,FALSE,FALSE,"Moderate","N/A","None",FALSE,FALSE,FALSE,FALSE,TRUE,TRUE,NA,2,1,3,2,0,4,FALSE,"0",2023
"7/6/2023","S-Q21-GYDI-035","Q21","Gymnocladus","dioicus",3.7,"COMM","SP",5,TRUE,FALSE,FALSE,TRUE,FALSE,FALSE,FALSE,TRUE,FALSE,FALSE,FALSE,"Moderate","N/A","None",FALSE,FALSE,FALSE,FALSE,FALSE,FALSE,NA,3,1,1,3,0,5,FALSE,"0",2023
"7/6/2023","S-Q21-GYDI-036","Q21","Gymnocladus","dioicus",3.7,"COMM","SP",5,TRUE,FALSE,FALSE,TRUE,FALSE,FALSE,FALSE,TRUE,FALSE,FALSE,FALSE,"Moderate","N/A","None",FALSE,FALSE,FALSE,FALSE,FALSE,FALSE,NA,3,1,1,3,0,5,FALSE,"0",2023
"7/6/2023","S-Q21-GYDI-037","Q21","Gymnocladus","dioicus",4.9,"COMM","SP",5,TRUE,FALSE,FALSE,TRUE,FALSE,FALSE,FALSE,TRUE,FALSE,FALSE,FALSE,"Moderate","N/A","None",FALSE,FALSE,FALSE,FALSE,FALSE,FALSE,NA,3,1,1,3,0,5,FALSE,"0",2023
"7/6/2023","S-Q21-GYDI-038","Q21","Gymnocladus","dioicus",5.5,"COMM","SP",5,TRUE,FALSE,FALSE,TRUE,FALSE,FALSE,FALSE,TRUE,FALSE,FALSE,FALSE,"Moderate","N/A","None",FALSE,FALSE,FALSE,FALSE,TRUE,TRUE,NA,2,1,4,2,0,5,FALSE,"0",2023
"7/6/2023","S-Q21-GYDI-039","Q21","Gymnocladus","dioicus",6.6,"COMM","SP",5,TRUE,FALSE,FALSE,TRUE,FALSE,FALSE,FALSE,TRUE,FALSE,FALSE,FALSE,"Moderate","N/A","None",FALSE,FALSE,FALSE,FALSE,TRUE,TRUE,NA,2,1,2,2,0,5,FALSE,"0",2023
"7/6/2023","S-Q21-GYDI-040","Q21","Gymnocladus","dioicus",7.8,"COMM","SP",5,TRUE,FALSE,FALSE,TRUE,FALSE,FALSE,FALSE,TRUE,FALSE,FALSE,FALSE,"Moderate","N/A","None",FALSE,FALSE,FALSE,FALSE,FALSE,FALSE,NA,2,1,1,1,0,5,FALSE,"0",2023
"7/6/2023","S-Q21-GYDI-041","Q21","Gymnocladus","dioicus",4.6,"COMM","SP",5,TRUE,FALSE,FALSE,TRUE,FALSE,FALSE,FALSE,TRUE,FALSE,FALSE,FALSE,"Moderate","N/A","None",FALSE,FALSE,FALSE,FALSE,FALSE,FALSE,NA,3,1,1,3,0,5,FALSE,"0",2023
"7/6/2023","S-Q21-GYDI-042","Q21","Gymnocladus","dioicus",7.1,"COMM","SP",5,TRUE,FALSE,FALSE,TRUE,FALSE,FALSE,FALSE,TRUE,FALSE,FALSE,FALSE,"Moderate","N/A","None",FALSE,FALSE,FALSE,FALSE,FALSE,FALSE,NA,3,1,1,3,0,5,FALSE,"0",2023
"7/6/2023","S-Q21-GYDI-043","Q21","Gymnocladus","dioicus",5.2,"COMM","SP",5,TRUE,FALSE,FALSE,TRUE,FALSE,FALSE,FALSE,TRUE,FALSE,FALSE,FALSE,"Moderate","N/A","None",FALSE,FALSE,FALSE,FALSE,FALSE,FALSE,NA,3,1,1,3,0,5,FALSE,"0",2023
"7/6/2023","S-Q21-GYDI-044","Q21","Gymnocladus","dioicus",5.4,"COMM","SP",5,TRUE,FALSE,FALSE,TRUE,FALSE,FALSE,FALSE,TRUE,FALSE,FALSE,FALSE,"Moderate","N/A","None",FALSE,FALSE,FALSE,FALSE,FALSE,FALSE,NA,3,1,1,3,0,5,FALSE,"0",2023
"7/6/2023","S-Q21-GYDI-045","Q21","Gymnocladus","dioicus",3.1,"COMM","SP",4,TRUE,FALSE,FALSE,TRUE,FALSE,FALSE,FALSE,TRUE,FALSE,FALSE,FALSE,"Moderate","N/A","None",FALSE,FALSE,FALSE,FALSE,FALSE,FALSE,NA,2,1,2,2,0,5,FALSE,"0",2023
"7/6/2023","S-Q21-ULPA-046","Q21","Ulmus","parvifolia",12.2,"COMM","SP",5,TRUE,FALSE,FALSE,TRUE,FALSE,FALSE,FALSE,TRUE,FALSE,FALSE,FALSE,"Moderate","N/A","None",FALSE,FALSE,FALSE,FALSE,TRUE,FALSE,NA,2,1,2,2,0,4,FALSE,"0",2023
"7/6/2023","S-Q21-GYDI-047","Q21","Gymnocladus","dioicus",3.3,"COMM","SP",3,TRUE,FALSE,FALSE,TRUE,FALSE,FALSE,FALSE,TRUE,FALSE,FALSE,FALSE,"Moderate","N/A","None",FALSE,FALSE,FALSE,FALSE,TRUE,TRUE,NA,3,1,10,3,0,4,FALSE,"0",2023
"7/6/2023","S-Q21-ACBU-050","Q21","Acer","buergeranum",1.5,"COMM","SP",3,TRUE,FALSE,FALSE,TRUE,FALSE,FALSE,FALSE,TRUE,FALSE,FALSE,FALSE,"Moderate","N/A","None",FALSE,FALSE,FALSE,FALSE,FALSE,FALSE,NA,5,1,2,4,0,4,FALSE,"0",2023
"7/6/2023","S-Q21-ACXF-051","Q21","Acer","rubrum",6.9,"COMM","SP",5,TRUE,FALSE,FALSE,TRUE,FALSE,FALSE,FALSE,TRUE,FALSE,FALSE,FALSE,"Moderate","N/A","None",FALSE,FALSE,FALSE,FALSE,TRUE,FALSE,NA,2,1,4,2,0,4,FALSE,"0",2023
"7/6/2023","S-Q21-TICO-052","Q21","Tilia","cordata",19.5,"COMM","OH",5,TRUE,FALSE,FALSE,TRUE,FALSE,FALSE,FALSE,TRUE,TRUE,FALSE,FALSE,"None","N/A","None",FALSE,FALSE,FALSE,FALSE,TRUE,FALSE,NA,1,1,3,1,0,3,FALSE,"0",2023
"7/6/2023","S-Q21-JUVI-056","Q21","Juniperus","virginiana",5.2,"COMM","OH",3,TRUE,FALSE,FALSE,TRUE,FALSE,FALSE,FALSE,TRUE,FALSE,FALSE,FALSE,"None","N/A","None",FALSE,FALSE,FALSE,FALSE,FALSE,TRUE,NA,3,1,2,3,0,2,FALSE,"0",2023
"7/6/2023","S-Q21-ACRU-059","Q21","Acer","rubrum",10,"COMM","SC",5,TRUE,TRUE,FALSE,FALSE,FALSE,FALSE,FALSE,TRUE,FALSE,FALSE,FALSE,"None","N/A","None",TRUE,FALSE,FALSE,FALSE,TRUE,FALSE,NA,2,1,7,3,0,4,FALSE,"0",2023
"7/6/2023","S-Q21-ACTR-060","Q21","Acer","truncatum",4.3,"COMM","SC",5,TRUE,TRUE,FALSE,FALSE,FALSE,FALSE,FALSE,TRUE,FALSE,FALSE,FALSE,"None","N/A","None",FALSE,FALSE,FALSE,FALSE,FALSE,FALSE,NA,2,1,2,1,0,4,FALSE,"0",2023
"7/6/2023","S-Q21-ACRU-072","Q21","Acer","rubrum",10.7,"COMM","SC",5,TRUE,TRUE,FALSE,FALSE,FALSE,FALSE,FALSE,TRUE,FALSE,FALSE,FALSE,"None","N/A","None",FALSE,FALSE,TRUE,FALSE,TRUE,FALSE,NA,2,1,5,2,0,5,FALSE,"0",2023
"7/6/2023","S-Q21-ULPA-073","Q21","Ulmus","parvifolia",8.2,"COMM","SC",5,TRUE,TRUE,FALSE,FALSE,FALSE,FALSE,FALSE,TRUE,FALSE,FALSE,FALSE,"None","N/A","None",FALSE,FALSE,FALSE,FALSE,TRUE,TRUE,NA,2,1,1,1,0,4,FALSE,"0",2023
"7/6/2023","S-Q21-ULPA-074","Q21","Ulmus","parvifolia",5.6,"COMM","SC",5,TRUE,TRUE,FALSE,FALSE,FALSE,FALSE,FALSE,TRUE,FALSE,FALSE,FALSE,"None","N/A","None",FALSE,FALSE,FALSE,FALSE,TRUE,FALSE,NA,1,1,1,1,0,3,FALSE,"0",2023
"7/6/2023","S-Q21-ULPA-075","Q21","Ulmus","parvifolia",4.6,"COMM","SC",5,TRUE,TRUE,FALSE,FALSE,FALSE,FALSE,FALSE,TRUE,FALSE,FALSE,FALSE,"None","N/A","None",FALSE,FALSE,FALSE,FALSE,TRUE,FALSE,NA,1,1,2,1,0,3,FALSE,"0",2023
"7/6/2023","S-Q21-ULPA-076","Q21","Ulmus","parvifolia",5,"COMM","SC",5,TRUE,TRUE,FALSE,FALSE,FALSE,FALSE,FALSE,TRUE,FALSE,FALSE,FALSE,"None","N/A","None",FALSE,FALSE,FALSE,FALSE,FALSE,FALSE,NA,2,1,2,1,0,3,FALSE,"0",2023
"7/6/2023","S-Q21-ZESE-061","Q21","Zelkova","serrata",11.1,"COMM","SC",5,TRUE,TRUE,FALSE,FALSE,FALSE,FALSE,FALSE,TRUE,FALSE,FALSE,FALSE,"None","N/A","None",FALSE,FALSE,TRUE,FALSE,TRUE,FALSE,NA,2,1,2,3,0,3,FALSE,"0",2023
"7/6/2023","S-Q21-ZESE-062","Q21","Zelkova","serrata",10.5,"COMM","SC",5,TRUE,TRUE,FALSE,FALSE,FALSE,FALSE,FALSE,TRUE,TRUE,FALSE,FALSE,"None","N/A","None",FALSE,FALSE,TRUE,FALSE,TRUE,TRUE,NA,2,2,2,3,0,2,FALSE,"0",2023
"7/6/2023","S-Q21-ZESE-063","Q21","Zelkova","serrata",13,"COMM","SC",5,TRUE,TRUE,FALSE,FALSE,FALSE,FALSE,FALSE,TRUE,FALSE,FALSE,FALSE,"None","N/A","None",FALSE,FALSE,TRUE,FALSE,TRUE,TRUE,NA,3,1,3,3,0,3,FALSE,"0",2023
"7/6/2023","S-Q21-ZESE-064","Q21","Zelkova","serrata",13.2,"COMM","SC",5,TRUE,TRUE,FALSE,FALSE,FALSE,FALSE,FALSE,TRUE,FALSE,FALSE,FALSE,"None","N/A","None",FALSE,FALSE,TRUE,FALSE,TRUE,TRUE,NA,2,1,2,2,0,3,FALSE,"0",2023
"7/6/2023","S-Q21-ZESE-065","Q21","Zelkova","serrata",12.4,"COMM","SC",5,TRUE,TRUE,FALSE,FALSE,FALSE,FALSE,FALSE,TRUE,FALSE,FALSE,FALSE,"None","N/A","None",FALSE,FALSE,FALSE,FALSE,TRUE,TRUE,NA,2,1,2,2,0,3,FALSE,"0",2023
"7/6/2023","S-Q21-ZESE-066","Q21","Zelkova","serrata",8.6,"COMM","SC",5,TRUE,TRUE,FALSE,FALSE,FALSE,FALSE,FALSE,TRUE,FALSE,FALSE,FALSE,"None","N/A","None",FALSE,FALSE,TRUE,FALSE,TRUE,TRUE,NA,3,1,9,4,0,3,FALSE,"0",2023
"7/6/2023","S-Q21-ZESE-067","Q21","Zelkova","serrata",13.8,"COMM","SC",5,TRUE,TRUE,FALSE,FALSE,FALSE,FALSE,FALSE,TRUE,FALSE,FALSE,FALSE,"None","N/A","None",FALSE,FALSE,TRUE,FALSE,TRUE,TRUE,NA,2,1,8,4,0,3,FALSE,"0",2023
"7/6/2023","S-Q21-ACRU-068","Q21","Acer","rubrum",8.1,"COMM","SC",5,TRUE,TRUE,FALSE,FALSE,FALSE,FALSE,FALSE,TRUE,FALSE,FALSE,FALSE,"None","N/A","None",FALSE,FALSE,TRUE,FALSE,TRUE,FALSE,NA,2,1,13,4,0,3,FALSE,"0",2023
"7/6/2023","S-Q21-ACRU-069","Q21","Acer","rubrum",6.7,"COMM","SC",5,TRUE,TRUE,FALSE,FALSE,FALSE,FALSE,FALSE,TRUE,FALSE,FALSE,FALSE,"None","N/A","None",FALSE,FALSE,TRUE,FALSE,TRUE,FALSE,NA,2,1,9,4,0,3,FALSE,"0",2023
"7/6/2023","S-Q21-ACRU-070","Q21","Acer","rubrum",5.4,"COMM","SC",5,TRUE,TRUE,FALSE,FALSE,FALSE,FALSE,FALSE,TRUE,FALSE,FALSE,FALSE,"None","N/A","None",FALSE,FALSE,FALSE,FALSE,TRUE,TRUE,NA,1,1,4,2,0,3,FALSE,"0",2023
"7/6/2023","S-Q21-ACRU-071","Q21","Acer","rubrum",8.8,"COMM","SC",5,TRUE,TRUE,FALSE,FALSE,FALSE,FALSE,FALSE,TRUE,FALSE,FALSE,FALSE,"None","N/A","None",TRUE,FALSE,FALSE,FALSE,TRUE,FALSE,NA,1,1,4,2,0,2,FALSE,"0",2023
"7/6/2023","S-Q21-ACTR-078","Q21","Acer","rubrum",3.1,"COMM","SC",4,TRUE,TRUE,FALSE,FALSE,FALSE,FALSE,FALSE,TRUE,FALSE,FALSE,FALSE,"None","N/A","None",FALSE,FALSE,FALSE,FALSE,FALSE,FALSE,NA,4,1,2,4,0,4,FALSE,"0",2023
"7/6/2023","S-Q21-ZESE-077","Q21","Zelkova","serrata",8.1,"COMM","SC",5,TRUE,TRUE,FALSE,FALSE,FALSE,FALSE,FALSE,TRUE,FALSE,FALSE,FALSE,"None","N/A","None",FALSE,FALSE,FALSE,FALSE,TRUE,TRUE,NA,5,3,19,4,0,4,FALSE,"0",2023
"7/6/2023","S-M19-NYSY-012","M19","Nyssa","sylvatica",NA,"SFR-D","SP",3,TRUE,FALSE,FALSE,FALSE,FALSE,FALSE,FALSE,TRUE,TRUE,FALSE,FALSE,"None","old","Lush",TRUE,FALSE,TRUE,FALSE,TRUE,FALSE,NA,2,1,1,1,0,3,FALSE,"0",2023
"7/6/2023","S-M19-NYSY-011","M19","Nyssa","sylvatica",NA,"SFR-D","SP",3,TRUE,FALSE,FALSE,FALSE,FALSE,FALSE,FALSE,TRUE,FALSE,FALSE,FALSE,"None","recent","Patchy but green",FALSE,FALSE,TRUE,FALSE,TRUE,FALSE,NA,4,1,2,4,0,2,FALSE,"0",2023
"7/6/2023","S-M19-NYSY-010","M19","Nyssa","sylvatica",25,"SFR-D","SP",3,TRUE,FALSE,TRUE,FALSE,FALSE,FALSE,FALSE,TRUE,TRUE,FALSE,FALSE,"None","recent","Patchy but green",TRUE,FALSE,TRUE,FALSE,TRUE,FALSE,NA,1,1,3,2,0,2,FALSE,"0",2023
"7/6/2023","S-M19-NYSY-009","M19","Nyssa","sylvatica",20.4,"SFR-D","SP",3,TRUE,FALSE,TRUE,FALSE,FALSE,FALSE,FALSE,TRUE,TRUE,FALSE,FALSE,"None","recent","Lush",FALSE,FALSE,TRUE,FALSE,TRUE,TRUE,NA,2,1,3,1,0,3,FALSE,"0",2023
"7/6/2023","S-M19-NYSY-008","M19","Nyssa","sylvatica",NA,"SFR-D","SP",3,TRUE,FALSE,TRUE,FALSE,FALSE,FALSE,FALSE,TRUE,FALSE,FALSE,FALSE,"None","recent","Lush",TRUE,FALSE,TRUE,FALSE,TRUE,FALSE,NA,2,2,2,2,0,3,FALSE,"0",2023
"7/6/2023","S-M19-NYSY-007","M19","Nyssa","sylvatica",NA,"SFR-D","SP",3,TRUE,FALSE,TRUE,FALSE,FALSE,FALSE,FALSE,TRUE,FALSE,FALSE,FALSE,"Minimal","recent","Lush",TRUE,FALSE,FALSE,FALSE,TRUE,TRUE,NA,1,1,5,2,0,4,FALSE,"0",2023
"7/6/2023","S-M19-NYSY-006","M19","Nyssa","sylvatica",15.6,"SFR-D","SP",3,TRUE,FALSE,TRUE,FALSE,FALSE,FALSE,FALSE,TRUE,FALSE,FALSE,FALSE,"Minimal","recent","Lush",TRUE,FALSE,FALSE,FALSE,TRUE,FALSE,NA,2,1,4,2,0,4,FALSE,"0",2023
"7/6/2023","S-M19-NYSY-014","M19","Nyssa","sylvatica",NA,"SFR-D","SP",3,TRUE,FALSE,FALSE,FALSE,FALSE,FALSE,FALSE,TRUE,TRUE,FALSE,FALSE,"None","recent","Patchy but green",FALSE,FALSE,FALSE,FALSE,TRUE,FALSE,NA,2,1,3,1,0,3,FALSE,"0",2023
"6/29/2023","S-O21-QUUN-034","O21","Quercus","lyrata",9.8,"SFR-D","SP",2,TRUE,TRUE,FALSE,FALSE,FALSE,FALSE,FALSE,TRUE,FALSE,FALSE,FALSE,"None","N/A","None",FALSE,FALSE,FALSE,FALSE,FALSE,FALSE,NA,2,1,1,1,0,3,FALSE,"0",2023
"7/7/2023","S-O21-QUUN-049","O21","Quercus","unknown",NA,"SFR-D","SP",2,FALSE,TRUE,FALSE,FALSE,FALSE,FALSE,FALSE,TRUE,FALSE,FALSE,FALSE,"Extensive","old","Lush",FALSE,FALSE,FALSE,FALSE,TRUE,FALSE,NA,2,1,3,2,0,4,FALSE,"0",2023
"6/29/2023","S-O21-QUVI-052","O21","Quercus","virginiana",23.5,"SFR-D","SC",2,TRUE,TRUE,TRUE,FALSE,FALSE,FALSE,FALSE,TRUE,FALSE,FALSE,FALSE,"Moderate","N/A","None",TRUE,FALSE,FALSE,TRUE,FALSE,FALSE,NA,1,1,2,1,0,3,FALSE,"0",2023
"6/29/2023","S-O21-QUVI-108","O21","Quercus","virginiana",35.2,"SFR-D","FY",3,TRUE,TRUE,FALSE,FALSE,FALSE,FALSE,FALSE,TRUE,TRUE,FALSE,FALSE,"None","recent","Lush",TRUE,FALSE,FALSE,TRUE,TRUE,FALSE,NA,1,1,4,2,0,4,FALSE,"0",2023
"6/29/2023","S-O21-QUVI-112","O21","Quercus","virginiana",34.4,"SFR-D","FY",2,TRUE,FALSE,FALSE,FALSE,FALSE,FALSE,FALSE,TRUE,TRUE,FALSE,FALSE,"None","old","Shrubs or herbaceous non-grass species",TRUE,FALSE,TRUE,TRUE,TRUE,FALSE,NA,1,1,2,1,0,5,FALSE,"0",2023
"7/10/2023","S-O18-CECA-019","O18","Cercis","canadensis",1.5,"INST","SP",3,FALSE,TRUE,FALSE,TRUE,TRUE,TRUE,FALSE,TRUE,TRUE,FALSE,FALSE,"None","recent","Lush",FALSE,FALSE,FALSE,FALSE,FALSE,TRUE,NA,2,3,1,3,0,5,FALSE,"0",2023
"7/10/2023","S-O18-CECA-018","O18","Cercis","canadensis",1.2,"INST","SP",3,FALSE,TRUE,FALSE,TRUE,TRUE,TRUE,FALSE,TRUE,FALSE,FALSE,FALSE,"None","recent","Lush",FALSE,FALSE,FALSE,FALSE,FALSE,FALSE,NA,3,2,3,3,0,5,FALSE,"0",2023
"7/10/2023","S-O18-CECA-017","O18","Cercis","canadensis",NA,"INST","SP",4,FALSE,TRUE,FALSE,FALSE,FALSE,FALSE,FALSE,FALSE,FALSE,FALSE,FALSE,"None","recent","Lush",FALSE,FALSE,FALSE,FALSE,FALSE,FALSE,NA,NA,NA,NA,NA,0,NA,FALSE,"1",2023
"7/10/2023","S-O18-CECA-016","O18","Cercis","canadensis",NA,"INST","SP",4,FALSE,TRUE,FALSE,FALSE,FALSE,FALSE,FALSE,FALSE,FALSE,FALSE,FALSE,"None","recent","Lush",FALSE,FALSE,FALSE,FALSE,FALSE,FALSE,NA,NA,NA,NA,NA,0,NA,FALSE,"1",2023
"7/10/2023","S-O18-CECA-015","O18","Cercis","canadensis",1.7,"INST","SP",4,FALSE,TRUE,FALSE,TRUE,TRUE,TRUE,FALSE,TRUE,FALSE,FALSE,FALSE,"None","recent","Lush",FALSE,FALSE,FALSE,FALSE,TRUE,TRUE,NA,4,2,5,4,0,5,FALSE,"0",2023
"7/10/2023","S-O18-CECA-014","O18","Cercis","canadensis",1.7,"INST","SP",4,FALSE,TRUE,FALSE,TRUE,TRUE,TRUE,FALSE,TRUE,FALSE,FALSE,FALSE,"None","recent","Lush",FALSE,FALSE,FALSE,FALSE,FALSE,TRUE,NA,2,2,1,3,0,5,FALSE,"0",2023
"7/10/2023","S-O18-CECA-013","O18","Cercis","canadensis",1.5,"INST","SP",4,FALSE,TRUE,FALSE,TRUE,TRUE,TRUE,FALSE,TRUE,TRUE,FALSE,FALSE,"None","recent","Lush",FALSE,FALSE,FALSE,FALSE,FALSE,FALSE,NA,2,2,1,3,0,5,FALSE,"0",2023
"7/10/2023","S-O18-CECA-012","O18","Cercis","canadensis",2.5,"INST","OM",4,FALSE,TRUE,FALSE,TRUE,TRUE,TRUE,FALSE,TRUE,TRUE,FALSE,FALSE,"None","recent","Lush",FALSE,FALSE,FALSE,FALSE,FALSE,FALSE,NA,3,2,1,4,0,5,FALSE,"0",2023
"7/10/2023","S-O18-CECA-011","O18","Cercis","canadensis",2.2,"INST","SP",3,FALSE,TRUE,FALSE,TRUE,TRUE,TRUE,FALSE,TRUE,FALSE,FALSE,FALSE,"None","recent","Lush",FALSE,FALSE,FALSE,FALSE,FALSE,TRUE,NA,3,2,2,4,0,5,FALSE,"0",2023
"7/10/2023","S-O18-CECA-010","O18","Cercis","canadensis",0.7,"INST","SP",2,FALSE,TRUE,FALSE,TRUE,TRUE,TRUE,FALSE,TRUE,TRUE,FALSE,FALSE,"None","recent","Lush",FALSE,FALSE,FALSE,FALSE,TRUE,TRUE,NA,3,2,1,3,0,5,FALSE,"0",2023
"7/10/2023","S-O18-CECA-009","O18","Cercis","canadensis",NA,"INST","SP",3,FALSE,TRUE,FALSE,FALSE,FALSE,FALSE,FALSE,FALSE,FALSE,FALSE,FALSE,"None","recent","Lush",FALSE,FALSE,FALSE,FALSE,FALSE,FALSE,NA,NA,NA,NA,NA,0,NA,FALSE,"1",2023
"7/10/2023","S-O18-CECA-008","O18","Cercis","canadensis",NA,"INST","SP",3,FALSE,TRUE,FALSE,FALSE,FALSE,FALSE,FALSE,FALSE,FALSE,FALSE,FALSE,"None","recent","Lush",FALSE,FALSE,FALSE,FALSE,FALSE,FALSE,NA,NA,NA,NA,NA,0,NA,FALSE,"1",2023
"7/10/2023","S-O18-CECA-007","O18","Cercis","canadensis",2.9,"INST","SP",3,FALSE,TRUE,FALSE,TRUE,TRUE,TRUE,FALSE,TRUE,TRUE,FALSE,FALSE,"None","recent","Lush",FALSE,FALSE,FALSE,FALSE,FALSE,FALSE,NA,2,2,2,2,0,5,FALSE,"0",2023
"7/10/2023","S-O18-CECA-006","O18","Cercis","canadensis",NA,"INST","SP",3,FALSE,TRUE,FALSE,FALSE,FALSE,FALSE,FALSE,FALSE,FALSE,FALSE,FALSE,"None","recent","Lush",FALSE,FALSE,FALSE,FALSE,FALSE,FALSE,NA,NA,NA,NA,NA,0,NA,FALSE,"1",2023
"7/10/2023","S-O18-CECA-005","O18","Cercis","canadensis",NA,"INST","SP",3,FALSE,TRUE,FALSE,FALSE,FALSE,FALSE,FALSE,FALSE,FALSE,FALSE,FALSE,"None","recent","Lush",FALSE,FALSE,FALSE,FALSE,FALSE,FALSE,NA,NA,NA,NA,NA,0,NA,FALSE,"1",2023
"7/10/2023","S-O18-CECA-004","O18","Cercis","canadensis",1,"INST","OM",3,FALSE,TRUE,FALSE,TRUE,TRUE,TRUE,FALSE,TRUE,FALSE,FALSE,TRUE,"None","recent","Lush",FALSE,FALSE,FALSE,FALSE,FALSE,TRUE,NA,3,2,1,3,0,5,FALSE,"0",2023
"7/10/2023","S-O18-CECA-003","O18","Cercis","canadensis",1.9,"INST","OM",3,FALSE,TRUE,FALSE,TRUE,TRUE,TRUE,FALSE,TRUE,FALSE,FALSE,FALSE,"None","recent","Lush",FALSE,FALSE,FALSE,FALSE,FALSE,FALSE,NA,3,2,2,3,0,5,FALSE,"0",2023
"7/10/2023","S-O18-CECA-002","O18","Cercis","canadensis",1,"INST","OM",3,FALSE,TRUE,FALSE,TRUE,TRUE,TRUE,FALSE,TRUE,FALSE,FALSE,FALSE,"None","recent","Lush",FALSE,FALSE,FALSE,FALSE,FALSE,FALSE,NA,2,2,2,2,0,5,FALSE,"0",2023
"7/10/2023","S-O18-CECA-001","O18","Cercis","canadensis",3.5,"INST","OM",3,FALSE,TRUE,FALSE,TRUE,TRUE,FALSE,FALSE,TRUE,FALSE,FALSE,FALSE,"None","recent","Lush",FALSE,FALSE,FALSE,FALSE,FALSE,TRUE,NA,2,2,1,2,0,5,FALSE,"0",2023
"6/13/2023","ACRU-062","Duke","Acer","rubrum",9.4,"INST","OM",4,FALSE,TRUE,FALSE,FALSE,FALSE,FALSE,FALSE,TRUE,TRUE,FALSE,FALSE,"None","N/A","None",TRUE,FALSE,FALSE,FALSE,FALSE,FALSE,FALSE,2,1,1,1,0,3,FALSE,"0",2023
"6/13/2023","ACRU-059","Duke","Acer","rubrum",8,"INST","OM",4,FALSE,TRUE,FALSE,TRUE,FALSE,FALSE,FALSE,FALSE,FALSE,FALSE,FALSE,"None","recent","Patchy but green",TRUE,FALSE,FALSE,FALSE,FALSE,FALSE,FALSE,3,1,3,3,0,4,FALSE,"0",2023
"6/13/2023","ACRU-060","Duke","Acer","rubrum",7.5,"INST","OM",3,FALSE,TRUE,FALSE,TRUE,FALSE,FALSE,FALSE,TRUE,FALSE,FALSE,FALSE,"None","recent","Patchy but green",TRUE,FALSE,FALSE,FALSE,TRUE,FALSE,FALSE,3,1,7,4,0,5,FALSE,"0",2023
"6/13/2023","ACRU-061","Duke","Acer","rubrum",5.4,"INST","OM",4,FALSE,TRUE,FALSE,FALSE,FALSE,FALSE,FALSE,TRUE,TRUE,FALSE,FALSE,"None","recent","Patchy but green",FALSE,FALSE,FALSE,FALSE,TRUE,FALSE,FALSE,3,1,6,4,0,5,FALSE,"0",2023
"6/12/2023","ACRU-027","Duke","Acer","rubrum",3.8,"INST","OM",1,FALSE,FALSE,FALSE,TRUE,FALSE,FALSE,FALSE,TRUE,FALSE,FALSE,FALSE,"Moderate","N/A","None",FALSE,FALSE,FALSE,FALSE,TRUE,FALSE,FALSE,2,2,3,2,0,1,FALSE,"0",2023
"6/13/2023","CECA-036","Duke","Cercis","canadensis",4,"INST","OM",3,TRUE,FALSE,FALSE,FALSE,FALSE,FALSE,FALSE,TRUE,FALSE,FALSE,FALSE,"Moderate","recent","Lush",FALSE,FALSE,FALSE,FALSE,TRUE,FALSE,FALSE,2,2,3,2,0,5,FALSE,"0",2023
"6/12/2023","CECA-026","Duke","Cercis","canadensis",7.5,"INST","OM",1,FALSE,FALSE,FALSE,TRUE,FALSE,FALSE,FALSE,TRUE,FALSE,FALSE,FALSE,"Moderate","N/A","None",TRUE,FALSE,FALSE,FALSE,TRUE,FALSE,FALSE,2,2,2,2,0,3,FALSE,"0",2023
"6/19/2023","CECA-026","Duke","Cercis","canadensis",0,"INST","",NA,FALSE,FALSE,FALSE,FALSE,FALSE,FALSE,FALSE,FALSE,FALSE,FALSE,FALSE,"","","",FALSE,FALSE,FALSE,FALSE,FALSE,FALSE,FALSE,1,2,2,2,0,3,FALSE,"0",2023
"6/13/2023","CECA-071","Duke","Cercis","canadensis",8.2,"INST","OM",4,FALSE,FALSE,FALSE,FALSE,TRUE,FALSE,FALSE,TRUE,FALSE,FALSE,FALSE,"None","N/A","None",FALSE,FALSE,FALSE,FALSE,FALSE,FALSE,FALSE,2,1,1,2,0,3,FALSE,"0",2023
"6/13/2023","CECA-037","Duke","Cercis","canadensis",4.9,"INST","OM",3,FALSE,FALSE,FALSE,FALSE,FALSE,FALSE,FALSE,TRUE,TRUE,FALSE,FALSE,"None","N/A","None",FALSE,FALSE,FALSE,FALSE,TRUE,FALSE,FALSE,2,2,1,2,0,1,FALSE,"0",2023
"6/19/2023","ACRU-048","Duke","Acer","rubrum",0,"INST","",NA,FALSE,FALSE,FALSE,FALSE,FALSE,FALSE,FALSE,FALSE,FALSE,FALSE,FALSE,"","","",FALSE,FALSE,FALSE,FALSE,FALSE,FALSE,FALSE,1,1,2,1,0,5,FALSE,"0",2023
"6/13/2023","LAIN-063","Duke","Lagerstroemia","indica",6.5,"INST","OM",5,FALSE,TRUE,FALSE,TRUE,FALSE,FALSE,FALSE,TRUE,FALSE,FALSE,FALSE,"None","N/A","None",FALSE,FALSE,TRUE,TRUE,FALSE,FALSE,FALSE,1,1,1,1,0,5,FALSE,"0",2023
"6/13/2023","LAIN-064","Duke","Lagerstroemia","indica",4.2,"INST","OM",5,FALSE,TRUE,FALSE,TRUE,FALSE,FALSE,FALSE,TRUE,FALSE,FALSE,FALSE,"None","N/A","None",FALSE,FALSE,FALSE,TRUE,TRUE,TRUE,FALSE,2,1,2,2,0,5,FALSE,"0",2023
"6/19/2023","LAIN-064","Duke","Lagerstroemia","indica",0,"INST","",NA,FALSE,FALSE,FALSE,FALSE,FALSE,FALSE,FALSE,FALSE,FALSE,FALSE,FALSE,"","","",FALSE,FALSE,FALSE,FALSE,FALSE,FALSE,FALSE,1,1,1,1,0,5,FALSE,"0",2023
"6/13/2023","LAIN-066","Duke","Lagerstroemia","indica",33.5,"INST","OM",5,FALSE,TRUE,FALSE,FALSE,FALSE,FALSE,FALSE,TRUE,FALSE,FALSE,FALSE,"None","N/A","None",TRUE,FALSE,FALSE,FALSE,FALSE,FALSE,FALSE,1,1,1,1,0,2,FALSE,"0",2023
"6/19/2023","LAIN-066","Duke","Lagerstroemia","indica",0,"INST","",NA,FALSE,FALSE,FALSE,FALSE,FALSE,FALSE,FALSE,FALSE,FALSE,FALSE,FALSE,"","","",FALSE,FALSE,FALSE,FALSE,FALSE,FALSE,FALSE,1,1,1,1,0,3,FALSE,"0",2023
"6/20/2023","LAIN-190","Duke","Lagerstroemia","indica",40,"INST","OM",4,FALSE,TRUE,FALSE,FALSE,FALSE,FALSE,FALSE,TRUE,FALSE,FALSE,FALSE,"Minimal","N/A","None",TRUE,FALSE,FALSE,TRUE,FALSE,FALSE,FALSE,1,1,2,1,0,4,FALSE,"0",2023
"6/13/2023","LAIN-069","Duke","Lagerstroemia","indica",31.3,"INST","OM",5,FALSE,TRUE,FALSE,FALSE,FALSE,FALSE,FALSE,TRUE,FALSE,FALSE,FALSE,"None","N/A","None",TRUE,FALSE,FALSE,FALSE,TRUE,FALSE,FALSE,1,1,1,1,0,2,FALSE,"0",2023
"6/13/2023","LAIN-068","Duke","Lagerstroemia","indica",24.3,"INST","OM",4,FALSE,TRUE,FALSE,FALSE,FALSE,FALSE,FALSE,TRUE,FALSE,FALSE,FALSE,"None","N/A","None",TRUE,FALSE,FALSE,FALSE,TRUE,FALSE,FALSE,1,1,1,1,0,2,FALSE,"0",2023
"6/13/2023","LAIN-067","Duke","Lagerstroemia","indica",34.1,"INST","OM",5,FALSE,TRUE,FALSE,FALSE,FALSE,FALSE,FALSE,TRUE,FALSE,FALSE,FALSE,"None","N/A","None",FALSE,FALSE,FALSE,FALSE,FALSE,FALSE,FALSE,1,1,1,1,0,2,FALSE,"0",2023
"6/13/2023","LAIN-045","Duke","Lagerstroemia","indica",12.5,"INST","SC",4,FALSE,TRUE,FALSE,FALSE,FALSE,FALSE,FALSE,TRUE,FALSE,FALSE,FALSE,"None","old","Lush",FALSE,FALSE,FALSE,FALSE,FALSE,FALSE,FALSE,1,2,1,1,0,5,FALSE,"0",2023
"6/19/2023","LAIN-045","Duke","Lagerstroemia","indica",0,"INST","",NA,FALSE,FALSE,FALSE,FALSE,FALSE,FALSE,FALSE,FALSE,FALSE,FALSE,FALSE,"","","",FALSE,FALSE,FALSE,FALSE,FALSE,FALSE,FALSE,1,1,1,1,0,5,FALSE,"0",2023
"6/19/2023","LAIN-168","Duke","Lagerstroemia","indica",10.8,"INST","SC",5,TRUE,TRUE,FALSE,FALSE,FALSE,FALSE,FALSE,TRUE,FALSE,FALSE,FALSE,"None","N/A","None",FALSE,FALSE,FALSE,FALSE,FALSE,TRUE,FALSE,2,1,1,1,0,5,FALSE,"0",2023
"6/13/2023","LAIN-044","Duke","Lagerstroemia","indica",15.5,"INST","SC",5,FALSE,TRUE,FALSE,FALSE,FALSE,FALSE,FALSE,TRUE,FALSE,FALSE,FALSE,"None","N/A","None",FALSE,FALSE,FALSE,FALSE,TRUE,FALSE,FALSE,1,1,1,1,0,4,FALSE,"0",2023
"6/13/2023","LAIN-051","Duke","Lagerstroemia","indica",11.2,"INST","SC",5,TRUE,TRUE,FALSE,FALSE,FALSE,FALSE,FALSE,TRUE,FALSE,FALSE,FALSE,"None","N/A","None",FALSE,FALSE,FALSE,FALSE,TRUE,FALSE,FALSE,1,1,2,1,0,5,FALSE,"0",2023
"6/19/2023","LAIN-169","Duke","Lagerstroemia","indica",10.8,"INST","SC",5,TRUE,TRUE,FALSE,FALSE,FALSE,FALSE,FALSE,TRUE,FALSE,FALSE,FALSE,"None","N/A","None",FALSE,FALSE,FALSE,FALSE,TRUE,TRUE,FALSE,2,1,4,2,0,5,FALSE,"0",2023
"6/13/2023","LAIN-050","Duke","Lagerstroemia","indica",10.9,"INST","SC",5,TRUE,TRUE,FALSE,FALSE,FALSE,FALSE,FALSE,TRUE,FALSE,FALSE,FALSE,"None","N/A","None",FALSE,FALSE,FALSE,FALSE,TRUE,FALSE,FALSE,2,1,5,3,0,5,FALSE,"0",2023
"6/13/2023","LAIN-043","Duke","Lagerstroemia","indica",10.8,"INST","SC",5,FALSE,TRUE,FALSE,FALSE,FALSE,FALSE,FALSE,TRUE,FALSE,FALSE,FALSE,"None","N/A","None",FALSE,FALSE,FALSE,FALSE,FALSE,FALSE,FALSE,2,1,3,1,0,5,FALSE,"0",2023
"6/13/2023","LAIN-049","Duke","Lagerstroemia","indica",6.3,"INST","SC",5,TRUE,TRUE,FALSE,FALSE,FALSE,FALSE,FALSE,TRUE,FALSE,FALSE,FALSE,"None","N/A","None",FALSE,FALSE,FALSE,FALSE,TRUE,FALSE,FALSE,2,1,2,1,0,5,FALSE,"0",2023
"6/13/2023","LAIN-042","Duke","Lagerstroemia","indica",15,"INST","SC",5,FALSE,TRUE,FALSE,FALSE,FALSE,FALSE,FALSE,TRUE,FALSE,FALSE,FALSE,"None","N/A","None",FALSE,FALSE,FALSE,FALSE,TRUE,FALSE,FALSE,1,2,4,2,0,5,FALSE,"0",2023
"6/13/2023","LAIN-040","Duke","Lagerstroemia","indica",11.9,"INST","SC",5,FALSE,TRUE,FALSE,FALSE,FALSE,FALSE,FALSE,TRUE,FALSE,FALSE,FALSE,"None","N/A","None",FALSE,FALSE,FALSE,FALSE,TRUE,FALSE,FALSE,2,1,1,1,0,5,FALSE,"0",2023
"6/13/2023","LAIN-039","Duke","Lagerstroemia","indica",10.7,"INST","SC",5,FALSE,TRUE,FALSE,FALSE,FALSE,FALSE,FALSE,TRUE,FALSE,FALSE,FALSE,"None","N/A","None",FALSE,FALSE,FALSE,FALSE,TRUE,FALSE,FALSE,2,1,2,1,0,5,FALSE,"0",2023
"6/13/2023","LAIN-038","Duke","Lagerstroemia","indica",15.5,"INST","SC",5,FALSE,TRUE,FALSE,FALSE,FALSE,FALSE,FALSE,TRUE,FALSE,FALSE,FALSE,"None","N/A","None",FALSE,FALSE,FALSE,FALSE,TRUE,FALSE,FALSE,2,1,1,1,0,5,FALSE,"0",2023
"6/13/2023","LAIN-041","Duke","Lagerstroemia","indica",11,"INST","SC",5,FALSE,TRUE,FALSE,FALSE,FALSE,FALSE,FALSE,TRUE,FALSE,FALSE,FALSE,"None","N/A","None",FALSE,FALSE,FALSE,FALSE,FALSE,TRUE,FALSE,2,1,1,1,0,5,FALSE,"0",2023
"6/13/2023","QUPH-034","Duke","Quercus","phellos",7.8,"INST","OM",2,TRUE,TRUE,FALSE,FALSE,FALSE,FALSE,FALSE,TRUE,FALSE,FALSE,FALSE,"Moderate","N/A","None",FALSE,FALSE,FALSE,FALSE,TRUE,FALSE,FALSE,2,2,1,2,0,5,FALSE,"0",2023
"6/19/2023","QUPH-034","Duke","Quercus","phellos",0,"INST","",NA,FALSE,FALSE,FALSE,FALSE,FALSE,FALSE,FALSE,FALSE,FALSE,FALSE,FALSE,"","","",FALSE,FALSE,FALSE,FALSE,FALSE,FALSE,FALSE,1,2,1,1,0,5,FALSE,"0",2023
"6/13/2023","QUPH-065","Duke","Quercus","phellos",39.7,"INST","OM",5,FALSE,TRUE,FALSE,FALSE,FALSE,FALSE,FALSE,TRUE,TRUE,FALSE,FALSE,"None","N/A","None",TRUE,FALSE,FALSE,FALSE,TRUE,FALSE,FALSE,1,1,1,1,0,2,FALSE,"0",2023
"6/15/2023","QUPH-076","Duke","Quercus","phellos",22.9,"INST","OM",3,FALSE,TRUE,FALSE,TRUE,FALSE,FALSE,FALSE,TRUE,FALSE,FALSE,FALSE,"None","recent","Lush",FALSE,FALSE,FALSE,FALSE,FALSE,FALSE,FALSE,2,1,1,1,0,5,FALSE,"0",2023
"6/15/2023","QUPH-075","Duke","Quercus","phellos",45,"INST","OM",4,FALSE,TRUE,FALSE,TRUE,FALSE,FALSE,FALSE,TRUE,FALSE,FALSE,FALSE,"Minimal","recent","Lush",FALSE,FALSE,TRUE,FALSE,TRUE,FALSE,FALSE,1,1,2,1,0,5,FALSE,"0",2023
"6/15/2023","ULPA-074","Duke","Ulmus","parvifolia",8.7,"INST","OM",2,FALSE,TRUE,FALSE,FALSE,FALSE,FALSE,FALSE,TRUE,FALSE,FALSE,FALSE,"Minimal","N/A","None",TRUE,FALSE,FALSE,FALSE,TRUE,FALSE,FALSE,5,1,11,4,0,4,FALSE,"0",2023
"6/13/2023","ULAM-046","Duke","Ulmus","americana",12.4,"INST","OM",2,FALSE,FALSE,FALSE,FALSE,FALSE,FALSE,FALSE,TRUE,FALSE,FALSE,FALSE,"None","old","Lush",FALSE,FALSE,FALSE,FALSE,TRUE,FALSE,FALSE,1,2,1,1,0,5,FALSE,"0",2023
"6/13/2023","ULAM-047","Duke","Ulmus","americana",16.8,"INST","OM",2,FALSE,TRUE,FALSE,FALSE,FALSE,FALSE,FALSE,TRUE,FALSE,FALSE,FALSE,"None","old","Lush",FALSE,FALSE,FALSE,FALSE,FALSE,FALSE,FALSE,2,2,1,1,0,5,FALSE,"0",2023
"6/19/2023","ULAM-170","Duke","Ulmus","americana",8.6,"INST","OH",5,FALSE,TRUE,FALSE,FALSE,FALSE,FALSE,FALSE,TRUE,FALSE,FALSE,FALSE,"None","N/A","None",FALSE,FALSE,FALSE,FALSE,TRUE,TRUE,FALSE,2,1,4,2,0,4,FALSE,"0",2023
"6/13/2023","ULAM-053","Duke","Ulmus","americana",8.1,"INST","SC",5,FALSE,TRUE,FALSE,FALSE,FALSE,FALSE,FALSE,TRUE,FALSE,FALSE,FALSE,"None","N/A","None",FALSE,FALSE,FALSE,FALSE,TRUE,FALSE,FALSE,3,2,3,3,0,4,FALSE,"0",2023
"6/13/2023","ULAM-056","Duke","Ulmus","americana",6.3,"INST","OH",5,FALSE,TRUE,FALSE,FALSE,FALSE,FALSE,FALSE,FALSE,FALSE,FALSE,FALSE,"None","N/A","None",FALSE,FALSE,FALSE,FALSE,TRUE,FALSE,FALSE,2,1,2,2,0,4,FALSE,"0",2023
"6/13/2023","ULAM-055","Duke","Ulmus","americana",8.3,"INST","OH",5,FALSE,TRUE,FALSE,FALSE,FALSE,FALSE,FALSE,TRUE,FALSE,FALSE,FALSE,"None","N/A","None",FALSE,FALSE,FALSE,FALSE,FALSE,FALSE,FALSE,1,2,4,2,0,4,FALSE,"0",2023
"6/13/2023","ULAM-057","Duke","Ulmus","americana",7.3,"INST","OH",5,FALSE,FALSE,FALSE,FALSE,FALSE,FALSE,FALSE,TRUE,FALSE,FALSE,FALSE,"None","N/A","None",FALSE,FALSE,FALSE,FALSE,TRUE,FALSE,FALSE,2,1,8,3,0,4,FALSE,"0",2023
"6/13/2023","ULAM-058","Duke","Ulmus","americana",7.8,"INST","OH",5,FALSE,FALSE,FALSE,FALSE,FALSE,FALSE,FALSE,TRUE,FALSE,FALSE,FALSE,"None","N/A","None",FALSE,FALSE,FALSE,FALSE,FALSE,FALSE,FALSE,2,1,2,1,0,4,FALSE,"0",2023
"7/4/2023","ACRU-192","Duke","Acer","rubrum",3.1,"INST","OM",3,FALSE,TRUE,FALSE,TRUE,TRUE,FALSE,TRUE,FALSE,FALSE,FALSE,FALSE,"Moderate","recent","Lush",FALSE,FALSE,FALSE,FALSE,TRUE,TRUE,FALSE,2,1,11,4,0,5,FALSE,"0",2023
"6/15/2023","CECA-085","Duke","Cercis","canadensis",1.8,"INST","OM",1,FALSE,FALSE,FALSE,TRUE,FALSE,FALSE,FALSE,TRUE,FALSE,FALSE,FALSE,"None","recent","Lush",FALSE,FALSE,FALSE,FALSE,TRUE,TRUE,FALSE,2,2,2,2,0,5,FALSE,"0",2023
"6/19/2023","CECA-184","Duke","Cercis","canadensis",5.8,"INST","OM",2,FALSE,TRUE,FALSE,TRUE,FALSE,FALSE,FALSE,TRUE,FALSE,FALSE,FALSE,"Minimal","old","Lush",FALSE,FALSE,FALSE,FALSE,TRUE,TRUE,TRUE,2,1,2,2,0,3,FALSE,"0",2023
"6/15/2023","CECA-087","Duke","Cercis","canadensis",3.5,"INST","OM",1,FALSE,FALSE,FALSE,TRUE,FALSE,FALSE,FALSE,TRUE,TRUE,FALSE,FALSE,"None","recent","Lush",FALSE,FALSE,FALSE,FALSE,TRUE,FALSE,FALSE,2,1,2,2,0,1,FALSE,"0",2023
"6/15/2023","CECA-088","Duke","Cercis","canadensis",5.8,"INST","OM",2,TRUE,FALSE,FALSE,TRUE,FALSE,FALSE,FALSE,TRUE,FALSE,FALSE,FALSE,"None","recent","Patchy but green",FALSE,FALSE,FALSE,FALSE,TRUE,FALSE,FALSE,2,2,2,2,0,2,FALSE,"0",2023
"6/19/2023","CECA-183","Duke","Cercis","canadensis",9.1,"INST","OM",2,FALSE,TRUE,FALSE,TRUE,FALSE,FALSE,FALSE,TRUE,FALSE,FALSE,FALSE,"Minimal","N/A","None",FALSE,FALSE,FALSE,FALSE,FALSE,TRUE,TRUE,2,1,3,2,0,3,FALSE,"0",2023
"6/15/2023","CECA-083","Duke","Cercis","canadensis",6.1,"INST","OM",3,TRUE,FALSE,FALSE,TRUE,FALSE,FALSE,FALSE,TRUE,FALSE,FALSE,FALSE,"None","N/A","None",FALSE,FALSE,FALSE,FALSE,TRUE,FALSE,FALSE,2,2,1,2,0,2,FALSE,"0",2023
"6/19/2023","CECA-178","Duke","Cercis","canadensis",2.3,"INST","OM",1,FALSE,FALSE,FALSE,TRUE,FALSE,FALSE,TRUE,TRUE,FALSE,FALSE,FALSE,"Minimal","recent","Patchy but green",FALSE,FALSE,FALSE,FALSE,TRUE,FALSE,FALSE,2,2,11,4,0,1,FALSE,"0",2023
"6/19/2023","CECA-182","Duke","Cercis","canadensis",5.9,"INST","OM",2,FALSE,TRUE,FALSE,TRUE,FALSE,FALSE,FALSE,TRUE,FALSE,FALSE,FALSE,"None","recent","Patchy but green",FALSE,FALSE,FALSE,FALSE,TRUE,TRUE,TRUE,2,1,6,3,0,3,FALSE,"0",2023
"6/15/2023","CECA-100","Duke","Cercis","canadensis",3.9,"INST","OM",3,FALSE,TRUE,FALSE,FALSE,FALSE,FALSE,FALSE,TRUE,TRUE,FALSE,FALSE,"None","recent","Lush",FALSE,FALSE,FALSE,FALSE,TRUE,TRUE,FALSE,2,2,1,2,0,2,FALSE,"0",2023
"6/15/2023","CECA-099","Duke","Cercis","canadensis",2.5,"INST","OM",3,FALSE,TRUE,FALSE,FALSE,FALSE,FALSE,FALSE,TRUE,FALSE,FALSE,FALSE,"None","recent","Lush",FALSE,FALSE,FALSE,FALSE,TRUE,TRUE,FALSE,2,2,2,2,0,2,FALSE,"0",2023
"6/19/2023","CECA-099","Duke","Cercis","canadensis",0,"INST","",NA,FALSE,FALSE,FALSE,FALSE,FALSE,FALSE,FALSE,FALSE,FALSE,FALSE,FALSE,"","","",FALSE,FALSE,FALSE,FALSE,FALSE,FALSE,FALSE,2,2,2,2,0,2,FALSE,"0",2023
"6/15/2023","CECA-101","Duke","Cercis","canadensis",8.3,"INST","OM",2,TRUE,FALSE,FALSE,FALSE,FALSE,FALSE,FALSE,TRUE,TRUE,FALSE,FALSE,"None","recent","Lush",TRUE,FALSE,FALSE,FALSE,TRUE,TRUE,FALSE,2,2,1,2,0,4,FALSE,"0",2023
"6/15/2023","CECA-093","Duke","Cercis","canadensis",6.6,"INST","OM",3,FALSE,TRUE,FALSE,FALSE,FALSE,FALSE,FALSE,TRUE,TRUE,FALSE,FALSE,"None","N/A","None",FALSE,FALSE,FALSE,FALSE,TRUE,FALSE,FALSE,1,1,3,1,0,4,FALSE,"0",2023
"6/19/2023","CECA-179","Duke","Cercis","canadensis",7.3,"INST","NAT",3,FALSE,TRUE,FALSE,FALSE,FALSE,FALSE,FALSE,FALSE,FALSE,FALSE,FALSE,"None","N/A","None",FALSE,FALSE,FALSE,FALSE,TRUE,FALSE,TRUE,2,2,2,2,0,5,FALSE,"0",2023
"6/15/2023","CECA-092","Duke","Cercis","canadensis",7.4,"INST","OM",3,FALSE,TRUE,FALSE,FALSE,FALSE,FALSE,FALSE,TRUE,TRUE,FALSE,FALSE,"None","N/A","None",FALSE,FALSE,FALSE,FALSE,TRUE,FALSE,FALSE,2,2,2,2,0,5,FALSE,"0",2023
"6/15/2023","CECA-091","Duke","Cercis","canadensis",7.9,"INST","OM",3,FALSE,TRUE,FALSE,FALSE,FALSE,FALSE,FALSE,TRUE,FALSE,FALSE,FALSE,"None","N/A","None",TRUE,FALSE,FALSE,FALSE,TRUE,TRUE,FALSE,2,2,2,2,0,5,FALSE,"0",2023
"6/19/2023","CECA-091","Duke","Cercis","canadensis",0,"INST","",NA,FALSE,FALSE,FALSE,FALSE,FALSE,FALSE,FALSE,FALSE,FALSE,FALSE,FALSE,"","","",FALSE,FALSE,FALSE,FALSE,FALSE,FALSE,FALSE,2,2,2,2,0,5,FALSE,"0",2023
"6/15/2023","CECA-090","Duke","Cercis","canadensis",5.5,"INST","NAT",1,FALSE,FALSE,FALSE,FALSE,FALSE,FALSE,FALSE,TRUE,TRUE,FALSE,FALSE,"None","N/A","None",TRUE,FALSE,FALSE,FALSE,FALSE,FALSE,FALSE,2,1,5,3,0,2,FALSE,"0",2023
"6/15/2023","CECA-089","Duke","Cercis","canadensis",7.5,"INST","OM",3,FALSE,TRUE,FALSE,FALSE,FALSE,FALSE,FALSE,TRUE,FALSE,FALSE,FALSE,"None","N/A","None",TRUE,FALSE,FALSE,FALSE,TRUE,FALSE,FALSE,2,1,1,1,0,5,FALSE,"0",2023
"6/19/2023","CECA-089","Duke","Cercis","canadensis",0,"INST","",NA,FALSE,FALSE,FALSE,FALSE,FALSE,FALSE,FALSE,FALSE,FALSE,FALSE,FALSE,"","","",FALSE,FALSE,FALSE,FALSE,FALSE,FALSE,FALSE,2,2,1,1,0,5,FALSE,"0",2023
"6/15/2023","CECA-082","Duke","Cercis","canadensis",6.3,"INST","OM",2,TRUE,FALSE,FALSE,TRUE,FALSE,FALSE,FALSE,TRUE,FALSE,FALSE,FALSE,"Minimal","N/A","None",FALSE,FALSE,FALSE,FALSE,FALSE,TRUE,FALSE,3,2,1,3,0,2,FALSE,"0",2023
"6/19/2023","CECA-181","Duke","Cercis","canadensis",2.3,"INST","OM",1,FALSE,FALSE,FALSE,TRUE,TRUE,FALSE,FALSE,TRUE,FALSE,FALSE,FALSE,"Minimal","N/A","None",FALSE,FALSE,FALSE,FALSE,TRUE,FALSE,FALSE,2,2,7,3,0,4,FALSE,"0",2023
"6/15/2023","CECA-098","Duke","Cercis","canadensis",6.8,"INST","OM",3,FALSE,TRUE,FALSE,FALSE,FALSE,FALSE,FALSE,TRUE,FALSE,FALSE,FALSE,"None","recent","Lush",FALSE,FALSE,FALSE,FALSE,TRUE,FALSE,FALSE,2,2,2,2,0,3,FALSE,"0",2023
"6/19/2023","CECA-174","Duke","Cercis","canadensis",3.8,"INST","OH",3,FALSE,TRUE,FALSE,TRUE,FALSE,FALSE,FALSE,TRUE,FALSE,FALSE,FALSE,"Moderate","N/A","Shrubs or herbaceous non-grass species",FALSE,FALSE,FALSE,FALSE,TRUE,FALSE,TRUE,4,1,20,4,0,4,FALSE,"0",2023
"6/15/2023","LAIN-094","Duke","Lagerstroemia","indica ",6.6,"INST","OM",1,FALSE,FALSE,FALSE,TRUE,FALSE,FALSE,FALSE,FALSE,FALSE,FALSE,FALSE,"None","N/A","None",FALSE,FALSE,FALSE,FALSE,FALSE,FALSE,FALSE,2,1,1,2,0,3,FALSE,"0",2023
"6/15/2023","LAIN-095","Duke","Lagerstroemia","indica",9.5,"INST","OM",1,FALSE,FALSE,FALSE,TRUE,FALSE,FALSE,FALSE,FALSE,FALSE,FALSE,FALSE,"None","N/A","None",FALSE,FALSE,FALSE,FALSE,TRUE,FALSE,FALSE,2,1,7,3,0,1,FALSE,"0",2023
"6/19/2023","QUPH-186","Duke","Quercus","phellos",31.2,"INST","OM",2,FALSE,TRUE,FALSE,FALSE,FALSE,FALSE,FALSE,TRUE,FALSE,FALSE,FALSE,"None","N/A","None",TRUE,FALSE,FALSE,FALSE,TRUE,FALSE,FALSE,1,1,3,1,0,4,FALSE,"0",2023
"6/19/2023","QUPH-180","Duke","Quercus","phellos",14.2,"INST","OM",3,TRUE,FALSE,FALSE,TRUE,FALSE,FALSE,FALSE,TRUE,FALSE,FALSE,FALSE,"None","recent","Patchy but green",FALSE,FALSE,FALSE,FALSE,TRUE,TRUE,TRUE,2,1,1,1,0,4,FALSE,"0",2023
"6/15/2023","QUPH-084","Duke","Quercus","phellos",37.8,"INST","OM",3,TRUE,FALSE,FALSE,TRUE,FALSE,FALSE,FALSE,TRUE,FALSE,FALSE,FALSE,"None","N/A","None",FALSE,FALSE,TRUE,TRUE,TRUE,FALSE,FALSE,2,1,2,1,0,5,FALSE,"0",2023
"6/19/2023","QUPH-176","Duke","Quercus","phellos",37.3,"INST","OM",1,FALSE,FALSE,FALSE,TRUE,FALSE,FALSE,FALSE,TRUE,FALSE,FALSE,FALSE,"Minimal","recent","Patchy but green",FALSE,TRUE,FALSE,FALSE,TRUE,TRUE,FALSE,2,1,3,2,0,3,FALSE,"0",2023
"6/19/2023","QUPH-177","Duke","Quercus","phellos",31.4,"INST","OM",2,FALSE,FALSE,FALSE,TRUE,FALSE,FALSE,FALSE,TRUE,TRUE,FALSE,FALSE,"Minimal","N/A","None",FALSE,FALSE,FALSE,FALSE,TRUE,FALSE,FALSE,1,1,2,1,0,2,FALSE,"0",2023
"6/15/2023","ULAM-081","Duke","Ulmus","americana",3,"INST","OM",2,TRUE,FALSE,FALSE,TRUE,FALSE,FALSE,FALSE,TRUE,TRUE,FALSE,TRUE,"None","recent","Dry/brown",FALSE,FALSE,FALSE,FALSE,FALSE,TRUE,FALSE,1,2,1,1,0,1,FALSE,"0",2023
"6/16/2023","CECA-155","Duke","Cercis","canadensis",7.3,"INST","OM",2,FALSE,FALSE,FALSE,FALSE,FALSE,FALSE,FALSE,TRUE,TRUE,FALSE,FALSE,"None","recent","Lush",TRUE,FALSE,FALSE,FALSE,TRUE,FALSE,FALSE,2,1,2,3,0,4,FALSE,"0",2023
"6/16/2023","LAIN-143","Duke","Lagerstroemia","indica",38.4,"INST","OM",3,FALSE,TRUE,FALSE,FALSE,FALSE,FALSE,FALSE,TRUE,FALSE,FALSE,FALSE,"None","N/A","None",FALSE,FALSE,FALSE,FALSE,FALSE,FALSE,FALSE,2,1,1,1,0,4,FALSE,"0",2023
"6/25/2023","QUPH-191","Duke","Quercus","phellos",23.9,"INST","SP",4,TRUE,TRUE,FALSE,TRUE,FALSE,FALSE,FALSE,TRUE,FALSE,FALSE,FALSE,"None","N/A","None",FALSE,FALSE,FALSE,TRUE,TRUE,FALSE,TRUE,2,1,1,1,0,5,FALSE,"0",2023
"6/16/2023","QUPH-147","Duke","Quercus","phellos",25.3,"INST","OM",4,FALSE,TRUE,FALSE,FALSE,FALSE,FALSE,FALSE,TRUE,FALSE,FALSE,FALSE,"None","N/A","None",TRUE,FALSE,FALSE,FALSE,TRUE,FALSE,TRUE,2,1,2,1,0,5,FALSE,"0",2023
"6/16/2023","QUPH-145","Duke","Quercus","phellos",23.2,"INST","SC",5,FALSE,TRUE,FALSE,FALSE,FALSE,FALSE,FALSE,TRUE,TRUE,FALSE,FALSE,"None","N/A","None",TRUE,FALSE,FALSE,FALSE,TRUE,FALSE,FALSE,1,1,1,1,0,5,FALSE,"0",2023
"6/16/2023","QUPH-148","Duke","Quercus","phellos",24.2,"INST","OM",4,FALSE,TRUE,FALSE,TRUE,FALSE,FALSE,FALSE,FALSE,FALSE,FALSE,FALSE,"None","N/A","None",FALSE,FALSE,FALSE,TRUE,FALSE,FALSE,FALSE,2,1,1,1,0,3,FALSE,"0",2023
"6/19/2023","QUPH-148","Duke","Quercus","phellos",0,"INST","",NA,FALSE,FALSE,FALSE,FALSE,FALSE,FALSE,FALSE,FALSE,FALSE,FALSE,FALSE,"","","",FALSE,FALSE,FALSE,FALSE,FALSE,FALSE,FALSE,2,1,1,1,0,3,FALSE,"0",2023
"6/16/2023","QUPH-142","Duke","Quercus","phellos",22.8,"INST","OM",5,FALSE,TRUE,FALSE,FALSE,FALSE,FALSE,FALSE,TRUE,TRUE,FALSE,FALSE,"None","recent","Turf",TRUE,FALSE,TRUE,FALSE,TRUE,FALSE,TRUE,2,1,1,1,0,5,FALSE,"0",2023
"6/19/2023","QUPH-187","Duke","Quercus","phellos",26.1,"INST","SP",4,TRUE,TRUE,FALSE,FALSE,FALSE,FALSE,FALSE,TRUE,FALSE,FALSE,FALSE,"None","N/A","None",FALSE,FALSE,TRUE,TRUE,FALSE,FALSE,FALSE,1,1,1,1,0,4,FALSE,"0",2023
"6/16/2023","QUPH-144","Duke","Quercus","phellos",2.5,"INST","SC",3,FALSE,TRUE,FALSE,FALSE,FALSE,FALSE,FALSE,TRUE,FALSE,FALSE,FALSE,"None","N/A","None",FALSE,FALSE,FALSE,FALSE,FALSE,FALSE,FALSE,5,1,19,4,0,4,FALSE,"0",2023
"6/16/2023","QUPH-140","Duke","Quercus","phellos",10,"INST","OM",2,TRUE,FALSE,FALSE,TRUE,FALSE,FALSE,FALSE,TRUE,TRUE,FALSE,FALSE,"None","recent","Turf",FALSE,FALSE,FALSE,FALSE,FALSE,FALSE,FALSE,2,2,1,2,0,4,FALSE,"0",2023
"6/25/2023","QUPH-140","Duke","Quercus","phellos",0,"INST","",NA,FALSE,FALSE,FALSE,FALSE,FALSE,FALSE,FALSE,FALSE,FALSE,FALSE,FALSE,"","","",FALSE,FALSE,FALSE,FALSE,FALSE,FALSE,FALSE,2,2,1,2,0,4,FALSE,"0",2023
"6/16/2023","QUPH-141","Duke","Quercus","phellos",9.8,"INST","OM",1,FALSE,FALSE,FALSE,TRUE,FALSE,FALSE,FALSE,TRUE,TRUE,FALSE,FALSE,"None","recent","Turf",FALSE,FALSE,FALSE,FALSE,FALSE,FALSE,FALSE,1,1,1,1,0,5,FALSE,"0",2023
"6/16/2023","QUPH-149","Duke","Quercus","phellos",38.5,"INST","OM",3,TRUE,FALSE,FALSE,TRUE,FALSE,FALSE,FALSE,TRUE,TRUE,FALSE,FALSE,"None","N/A","None",FALSE,FALSE,TRUE,TRUE,TRUE,FALSE,FALSE,1,1,7,3,0,5,FALSE,"0",2023
"6/16/2023","QUPH-150","Duke","Quercus","phellos",36.5,"INST","OM",3,FALSE,TRUE,FALSE,FALSE,FALSE,FALSE,FALSE,TRUE,TRUE,FALSE,FALSE,"None","N/A","None",TRUE,FALSE,FALSE,FALSE,FALSE,TRUE,FALSE,1,1,3,1,0,5,FALSE,"0",2023
"6/16/2023","QUPH-154","Duke","Quercus","phellos",31.2,"INST","OM",4,TRUE,TRUE,FALSE,TRUE,FALSE,FALSE,FALSE,TRUE,FALSE,FALSE,FALSE,"None","N/A","None",FALSE,FALSE,FALSE,TRUE,TRUE,FALSE,FALSE,1,1,7,3,0,3,FALSE,"0",2023
"6/25/2023","QUPH-154","Duke","Quercus","phellos",0,"INST","",NA,FALSE,FALSE,FALSE,FALSE,FALSE,FALSE,FALSE,FALSE,FALSE,FALSE,FALSE,"","","",FALSE,FALSE,FALSE,FALSE,FALSE,FALSE,FALSE,2,1,7,3,0,2,FALSE,"0",2023
"6/16/2023","ULAM-152","Duke","Ulmus","americana",13.5,"INST","OM",1,FALSE,FALSE,FALSE,FALSE,FALSE,FALSE,FALSE,TRUE,FALSE,FALSE,FALSE,"None","N/A","Dry/brown",TRUE,FALSE,FALSE,FALSE,FALSE,FALSE,FALSE,4,2,1,4,0,4,FALSE,"0",2023
"6/16/2023","ULAM-139","Duke","Ulmus","americana",14.8,"INST","OM",3,FALSE,TRUE,FALSE,FALSE,FALSE,FALSE,FALSE,TRUE,TRUE,FALSE,TRUE,"Minimal","N/A","None",TRUE,FALSE,FALSE,FALSE,TRUE,FALSE,FALSE,1,2,1,2,0,4,FALSE,"0",2023
"6/16/2023","ULAM-138","Duke","Ulmus","americana",8.1,"INST","OM",2,TRUE,FALSE,FALSE,TRUE,TRUE,FALSE,FALSE,FALSE,FALSE,FALSE,FALSE,"None","recent","Dry/brown",TRUE,FALSE,FALSE,FALSE,TRUE,FALSE,FALSE,1,2,1,1,0,4,FALSE,"0",2023
"6/25/2023","ULAM-138","Duke","Ulmus","americana",0,"INST","",NA,FALSE,FALSE,FALSE,FALSE,FALSE,FALSE,FALSE,FALSE,FALSE,FALSE,FALSE,"","","",FALSE,FALSE,FALSE,FALSE,FALSE,FALSE,FALSE,1,2,1,1,0,4,FALSE,"0",2023
"6/16/2023","ULAM-137","Duke","Ulmus","americana",5.3,"INST","OM",1,FALSE,TRUE,FALSE,FALSE,FALSE,FALSE,FALSE,FALSE,FALSE,FALSE,FALSE,"None","recent","Patchy but green",FALSE,FALSE,FALSE,FALSE,TRUE,FALSE,FALSE,2,2,2,2,0,4,FALSE,"0",2023
"6/16/2023","ULPA-158","Duke","Ulmus","parvifolia",14.7,"INST","OM",2,FALSE,TRUE,FALSE,TRUE,FALSE,FALSE,FALSE,TRUE,FALSE,FALSE,FALSE,"None","N/A","None",TRUE,FALSE,FALSE,FALSE,TRUE,FALSE,FALSE,2,1,3,2,0,5,FALSE,"0",2023
"6/16/2023","ULPA-157","Duke","Ulmus","parvifolia",13.2,"INST","OM",2,FALSE,TRUE,FALSE,FALSE,FALSE,FALSE,FALSE,TRUE,FALSE,FALSE,FALSE,"None","N/A","None",TRUE,FALSE,FALSE,FALSE,TRUE,FALSE,FALSE,2,1,2,1,0,4,FALSE,"0",2023
"6/16/2023","ULPA-156","Duke","Ulmus","parvifolia",8.5,"INST","OM",2,FALSE,TRUE,FALSE,TRUE,FALSE,FALSE,FALSE,TRUE,TRUE,FALSE,FALSE,"None","N/A","None",FALSE,FALSE,FALSE,FALSE,FALSE,FALSE,FALSE,1,1,1,1,0,3,FALSE,"0",2023
"6/16/2023","ULPA-159","Duke","Ulmus","parvifolia",10.5,"INST","OM",2,FALSE,FALSE,FALSE,TRUE,FALSE,FALSE,FALSE,TRUE,TRUE,FALSE,FALSE,"None","recent","Patchy but green",TRUE,FALSE,FALSE,FALSE,TRUE,FALSE,FALSE,2,1,2,2,0,4,FALSE,"0",2023
"6/15/2023","ACRU-108","Duke","Acer","rubrum",6.1,"INST","OM",2,FALSE,FALSE,FALSE,TRUE,FALSE,FALSE,FALSE,TRUE,FALSE,FALSE,FALSE,"Moderate","N/A","None",FALSE,FALSE,FALSE,FALSE,FALSE,FALSE,FALSE,2,1,1,1,0,4,FALSE,"0",2023
"6/15/2023","ACRU-109","Duke","Acer","rubrum",6.8,"INST","OM",3,FALSE,FALSE,FALSE,FALSE,FALSE,FALSE,FALSE,TRUE,FALSE,FALSE,FALSE,"Extensive","N/A","None",FALSE,FALSE,FALSE,FALSE,FALSE,FALSE,FALSE,2,1,1,1,0,4,FALSE,"0",2023
"6/13/2023","ACRU-033","Duke","Acer","rubrum",10,"INST","OM",3,FALSE,TRUE,FALSE,FALSE,FALSE,FALSE,FALSE,TRUE,TRUE,FALSE,FALSE,"Minimal","recent","Lush",FALSE,FALSE,TRUE,FALSE,TRUE,FALSE,FALSE,3,1,1,3,0,4,FALSE,"0",2023
"6/15/2023","ACRU-072","Duke","Acer","rubrum",8.1,"INST","OM",3,FALSE,TRUE,FALSE,TRUE,FALSE,FALSE,FALSE,TRUE,FALSE,FALSE,FALSE,"None","recent","Patchy but green",FALSE,FALSE,FALSE,FALSE,TRUE,FALSE,FALSE,3,1,3,3,0,5,FALSE,"0",2023
"6/15/2023","ACRU-073","Duke","Acer","rubrum",8.9,"INST","OM",3,FALSE,TRUE,FALSE,FALSE,FALSE,FALSE,FALSE,TRUE,FALSE,FALSE,FALSE,"None","recent","Lush",TRUE,FALSE,FALSE,FALSE,TRUE,TRUE,FALSE,5,1,11,3,0,5,FALSE,"0",2023
"6/12/2023","ACRU-028","Duke","Acer","rubrum",9.5,"INST","OM",2,FALSE,TRUE,FALSE,FALSE,FALSE,FALSE,FALSE,TRUE,FALSE,FALSE,FALSE,"Minimal","recent","Patchy but green",TRUE,FALSE,FALSE,FALSE,TRUE,FALSE,FALSE,5,1,6,4,0,4,FALSE,"0",2023
"6/6/2023","ACRU-001","Duke","Acer","rubrum",10.7,"INST","OM",2,FALSE,TRUE,FALSE,TRUE,FALSE,FALSE,FALSE,TRUE,FALSE,FALSE,FALSE,"Minimal","recent","Patchy but green",FALSE,FALSE,FALSE,FALSE,TRUE,FALSE,FALSE,1,2,1,2,0,3,FALSE,"0",2023
"6/6/2023","ACRU-009","Duke","Acer","rubrum",14.7,"INST","OM",5,FALSE,TRUE,FALSE,FALSE,FALSE,FALSE,FALSE,TRUE,TRUE,FALSE,FALSE,"Minimal","old","Lush",TRUE,FALSE,FALSE,FALSE,TRUE,FALSE,FALSE,3,1,4,3,0,4,FALSE,"0",2023
"6/12/2023","ACRU-011","Duke","Acer","rubrum",15.5,"INST","OM",2,TRUE,TRUE,FALSE,TRUE,TRUE,FALSE,FALSE,TRUE,FALSE,FALSE,FALSE,"Minimal","N/A","None",FALSE,FALSE,FALSE,FALSE,TRUE,TRUE,FALSE,2,1,2,2,0,4,FALSE,"0",2023
"6/12/2023","ACRU-029","Duke","Acer","rubrum",8.5,"INST","SC",2,FALSE,TRUE,FALSE,TRUE,FALSE,FALSE,FALSE,TRUE,FALSE,FALSE,TRUE,"Minimal","N/A","None",FALSE,FALSE,FALSE,FALSE,FALSE,FALSE,FALSE,2,1,1,1,0,4,FALSE,"0",2023
"6/13/2023","ACRU-030","Duke","Acer","rubrum",9.8,"INST","OH",3,FALSE,TRUE,FALSE,FALSE,FALSE,FALSE,FALSE,TRUE,FALSE,FALSE,FALSE,"Minimal","N/A","None",FALSE,FALSE,FALSE,FALSE,FALSE,FALSE,FALSE,1,1,1,1,0,3,FALSE,"0",2023
"6/13/2023","ACRU-031","Duke","Acer","rubrum",8.5,"INST","OM",1,FALSE,FALSE,FALSE,FALSE,FALSE,FALSE,FALSE,TRUE,FALSE,FALSE,FALSE,"Minimal","N/A","None",FALSE,FALSE,FALSE,FALSE,FALSE,TRUE,FALSE,2,1,2,2,0,3,FALSE,"0",2023
"6/19/2023","ACRU-162","Duke","Acer","rubrum",5.3,"INST","NAT",1,FALSE,FALSE,FALSE,FALSE,FALSE,FALSE,FALSE,FALSE,FALSE,FALSE,FALSE,"None","potentially never","Shrubs or herbaceous non-grass species",FALSE,FALSE,FALSE,FALSE,TRUE,FALSE,FALSE,2,1,1,2,0,5,FALSE,"0",2023
"6/6/2023","ACRU-008","Duke","Acer","rubrum",10.6,"INST","OM",2,FALSE,TRUE,FALSE,FALSE,FALSE,FALSE,FALSE,TRUE,FALSE,FALSE,FALSE,"Extensive","N/A","None",FALSE,FALSE,FALSE,FALSE,FALSE,FALSE,FALSE,1,2,2,1,0,3,FALSE,"0",2023
"6/12/2023","ACRU-017","Duke","Acer","rubrum",8.8,"INST","NAT",1,FALSE,FALSE,FALSE,FALSE,FALSE,FALSE,FALSE,TRUE,FALSE,FALSE,FALSE,"Moderate","N/A","None",FALSE,FALSE,FALSE,FALSE,FALSE,FALSE,FALSE,2,1,6,2,0,1,FALSE,"0",2023
"6/12/2023","ACRU-018","Duke","Acer","rubrum",3.2,"INST","NAT",1,FALSE,FALSE,FALSE,FALSE,FALSE,FALSE,FALSE,TRUE,FALSE,FALSE,FALSE,"Moderate","N/A","None",FALSE,FALSE,FALSE,FALSE,TRUE,FALSE,FALSE,2,2,8,3,0,0,FALSE,"0",2023
"6/12/2023","ACRU-019","Duke","Acer","rubrum",7.1,"INST","NAT",1,FALSE,FALSE,FALSE,FALSE,FALSE,FALSE,FALSE,TRUE,FALSE,FALSE,FALSE,"Moderate","N/A","None",FALSE,FALSE,FALSE,FALSE,TRUE,FALSE,FALSE,2,2,6,3,0,1,FALSE,"0",2023
"6/19/2023","QUPH-167","Duke","Quercus","phellos",3.3,"INST","OM",1,FALSE,FALSE,FALSE,TRUE,FALSE,FALSE,FALSE,FALSE,FALSE,FALSE,FALSE,"Extensive","N/A","Shrubs or herbaceous non-grass species",FALSE,FALSE,FALSE,FALSE,FALSE,FALSE,TRUE,1,2,1,2,0,4,FALSE,"0",2023
"6/19/2023","CECA-185","Duke","Cercis","canadensis",4.6,"INST","OM",3,FALSE,TRUE,FALSE,FALSE,FALSE,FALSE,FALSE,TRUE,FALSE,FALSE,FALSE,"Minimal","recent","Dry/brown",FALSE,FALSE,FALSE,FALSE,TRUE,FALSE,TRUE,2,2,1,2,0,2,FALSE,"0",2023
"6/19/2023","ACRU-163","Duke","Acer","rubrum",6.8,"INST","NAT",1,FALSE,TRUE,FALSE,FALSE,FALSE,FALSE,FALSE,TRUE,FALSE,FALSE,FALSE,"Minimal","N/A","None",FALSE,FALSE,FALSE,FALSE,TRUE,FALSE,FALSE,2,2,1,2,0,1,FALSE,"0",2023
"6/12/2023","LAIN-010","Duke","Lagerstroemia","indica",25.6,"INST","OM",4,TRUE,TRUE,FALSE,TRUE,TRUE,FALSE,FALSE,TRUE,FALSE,FALSE,FALSE,"Minimal","N/A","None",FALSE,FALSE,FALSE,FALSE,TRUE,FALSE,FALSE,2,1,2,1,0,3,FALSE,"0",2023
"6/15/2023","QUPH-119","Duke","Quercus","phellos",13.4,"INST","OM",3,FALSE,TRUE,FALSE,FALSE,FALSE,FALSE,FALSE,TRUE,TRUE,FALSE,FALSE,"None","recent","Lush",TRUE,FALSE,FALSE,FALSE,FALSE,FALSE,FALSE,2,1,1,1,0,5,FALSE,"0",2023
"6/19/2023","QUPH-166","Duke","Quercus","phellos",5.1,"INST","SC",5,TRUE,TRUE,FALSE,TRUE,TRUE,FALSE,FALSE,TRUE,FALSE,FALSE,FALSE,"None","N/A","None",FALSE,FALSE,TRUE,FALSE,TRUE,FALSE,FALSE,5,1,6,4,0,4,FALSE,"0",2023
"6/13/2023","ULAM-032","Duke","Ulmus","americana",21.8,"INST","OM",3,FALSE,TRUE,FALSE,FALSE,FALSE,FALSE,FALSE,TRUE,TRUE,FALSE,FALSE,"Minimal","N/A","None",FALSE,FALSE,TRUE,TRUE,TRUE,FALSE,FALSE,1,2,4,3,0,2,FALSE,"0",2023
"6/15/2023","ULPA-112","Duke","Ulmus","parvifolia",14.4,"INST","OM",3,FALSE,TRUE,FALSE,TRUE,FALSE,FALSE,FALSE,TRUE,FALSE,FALSE,FALSE,"None","recent","Lush",FALSE,FALSE,FALSE,FALSE,TRUE,FALSE,FALSE,1,1,1,1,0,4,FALSE,"0",2023
"6/15/2023","ULPA-114","Duke","Ulmus","parvifolia",10.5,"INST","OM",5,FALSE,TRUE,FALSE,FALSE,FALSE,FALSE,FALSE,TRUE,FALSE,FALSE,FALSE,"Moderate","N/A","None",FALSE,FALSE,FALSE,FALSE,FALSE,FALSE,FALSE,2,1,1,2,0,4,FALSE,"0",2023
"6/15/2023","ULPA-113","Duke","Ulmus","parvifolia",10.9,"INST","OM",5,FALSE,TRUE,FALSE,FALSE,FALSE,FALSE,FALSE,TRUE,FALSE,FALSE,FALSE,"Minimal","N/A","None",FALSE,FALSE,FALSE,FALSE,TRUE,FALSE,FALSE,1,1,1,1,0,4,FALSE,"0",2023
"6/20/2023","ULPA-113","Duke","Ulmus","parvifolia",0,"INST","",NA,FALSE,FALSE,FALSE,FALSE,FALSE,FALSE,FALSE,FALSE,FALSE,FALSE,FALSE,"","","",FALSE,FALSE,FALSE,FALSE,FALSE,FALSE,FALSE,1,1,1,1,0,4,FALSE,"0",2023
"6/19/2023","ULAM- 164","Duke","Ulmus","americana",18.3,"INST","OM",3,FALSE,TRUE,FALSE,TRUE,TRUE,FALSE,FALSE,TRUE,FALSE,FALSE,FALSE,"None","recent","Patchy but green",FALSE,FALSE,FALSE,TRUE,TRUE,TRUE,FALSE,2,2,8,4,0,4,FALSE,"0",2023
"6/15/2023","ULPA-117","Duke","Ulmus","parvifolia",10.8,"INST","OM",3,FALSE,TRUE,FALSE,TRUE,FALSE,FALSE,FALSE,TRUE,FALSE,FALSE,FALSE,"None","recent","Patchy but green",FALSE,FALSE,FALSE,FALSE,TRUE,FALSE,FALSE,2,1,2,2,0,3,FALSE,"0",2023
"6/15/2023","ULPA-116","Duke","Ulmus","parvifolia",10.1,"INST","OM",3,FALSE,TRUE,FALSE,TRUE,FALSE,FALSE,FALSE,TRUE,FALSE,FALSE,FALSE,"None","recent","Dry/brown",FALSE,FALSE,FALSE,FALSE,TRUE,FALSE,FALSE,2,1,7,3,0,2,FALSE,"0",2023
"6/15/2023","ULPA-115","Duke","Ulmus","parvifolia",10.2,"INST","OM",2,FALSE,TRUE,FALSE,TRUE,FALSE,FALSE,FALSE,TRUE,FALSE,FALSE,FALSE,"None","recent","Dry/brown",FALSE,FALSE,FALSE,FALSE,TRUE,FALSE,FALSE,1,1,2,1,0,3,FALSE,"0",2023
"6/20/2023","ULPA-115","Duke","Ulmus","parvifolia",0,"INST","",NA,FALSE,FALSE,FALSE,FALSE,FALSE,FALSE,FALSE,FALSE,FALSE,FALSE,FALSE,"","","",FALSE,FALSE,FALSE,FALSE,FALSE,FALSE,FALSE,1,1,1,1,0,3,FALSE,"0",2023
"6/12/2023","ULPA-016","Duke","Ulmus","parvifolia",4.2,"INST","PB",5,FALSE,FALSE,FALSE,FALSE,FALSE,FALSE,FALSE,TRUE,FALSE,FALSE,FALSE,"Minimal","N/A","None",FALSE,FALSE,FALSE,FALSE,TRUE,FALSE,FALSE,2,1,9,3,0,4,FALSE,"0",2023
"6/12/2023","ULPA-015","Duke","Ulmus","parvifolia",3.9,"INST","PB",5,FALSE,FALSE,FALSE,FALSE,FALSE,FALSE,FALSE,TRUE,FALSE,FALSE,FALSE,"Minimal","N/A","None",FALSE,FALSE,FALSE,FALSE,TRUE,FALSE,FALSE,2,1,8,3,0,5,FALSE,"0",2023
"6/12/2023","ULPA-014","Duke","Ulmus","parvifolia",3.6,"INST","PB",5,FALSE,FALSE,FALSE,FALSE,FALSE,FALSE,FALSE,TRUE,FALSE,FALSE,FALSE,"Minimal","N/A","None",FALSE,FALSE,FALSE,FALSE,TRUE,FALSE,FALSE,2,1,9,4,0,4,FALSE,"0",2023
"6/19/2023","ULPA-014","Duke","Ulmus","parvifolia",0,"INST","",NA,FALSE,FALSE,FALSE,FALSE,FALSE,FALSE,FALSE,FALSE,FALSE,FALSE,FALSE,"","","",FALSE,FALSE,FALSE,FALSE,FALSE,FALSE,FALSE,2,1,8,4,0,4,FALSE,"0",2023
"6/12/2023","ULPA-013","Duke","Ulmus","parvifolia",3.7,"INST","PB",5,FALSE,FALSE,FALSE,FALSE,FALSE,FALSE,FALSE,TRUE,FALSE,FALSE,FALSE,"Minimal","N/A","None",FALSE,FALSE,FALSE,FALSE,TRUE,FALSE,FALSE,2,1,8,3,0,5,FALSE,"0",2023
"6/12/2023","ULPA-012","Duke","Ulmus","parvifolia",3.9,"INST","PB",5,FALSE,FALSE,FALSE,FALSE,FALSE,FALSE,FALSE,TRUE,TRUE,FALSE,FALSE,"Minimal","N/A","None",TRUE,FALSE,FALSE,FALSE,TRUE,FALSE,FALSE,2,1,8,3,0,4,FALSE,"0",2023
"6/6/2023","ULPA-003","Duke","Ulmus","parvifolia",11,"INST","OM",2,FALSE,TRUE,FALSE,TRUE,FALSE,FALSE,FALSE,TRUE,FALSE,FALSE,FALSE,"Minimal","recent","Lush",FALSE,FALSE,FALSE,FALSE,TRUE,FALSE,FALSE,1,1,2,1,0,2,FALSE,"0",2023
"6/19/2023","ULPA-003","Duke","Ulmus","parvifolia",0,"INST","",NA,FALSE,FALSE,FALSE,FALSE,FALSE,FALSE,FALSE,FALSE,FALSE,FALSE,FALSE,"","","",FALSE,FALSE,FALSE,FALSE,FALSE,FALSE,FALSE,2,1,2,1,0,2,FALSE,"0",2023
"6/6/2023","ULPA-005","Duke","Ulmus","parvifolia",12.05,"INST","OM",2,FALSE,TRUE,FALSE,TRUE,FALSE,FALSE,FALSE,TRUE,FALSE,FALSE,TRUE,"Minimal","recent","Lush",FALSE,FALSE,FALSE,FALSE,TRUE,TRUE,FALSE,2,2,2,2,0,3,FALSE,"0",2023
"6/6/2023","ULPA-004","Duke","Ulmus","parvifolia",10.3,"INST","OM",2,FALSE,TRUE,FALSE,TRUE,FALSE,FALSE,FALSE,TRUE,FALSE,FALSE,FALSE,"Minimal","recent","Lush",FALSE,FALSE,FALSE,FALSE,TRUE,FALSE,FALSE,2,1,2,2,0,2,FALSE,"0",2023
"6/6/2023","ULPA-006","Duke","Ulmus","parvifolia",10.1,"INST","OM",2,FALSE,TRUE,FALSE,TRUE,FALSE,FALSE,FALSE,TRUE,FALSE,FALSE,FALSE,"Minimal","recent","Lush",TRUE,FALSE,FALSE,FALSE,TRUE,TRUE,FALSE,1,1,2,1,0,2,FALSE,"0",2023
"6/6/2023","ULPA-002","Duke","Ulmus","parvifolia",10.4,"INST","OM",2,FALSE,TRUE,FALSE,TRUE,FALSE,FALSE,FALSE,TRUE,FALSE,FALSE,FALSE,"Minimal","recent","Lush",FALSE,FALSE,FALSE,FALSE,FALSE,FALSE,FALSE,1,1,2,2,0,3,FALSE,"0",2023
"6/19/2023","ULPA-002","Duke","Ulmus","parvifolia",0,"INST","",NA,FALSE,FALSE,FALSE,FALSE,FALSE,FALSE,FALSE,FALSE,FALSE,FALSE,FALSE,"","","",FALSE,FALSE,FALSE,FALSE,FALSE,FALSE,FALSE,2,1,1,1,0,3,FALSE,"0",2023
"6/6/2023","ULPA-007","Duke","Ulmus","parvifolia",10,"INST","OM",2,FALSE,TRUE,FALSE,TRUE,FALSE,FALSE,FALSE,TRUE,FALSE,FALSE,FALSE,"Minimal","recent","Lush",FALSE,FALSE,FALSE,FALSE,TRUE,FALSE,FALSE,1,1,1,1,0,1,FALSE,"0",2023
"6/19/2023","ULPA-172","Duke","Ulmus","parvifolia",11.3,"INST","OM",5,FALSE,TRUE,FALSE,FALSE,FALSE,FALSE,FALSE,TRUE,FALSE,FALSE,FALSE,"Moderate","N/A","Shrubs or herbaceous non-grass species",FALSE,FALSE,FALSE,FALSE,TRUE,TRUE,FALSE,2,1,1,1,0,3,FALSE,"0",2023
"6/19/2023","ULPA-160","Duke","Ulmus","parvifolia",8.4,"INST","OM",3,FALSE,TRUE,FALSE,FALSE,FALSE,FALSE,FALSE,TRUE,FALSE,FALSE,FALSE,"None","N/A","None",FALSE,FALSE,FALSE,FALSE,TRUE,FALSE,FALSE,1,1,1,1,0,3,FALSE,"0",2023
"6/19/2023","ULPA-161","Duke","Ulmus","parvifolia",3.1,"INST","NAT",1,FALSE,FALSE,FALSE,FALSE,FALSE,FALSE,FALSE,FALSE,FALSE,FALSE,FALSE,"None","potentially never","Shrubs or herbaceous non-grass species",FALSE,FALSE,FALSE,FALSE,TRUE,FALSE,FALSE,2,2,3,2,0,5,FALSE,"0",2023
"6/15/2023","ACRU-111","Duke","Acer","rubrum",8.6,"INST","OM",3,FALSE,FALSE,FALSE,TRUE,FALSE,FALSE,FALSE,TRUE,FALSE,FALSE,FALSE,"None","recent","Dry/brown",FALSE,FALSE,FALSE,FALSE,TRUE,FALSE,FALSE,2,1,1,1,0,1,FALSE,"0",2023
"6/19/2023","CECA-175","Duke","Cercis","canadensis",2.6,"INST","OM",1,FALSE,TRUE,FALSE,TRUE,TRUE,FALSE,FALSE,TRUE,FALSE,FALSE,FALSE,"None","recent","Lush",FALSE,FALSE,FALSE,FALSE,TRUE,FALSE,FALSE,2,1,17,4,0,5,FALSE,"0",2023
"6/15/2023","LAIN-106","Duke","Lagerstroemia","indica",18.5,"INST","OM",2,FALSE,TRUE,FALSE,TRUE,FALSE,FALSE,FALSE,TRUE,FALSE,FALSE,FALSE,"Extensive","recent","Lush",FALSE,FALSE,FALSE,FALSE,TRUE,FALSE,FALSE,2,1,3,1,0,4,FALSE,"0",2023
"6/15/2023","LAIN-105","Duke","Lagerstroemia","indica",18.5,"INST","OM",2,FALSE,TRUE,FALSE,TRUE,FALSE,FALSE,FALSE,TRUE,FALSE,FALSE,FALSE,"Extensive","recent","Lush",FALSE,FALSE,FALSE,FALSE,TRUE,FALSE,FALSE,2,1,2,1,0,4,FALSE,"0",2023
"6/15/2023","QUPH-104","Duke","Quercus","phellos",10.6,"INST","OM",5,FALSE,TRUE,FALSE,FALSE,FALSE,FALSE,FALSE,TRUE,FALSE,FALSE,FALSE,"Extensive","recent","Lush",FALSE,FALSE,TRUE,FALSE,FALSE,FALSE,FALSE,2,1,1,2,0,5,FALSE,"0",2023
"6/13/2023","ACRU-048","Duke","Acer","rubrum",17.1,"INST","OM",4,TRUE,FALSE,FALSE,FALSE,FALSE,FALSE,FALSE,TRUE,FALSE,FALSE,FALSE,"None","N/A","None",TRUE,FALSE,FALSE,FALSE,TRUE,FALSE,FALSE,2,1,1,1,0,5,FALSE,"0",2023
"7/11/2023","WE-CECA-001","Park","Cercis","canadensis",1.3,"MP","NAT",1,FALSE,FALSE,FALSE,FALSE,FALSE,FALSE,FALSE,FALSE,FALSE,FALSE,FALSE,"None","N/A","None",FALSE,FALSE,FALSE,FALSE,FALSE,FALSE,FALSE,4,2,7,4,0,0,FALSE,"0",2023
"7/11/2023","WE-CECA-002","Park","Cercis","canadensis",3.5,"MP","NAT",1,FALSE,FALSE,FALSE,FALSE,FALSE,FALSE,FALSE,FALSE,FALSE,FALSE,FALSE,"None","N/A","None",FALSE,FALSE,FALSE,FALSE,FALSE,FALSE,TRUE,2,2,9,3,0,1,FALSE,"0",2023
"7/11/2023","WE-CECA-003","Park","Cercis","canadensis",7.6,"MP","NAT",1,FALSE,FALSE,FALSE,FALSE,FALSE,FALSE,FALSE,FALSE,FALSE,FALSE,FALSE,"None","N/A","None",FALSE,FALSE,FALSE,FALSE,FALSE,FALSE,TRUE,2,5,6,2,0,2,FALSE,"0",2023
"7/11/2023","WE-QUPH-004","Park","Quercus","phellos",5.7,"MP","NAT",1,FALSE,FALSE,FALSE,FALSE,FALSE,FALSE,FALSE,FALSE,FALSE,FALSE,FALSE,"None","N/A","None",FALSE,FALSE,FALSE,FALSE,FALSE,FALSE,FALSE,2,1,6,3,0,1,FALSE,"0",2023
"7/11/2023","WE-ACRU-005","Park","Acer","rubrum",7,"MP","NAT",1,FALSE,FALSE,FALSE,FALSE,FALSE,FALSE,FALSE,TRUE,FALSE,FALSE,FALSE,"None","N/A","None",FALSE,FALSE,FALSE,FALSE,TRUE,FALSE,FALSE,2,2,3,2,0,2,FALSE,"0",2023
"7/11/2023","WE-ULAM-006","Park","Ulmus","americana",9.8,"MP","OM",1,FALSE,FALSE,FALSE,FALSE,FALSE,FALSE,FALSE,TRUE,FALSE,FALSE,FALSE,"None","N/A","None",FALSE,FALSE,FALSE,FALSE,TRUE,FALSE,FALSE,5,1,4,4,0,3,FALSE,"0",2023
"7/11/2023","WE-QUPH-007","Park","Quercus","phellos",15.1,"MP","OM",1,FALSE,FALSE,FALSE,FALSE,FALSE,FALSE,FALSE,TRUE,TRUE,FALSE,FALSE,"None","N/A","None",FALSE,FALSE,FALSE,FALSE,FALSE,TRUE,FALSE,2,1,5,3,0,4,FALSE,"0",2023
"7/11/2023","WE-QUPH-008","Park","Quercus","phellos",6.8,"MP","OM",1,FALSE,FALSE,FALSE,FALSE,FALSE,FALSE,FALSE,FALSE,FALSE,FALSE,FALSE,"None","N/A","None",FALSE,FALSE,FALSE,FALSE,FALSE,FALSE,FALSE,2,1,3,1,0,3,FALSE,"0",2023
"7/11/2023","WE-LASPP-009","Park","Lagerstroemia","spp",19.3,"MP","OM",2,FALSE,TRUE,FALSE,FALSE,FALSE,FALSE,FALSE,TRUE,TRUE,FALSE,FALSE,"None","recent","Patchy but green",FALSE,FALSE,FALSE,FALSE,FALSE,FALSE,FALSE,2,1,4,2,0,2,FALSE,"0",2023
"7/11/2023","WE-QUPH-010","Park","Quercus","phellos",20.6,"MP","OM",2,FALSE,TRUE,FALSE,FALSE,FALSE,FALSE,FALSE,TRUE,FALSE,FALSE,FALSE,"None","N/A","None",TRUE,FALSE,FALSE,FALSE,FALSE,FALSE,FALSE,2,1,2,2,0,3,FALSE,"0",2023
"7/11/2023","WE-QUPH-011","Park","Quercus","phellos",27.7,"MP","OM",1,FALSE,FALSE,FALSE,FALSE,FALSE,FALSE,FALSE,TRUE,FALSE,FALSE,FALSE,"None","recent","Patchy but green",TRUE,TRUE,FALSE,FALSE,FALSE,FALSE,FALSE,1,1,2,1,0,4,FALSE,"0",2023
"7/11/2023","WE-ACRU-012","Park","Acer","rubrum",16.8,"MP","OM",1,FALSE,FALSE,FALSE,FALSE,FALSE,FALSE,FALSE,TRUE,FALSE,FALSE,FALSE,"None","recent","Lush",TRUE,FALSE,FALSE,FALSE,FALSE,TRUE,TRUE,2,1,3,2,0,4,FALSE,"0",2023
"7/11/2023","WE-ACRU-013","Park","Acer","rubrum",17.3,"MP","OM",1,FALSE,FALSE,FALSE,FALSE,FALSE,FALSE,FALSE,TRUE,FALSE,FALSE,FALSE,"None","recent","Lush",TRUE,FALSE,FALSE,FALSE,FALSE,FALSE,TRUE,2,1,9,3,0,3,FALSE,"0",2023
"7/11/2023","WE-QUPH-014","Park","Quercus","phellos",30,"MP","OM",3,FALSE,TRUE,FALSE,FALSE,FALSE,FALSE,FALSE,TRUE,TRUE,FALSE,FALSE,"None","recent","None",TRUE,FALSE,FALSE,FALSE,FALSE,FALSE,FALSE,1,1,2,1,0,3,FALSE,"0",2023
"7/11/2023","WE-LASPP-015","Park","Lagerstroemia","spp",13.8,"MP","FY",3,FALSE,TRUE,FALSE,FALSE,FALSE,FALSE,FALSE,TRUE,TRUE,FALSE,FALSE,"Moderate","recent","Lush",FALSE,FALSE,FALSE,FALSE,TRUE,FALSE,FALSE,2,1,2,1,0,2,FALSE,"0",2023
"7/11/2023","WE-CACA-016","Park","Lagerstroemia","spp",23.8,"MP","OM",2,FALSE,TRUE,FALSE,FALSE,FALSE,FALSE,FALSE,TRUE,FALSE,FALSE,FALSE,"None","recent","Lush",TRUE,FALSE,FALSE,FALSE,FALSE,FALSE,FALSE,2,1,7,3,0,2,FALSE,"0",2023
"7/11/2023","WE-LASPP-017","Park","Lagerstroemia","spp",21.6,"MP","OM",2,FALSE,TRUE,FALSE,FALSE,FALSE,FALSE,FALSE,TRUE,FALSE,FALSE,FALSE,"None","recent","Lush",TRUE,FALSE,FALSE,FALSE,FALSE,FALSE,FALSE,2,1,4,2,0,3,FALSE,"0",2023
"7/11/2023","WE-LASPP-018","Park","Lagerstroemia","spp",14.8,"MP","OM",2,FALSE,TRUE,FALSE,FALSE,FALSE,FALSE,FALSE,FALSE,FALSE,FALSE,FALSE,"None","recent","Lush",TRUE,FALSE,FALSE,FALSE,FALSE,FALSE,FALSE,2,1,11,4,0,1,FALSE,"0",2023
"7/11/2023","WE-ULAM-019","Park","Ulmus","americana",1.9,"MP","OM",1,TRUE,FALSE,FALSE,FALSE,FALSE,FALSE,FALSE,FALSE,FALSE,FALSE,FALSE,"None","N/A","None",FALSE,FALSE,FALSE,FALSE,FALSE,FALSE,FALSE,3,1,4,4,0,2,FALSE,"0",2023
"7/11/2023","WE-ULAM-020","Park","Ulmus","americana",1.2,"MP","OM",1,FALSE,FALSE,FALSE,FALSE,FALSE,FALSE,FALSE,FALSE,FALSE,FALSE,FALSE,"None","N/A","None",FALSE,FALSE,FALSE,FALSE,FALSE,FALSE,FALSE,5,2,4,4,0,1,FALSE,"0",2023
"7/11/2023","WE-QUPH-021","Park","Quercus","phellos",8,"MP","OM",1,FALSE,FALSE,FALSE,FALSE,FALSE,FALSE,FALSE,TRUE,FALSE,FALSE,FALSE,"None","N/A","None",FALSE,FALSE,FALSE,FALSE,FALSE,FALSE,FALSE,2,1,4,2,0,1,FALSE,"0",2023
"7/11/2023","WE-QUPH-022","Park","Quercus","phellos",9.4,"MP","OM",2,TRUE,FALSE,TRUE,FALSE,FALSE,FALSE,FALSE,TRUE,FALSE,FALSE,FALSE,"None","N/A","None",FALSE,FALSE,FALSE,FALSE,FALSE,FALSE,FALSE,1,1,3,1,0,5,FALSE,"0",2023
"7/11/2023","WE-QUPH-023","Park","Quercus","phellos",17.3,"MP","OM",2,TRUE,FALSE,FALSE,FALSE,FALSE,FALSE,FALSE,TRUE,FALSE,FALSE,FALSE,"None","N/A","None",FALSE,FALSE,FALSE,FALSE,TRUE,FALSE,FALSE,2,1,5,2,0,5,FALSE,"0",2023
"7/11/2023","WE-ULAM-024","Park","Ulmus","americana",4.5,"MP","OM",2,TRUE,FALSE,FALSE,FALSE,FALSE,FALSE,FALSE,TRUE,FALSE,FALSE,FALSE,"None","N/A","None",FALSE,FALSE,FALSE,FALSE,FALSE,FALSE,FALSE,4,1,2,4,0,1,FALSE,"0",2023
"7/11/2023","WE-ULAM-025","Park","Ulmus","americana",10.5,"MP","OM",2,TRUE,FALSE,TRUE,FALSE,FALSE,FALSE,FALSE,TRUE,FALSE,FALSE,FALSE,"None","N/A","None",FALSE,FALSE,FALSE,FALSE,FALSE,FALSE,FALSE,4,1,5,4,0,3,FALSE,"0",2023
"7/11/2023","WE-ULAM-026","Park","Ulmus","americana",5.6,"MP","OM",2,TRUE,FALSE,FALSE,FALSE,FALSE,FALSE,FALSE,TRUE,TRUE,FALSE,FALSE,"None","N/A","None",FALSE,FALSE,FALSE,FALSE,FALSE,FALSE,FALSE,3,1,2,3,0,2,FALSE,"0",2023
"7/11/2023","WE-ACRU-027","Park","Acer","rubrum",2.9,"MP","NAT",1,FALSE,FALSE,FALSE,FALSE,FALSE,FALSE,FALSE,FALSE,FALSE,FALSE,FALSE,"None","N/A","None",FALSE,FALSE,FALSE,FALSE,TRUE,FALSE,FALSE,2,2,2,2,0,0,FALSE,"0",2023
"7/11/2023","WE-QUPH-028","Park","Quercus","phellos",1.6,"MP","NAT",2,FALSE,TRUE,FALSE,FALSE,FALSE,FALSE,FALSE,TRUE,FALSE,FALSE,FALSE,"None","N/A","None",FALSE,FALSE,FALSE,FALSE,FALSE,FALSE,TRUE,2,1,2,1,0,2,FALSE,"0",2023
"7/11/2023","WE-ACRU-029","Park","Acer","rubrum",4.7,"MP","NAT",1,FALSE,FALSE,FALSE,FALSE,FALSE,FALSE,FALSE,TRUE,FALSE,TRUE,FALSE,"None","N/A","None",FALSE,FALSE,FALSE,FALSE,FALSE,FALSE,FALSE,2,2,2,2,0,1,FALSE,"0",2023
"7/11/2023","WE-ACRU-030","Park","Acer","rubrum",2.4,"MP","NAT",1,FALSE,FALSE,FALSE,FALSE,FALSE,FALSE,FALSE,TRUE,FALSE,FALSE,FALSE,"None","N/A","None",FALSE,FALSE,FALSE,FALSE,FALSE,FALSE,FALSE,2,2,6,3,0,1,FALSE,"0",2023
"7/11/2023","WE-ACRU-031","Park","Acer","rubrum",11.3,"MP","NAT",1,FALSE,FALSE,FALSE,FALSE,FALSE,FALSE,FALSE,FALSE,FALSE,FALSE,FALSE,"None","N/A","None",FALSE,FALSE,FALSE,FALSE,FALSE,FALSE,FALSE,2,2,5,2,0,3,FALSE,"0",2023
"7/11/2023","WE-ACRU-032","Park","Acer","rubrum",4.6,"MP","NAT",1,FALSE,FALSE,FALSE,FALSE,FALSE,FALSE,FALSE,TRUE,FALSE,FALSE,FALSE,"None","N/A","None",FALSE,FALSE,FALSE,FALSE,FALSE,FALSE,FALSE,2,2,6,3,0,2,FALSE,"0",2023
"7/11/2023","WE-ACRU-033","Park","Acer","rubrum",11.5,"MP","NAT",1,FALSE,FALSE,FALSE,FALSE,FALSE,FALSE,FALSE,TRUE,FALSE,FALSE,FALSE,"None","N/A","None",FALSE,FALSE,FALSE,FALSE,FALSE,FALSE,FALSE,2,1,2,1,0,3,FALSE,"0",2023
"7/11/2023","WE-CECA-034","Park","Cercis","canadensis",2.1,"MP","NAT",1,FALSE,FALSE,FALSE,FALSE,FALSE,FALSE,FALSE,TRUE,FALSE,FALSE,FALSE,"None","N/A","None",FALSE,FALSE,FALSE,FALSE,FALSE,FALSE,TRUE,1,2,9,3,0,1,FALSE,"0",2023
"7/11/2023","WE-CECA-035","Park","Cercis","canadensis",7.3,"MP","NAT",1,FALSE,FALSE,FALSE,FALSE,FALSE,FALSE,FALSE,FALSE,FALSE,FALSE,FALSE,"None","N/A","None",FALSE,FALSE,FALSE,FALSE,FALSE,FALSE,TRUE,2,2,12,4,0,2,FALSE,"0",2023
"7/11/2023","WE-ACRU-036","Park","Acer","rubrum",1.7,"MP","NAT",1,FALSE,FALSE,FALSE,FALSE,FALSE,FALSE,FALSE,FALSE,FALSE,FALSE,FALSE,"None","N/A","None",FALSE,FALSE,FALSE,FALSE,TRUE,FALSE,FALSE,2,2,2,1,0,1,FALSE,"0",2023
"7/11/2023","WE-ULAM-037","Park","Ulmus","americana",17.2,"MP","NAT",1,FALSE,FALSE,FALSE,FALSE,FALSE,FALSE,FALSE,TRUE,FALSE,FALSE,FALSE,"None","N/A","None",FALSE,FALSE,FALSE,FALSE,FALSE,FALSE,FALSE,2,2,2,2,0,3,FALSE,"0",2023
"7/11/2023","WE-LASPP-038","Park","Lagerstroemia","spp",20,"MP","NAT",1,FALSE,FALSE,FALSE,FALSE,FALSE,FALSE,FALSE,FALSE,FALSE,FALSE,FALSE,"None","recent","Lush",TRUE,FALSE,FALSE,FALSE,TRUE,FALSE,TRUE,3,2,2,3,0,5,FALSE,"0",2023
"7/11/2023","WE-LASPP-039","Park","Lagerstroemia","spp",8.1,"MP","NAT",1,FALSE,FALSE,FALSE,FALSE,FALSE,FALSE,FALSE,FALSE,FALSE,FALSE,FALSE,"None","old","Patchy but green",TRUE,FALSE,FALSE,FALSE,FALSE,FALSE,FALSE,3,1,3,4,0,3,FALSE,"0",2023
"7/11/2023","WE-LASPP-040","Park","Lagerstroemia","spp",7.7,"MP","NAT",1,FALSE,FALSE,FALSE,FALSE,FALSE,FALSE,FALSE,TRUE,FALSE,FALSE,FALSE,"None","N/A","None",FALSE,FALSE,FALSE,FALSE,TRUE,TRUE,FALSE,2,2,2,1,0,0,FALSE,"0",2023
"7/11/2023","WE-ULAM-041","Park","Ulmus","americana",11,"MP","NAT",1,FALSE,FALSE,FALSE,FALSE,FALSE,FALSE,FALSE,TRUE,FALSE,FALSE,FALSE,"None","N/A","None",FALSE,FALSE,FALSE,FALSE,FALSE,FALSE,FALSE,1,2,4,2,0,1,FALSE,"0",2023
"7/11/2023","WE-ULAM-042","Park","Ulmus","americana",17.5,"MP","NAT",1,FALSE,FALSE,FALSE,FALSE,FALSE,FALSE,FALSE,TRUE,FALSE,FALSE,FALSE,"None","N/A","None",FALSE,FALSE,FALSE,FALSE,FALSE,FALSE,FALSE,2,2,4,3,0,1,FALSE,"0",2023
"7/11/2023","WE-CECA-043","Park","Cercis","canadensis",5.5,"MP","NAT",1,FALSE,FALSE,FALSE,FALSE,FALSE,FALSE,FALSE,TRUE,TRUE,FALSE,FALSE,"None","N/A","None",FALSE,FALSE,FALSE,FALSE,TRUE,FALSE,FALSE,4,2,7,3,0,1,FALSE,"0",2023
"7/11/2023","WE-LASPP-044","Park","Lagerstroemia","spp",10.8,"MP","NAT",1,FALSE,FALSE,FALSE,FALSE,FALSE,FALSE,FALSE,FALSE,FALSE,FALSE,FALSE,"None","N/A","None",FALSE,FALSE,FALSE,FALSE,TRUE,TRUE,FALSE,3,1,3,3,0,1,FALSE,"0",2023
"7/11/2023","WE-LASPP-045","Park","Lagerstroemia","spp",10.6,"MP","NAT",1,FALSE,FALSE,FALSE,FALSE,FALSE,FALSE,FALSE,FALSE,FALSE,FALSE,FALSE,"None","recent","Lush",FALSE,FALSE,FALSE,FALSE,FALSE,FALSE,FALSE,4,1,2,4,0,3,FALSE,"0",2023
"7/11/2023","WE-ULAM-046","Park","Ulmus","americana",4.7,"MP","NAT",1,FALSE,FALSE,FALSE,FALSE,FALSE,FALSE,FALSE,FALSE,FALSE,FALSE,FALSE,"None","N/A","None",FALSE,FALSE,FALSE,FALSE,FALSE,FALSE,FALSE,2,2,2,2,0,1,FALSE,"0",2023
"7/11/2023","WE-CECA-047","Park","Cercis","canadensis",1.7,"MP","NAT",1,FALSE,FALSE,FALSE,FALSE,FALSE,FALSE,FALSE,TRUE,FALSE,FALSE,FALSE,"None","N/A","None",FALSE,FALSE,FALSE,FALSE,FALSE,FALSE,FALSE,4,2,9,4,0,0,FALSE,"0",2023
"7/11/2023","WE-CECA-048","Park","Cercis","canadensis",1.9,"MP","NAT",1,FALSE,FALSE,FALSE,FALSE,FALSE,FALSE,FALSE,TRUE,FALSE,FALSE,FALSE,"None","N/A","None",FALSE,FALSE,FALSE,FALSE,FALSE,FALSE,TRUE,2,1,6,3,0,1,FALSE,"0",2023
"7/11/2023","WE-CECA-049","Park","Cercis","canadensis",2.8,"MP","NAT",1,FALSE,FALSE,FALSE,FALSE,FALSE,FALSE,FALSE,TRUE,TRUE,FALSE,FALSE,"None","N/A","None",FALSE,FALSE,FALSE,FALSE,TRUE,FALSE,FALSE,2,2,3,2,0,1,FALSE,"0",2023
"7/11/2023","WE-CECA-050","Park","Cercis","canadensis",2.3,"MP","NAT",1,FALSE,FALSE,FALSE,FALSE,FALSE,FALSE,FALSE,FALSE,FALSE,FALSE,FALSE,"None","N/A","None",FALSE,FALSE,FALSE,FALSE,FALSE,TRUE,FALSE,2,2,3,3,0,0,FALSE,"0",2023
